company_id,prediction_date,target,event_type,prediction_year,outcome_end_date
SA_222,1998-06-18,1,bankruptcy,1998,1999-06-18
SA_187,1998-07-07,1,bankruptcy,1998,1999-07-07
SA_135,1998-09-28,1,bankruptcy,1998,1999-09-28
SA_26,1998-11-13,1,bankruptcy,1998,1999-11-13
SA_80,1998-12-15,1,bankruptcy,1998,1999-12-15
SA_134,1999-06-05,1,bankruptcy,1999,2000-06-05
SA_145,1999-08-06,1,bankruptcy,1999,2000-08-06
SA_75,1999-09-04,1,bankruptcy,1999,2000-09-04
SA_59,1999-10-20,1,bankruptcy,1999,2000-10-20
SA_130,2000-02-03,1,bankruptcy,2000,2001-02-03
SA_9,2000-05-10,1,bankruptcy,2000,2001-05-10
SA_51,2000-07-07,1,bankruptcy,2000,2001-07-07
SA_215,2000-08-11,1,bankruptcy,2000,2001-08-11
SA_280,2000-09-20,1,bankruptcy,2000,2001-09-20
SA_90,2000-09-30,1,bankruptcy,2000,2001-09-30
SA_143,2001-03-02,1,bankruptcy,2001,2002-03-02
SA_162,2001-07-03,1,bankruptcy,2001,2002-07-03
SA_220,2001-08-15,1,bankruptcy,2001,2002-08-15
SA_238,2001-08-17,1,bankruptcy,2001,2002-08-17
SA_10,2001-08-22,1,bankruptcy,2001,2002-08-22
SA_290,2001-09-06,1,bankruptcy,2001,2002-09-06
SA_84,2001-09-15,1,bankruptcy,2001,2002-09-15
SA_160,2001-10-18,1,bankruptcy,2001,2002-10-18
SA_77,2001-11-22,1,bankruptcy,2001,2002-11-22
SA_240,2001-12-06,1,bankruptcy,2001,2002-12-06
SA_3,2001-12-11,1,bankruptcy,2001,2002-12-11
SA_118,2002-02-19,1,bankruptcy,2002,2003-02-19
SA_308,2002-02-22,1,bankruptcy,2002,2003-02-22
SA_131,2002-03-05,1,bankruptcy,2002,2003-03-05
SA_36,2002-03-13,1,bankruptcy,2002,2003-03-13
SA_223,2002-06-05,1,bankruptcy,2002,2003-06-05
SA_45,2002-08-29,1,bankruptcy,2002,2003-08-29
SA_58,2002-09-21,1,bankruptcy,2002,2003-09-21
SA_271,2002-12-17,1,bankruptcy,2002,2003-12-17
SA_22,2002-12-21,1,bankruptcy,2002,2003-12-21
SA_166,2003-01-01,1,bankruptcy,2003,2004-01-01
SA_235,2003-02-05,1,bankruptcy,2003,2004-02-05
SA_178,2003-02-06,1,bankruptcy,2003,2004-02-06
SA_277,2003-02-14,1,bankruptcy,2003,2004-02-14
SA_140,2003-03-19,1,bankruptcy,2003,2004-03-19
SA_105,2003-03-29,1,bankruptcy,2003,2004-03-29
SA_203,2003-03-31,1,bankruptcy,2003,2004-03-31
SA_117,2003-05-22,1,bankruptcy,2003,2004-05-22
SA_68,2003-06-16,1,bankruptcy,2003,2004-06-16
SA_251,2003-06-26,1,bankruptcy,2003,2004-06-26
SA_47,2003-07-25,1,bankruptcy,2003,2004-07-25
SA_0,2003-11-06,1,bankruptcy,2003,2004-11-06
SA_268,2004-02-27,1,bankruptcy,2004,2005-02-27
SA_13,2004-07-07,1,bankruptcy,2004,2005-07-07
SA_70,2004-07-22,1,bankruptcy,2004,2005-07-22
SA_165,2004-07-28,1,bankruptcy,2004,2005-07-28
SA_287,2004-09-01,1,bankruptcy,2004,2005-09-01
SA_207,2004-11-02,1,bankruptcy,2004,2005-11-02
SA_182,2004-11-04,1,bankruptcy,2004,2005-11-04
SA_158,2004-12-07,1,bankruptcy,2004,2005-12-07
SA_88,2005-02-16,1,bankruptcy,2005,2006-02-16
SA_267,2005-06-16,1,bankruptcy,2005,2006-06-16
SA_5,2005-06-16,1,bankruptcy,2005,2006-06-16
SA_79,2005-08-09,1,bankruptcy,2005,2006-08-09
SA_190,2006-06-30,1,bankruptcy,2006,2007-06-30
SA_71,2006-09-12,1,bankruptcy,2006,2007-09-12
SA_49,2006-12-21,1,bankruptcy,2006,2007-12-21
SA_93,2007-08-21,1,bankruptcy,2007,2008-08-21
SA_39,2007-10-31,1,bankruptcy,2007,2008-10-31
SA_153,2008-08-08,1,bankruptcy,2008,2009-08-08
SA_211,2008-11-20,1,bankruptcy,2008,2009-11-20
SA_27,2008-11-23,1,bankruptcy,2008,2009-11-23
SA_171,2008-12-18,1,bankruptcy,2008,2009-12-18
SA_243,2008-12-27,1,bankruptcy,2008,2009-12-27
SA_309,2008-12-31,1,bankruptcy,2008,2009-12-31
SA_115,2009-01-19,1,bankruptcy,2009,2010-01-19
SA_7,2009-01-20,1,bankruptcy,2009,2010-01-20
SA_129,2009-02-27,1,bankruptcy,2009,2010-02-27
SA_202,2009-02-27,1,bankruptcy,2009,2010-02-27
SA_102,2009-04-08,1,bankruptcy,2009,2010-04-08
SA_248,2009-07-03,1,bankruptcy,2009,2010-07-03
SA_164,2009-08-17,1,bankruptcy,2009,2010-08-17
SA_40,2010-06-25,1,bankruptcy,2010,2011-06-25
SA_209,2011-02-23,1,bankruptcy,2011,2012-02-23
SA_307,2011-08-04,1,bankruptcy,2011,2012-08-04
SA_186,2011-08-09,1,bankruptcy,2011,2012-08-09
SA_274,2011-10-06,1,bankruptcy,2011,2012-10-06
SA_64,2011-11-16,1,bankruptcy,2011,2012-11-16
SA_113,2012-01-13,1,bankruptcy,2012,2013-01-13
SA_29,2012-05-19,1,bankruptcy,2012,2013-05-19
SA_65,2012-08-16,1,bankruptcy,2012,2013-08-16
SA_72,2012-10-30,1,bankruptcy,2012,2013-10-30
SA_74,2012-10-30,1,bankruptcy,2012,2013-10-30
SA_18,2013-01-08,1,bankruptcy,2013,2014-01-08
SA_205,2013-06-19,1,bankruptcy,2013,2014-06-19
SA_41,2013-12-23,1,bankruptcy,2013,2014-12-23
SA_137,2014-01-11,1,bankruptcy,2014,2015-01-11
SA_76,2014-11-07,1,bankruptcy,2014,2015-11-07
SA_191,2014-12-03,1,bankruptcy,2014,2015-12-03
SA_149,2014-12-12,1,bankruptcy,2014,2015-12-12
SA_6,2014-12-17,1,bankruptcy,2014,2015-12-17
SA_272,2015-03-27,1,bankruptcy,2015,2016-03-27
SA_44,2015-04-16,1,bankruptcy,2015,2016-04-16
SA_82,2015-04-16,1,bankruptcy,2015,2016-04-16
SA_221,2015-05-05,1,bankruptcy,2015,2016-05-05
SA_154,2015-05-15,1,bankruptcy,2015,2016-05-15
SA_276,2015-11-10,1,bankruptcy,2015,2016-11-10
SA_174,2015-11-27,1,bankruptcy,2015,2016-11-27
SA_55,2016-01-22,1,bankruptcy,2016,2017-01-22
SA_180,2016-02-02,1,bankruptcy,2016,2017-02-02
SA_224,2016-02-04,1,bankruptcy,2016,2017-02-04
SA_256,2016-02-15,1,bankruptcy,2016,2017-02-15
SA_282,2016-02-16,1,bankruptcy,2016,2017-02-16
SA_109,2016-03-09,1,bankruptcy,2016,2017-03-09
SA_304,2016-05-03,1,bankruptcy,2016,2017-05-03
SA_81,2016-06-18,1,bankruptcy,2016,2017-06-18
SA_236,2017-05-28,1,bankruptcy,2017,2018-05-28
SA_292,2017-09-15,1,bankruptcy,2017,2018-09-15
SA_62,2017-09-20,1,bankruptcy,2017,2018-09-20
SA_232,2017-10-17,1,bankruptcy,2017,2018-10-17
SA_151,2017-11-04,1,bankruptcy,2017,2018-11-04
SA_250,2017-12-12,1,bankruptcy,2017,2018-12-12
SA_46,2018-02-17,1,bankruptcy,2018,2019-02-17
SA_288,2018-07-17,1,bankruptcy,2018,2019-07-17
SA_112,2018-08-02,1,bankruptcy,2018,2019-08-02
SA_289,2018-11-27,1,bankruptcy,2018,2019-11-27
SA_69,2018-12-14,1,bankruptcy,2018,2019-12-14
SA_194,2019-01-01,1,bankruptcy,2019,2020-01-01
SA_227,2019-01-14,1,bankruptcy,2019,2020-01-14
SA_50,2019-02-09,1,bankruptcy,2019,2020-02-09
SA_193,2019-02-10,1,bankruptcy,2019,2020-02-10
SA_218,2019-03-20,1,bankruptcy,2019,2020-03-20
SA_241,2019-05-13,1,bankruptcy,2019,2020-05-13
SA_104,2019-07-05,1,bankruptcy,2019,2020-07-05
SA_2,2019-08-20,1,bankruptcy,2019,2020-08-20
SA_119,2019-10-23,1,bankruptcy,2019,2020-10-23
SA_252,2019-11-19,1,bankruptcy,2019,2020-11-19
SA_214,2019-12-11,1,bankruptcy,2019,2020-12-11
SA_262,2020-01-08,1,bankruptcy,2020,2021-01-08
SA_198,2020-02-18,1,bankruptcy,2020,2021-02-18
SA_56,2020-02-19,1,bankruptcy,2020,2021-02-19
SA_144,2020-02-20,1,bankruptcy,2020,2021-02-20
SA_31,2020-03-03,1,bankruptcy,2020,2021-03-03
SA_188,2020-03-17,1,bankruptcy,2020,2021-03-17
SA_231,2020-03-22,1,bankruptcy,2020,2021-03-22
SA_8,2020-03-25,1,bankruptcy,2020,2021-03-25
SA_286,2020-03-26,1,bankruptcy,2020,2021-03-26
SA_100,2020-03-31,1,bankruptcy,2020,2021-03-31
SA_95,2020-04-13,1,bankruptcy,2020,2021-04-13
SA_38,2020-04-27,1,bankruptcy,2020,2021-04-27
SA_226,2020-05-04,1,bankruptcy,2020,2021-05-04
SA_54,2021-06-02,1,bankruptcy,2021,2022-06-02
SA_11,2022-09-12,1,bankruptcy,2022,2023-09-12
SA_184,2024-05-08,1,bankruptcy,2024,2025-05-08
SA_156,2024-05-09,1,bankruptcy,2024,2025-05-09
SA_294,2024-05-11,1,bankruptcy,2024,2025-05-11
SA_303,2024-05-17,1,bankruptcy,2024,2025-05-17
SA_275,2024-05-22,1,bankruptcy,2024,2025-05-22
SA_200,2024-06-11,1,bankruptcy,2024,2025-06-11
SA_21,2024-06-19,1,bankruptcy,2024,2025-06-19
SA_24,2024-06-19,1,bankruptcy,2024,2025-06-19
SA_48,2024-06-20,1,bankruptcy,2024,2025-06-20
SA_60,2024-06-20,1,bankruptcy,2024,2025-06-20
SA_230,2024-06-22,1,bankruptcy,2024,2025-06-22
SA_73,2024-07-05,1,bankruptcy,2024,2025-07-05
SA_42,2024-07-09,1,bankruptcy,2024,2025-07-09
SA_30,2024-07-23,1,bankruptcy,2024,2025-07-23
SA_208,2024-08-01,1,bankruptcy,2024,2025-08-01
SA_132,2024-08-20,1,bankruptcy,2024,2025-08-20
SA_242,2024-08-23,1,bankruptcy,2024,2025-08-23
SA_133,2024-08-29,1,bankruptcy,2024,2025-08-29
SA_110,2024-09-06,1,bankruptcy,2024,2025-09-06
SA_157,2024-09-06,1,bankruptcy,2024,2025-09-06
SA_181,2024-09-10,1,bankruptcy,2024,2025-09-10
SA_67,2024-09-13,1,bankruptcy,2024,2025-09-13
SA_177,2024-09-18,1,bankruptcy,2024,2025-09-18
SA_281,2024-09-18,1,bankruptcy,2024,2025-09-18
SA_213,2024-09-20,1,bankruptcy,2024,2025-09-20
SA_259,2024-09-25,1,bankruptcy,2024,2025-09-25
SA_258,2024-10-01,1,bankruptcy,2024,2025-10-01
SA_175,2024-10-02,1,bankruptcy,2024,2025-10-02
SA_124,2024-10-30,1,bankruptcy,2024,2025-10-30
SA_260,2024-11-16,1,bankruptcy,2024,2025-11-16
SA_261,2024-11-20,1,bankruptcy,2024,2025-11-20
SA_170,2024-11-26,1,bankruptcy,2024,2025-11-26
SA_204,2024-11-27,1,bankruptcy,2024,2025-11-27
SA_66,2024-12-04,1,bankruptcy,2024,2025-12-04
SA_169,2024-12-12,1,bankruptcy,2024,2025-12-12
SA_279,2024-12-18,1,bankruptcy,2024,2025-12-18
SA_228,2024-12-25,1,bankruptcy,2024,2025-12-25
SA_284,2024-12-26,1,bankruptcy,2024,2025-12-26
SA_43,2024-12-28,1,bankruptcy,2024,2025-12-28
SA_141,2025-01-04,1,bankruptcy,2025,2026-01-04
SA_196,2025-01-21,1,bankruptcy,2025,2026-01-21
SA_291,2025-01-21,1,bankruptcy,2025,2026-01-21
SA_273,2025-01-22,1,bankruptcy,2025,2026-01-22
SA_197,2025-02-13,1,bankruptcy,2025,2026-02-13
SA_217,2025-02-20,1,bankruptcy,2025,2026-02-20
SA_103,2025-03-12,1,bankruptcy,2025,2026-03-12
SA_278,2025-03-22,1,bankruptcy,2025,2026-03-22
SA_195,2025-03-27,1,bankruptcy,2025,2026-03-27
SA_216,2025-04-30,1,bankruptcy,2025,2026-04-30
