bankrupt_company_id,control_company_id,bankrupt_prediction_date,control_pseudo_event_date,prediction_year,bankrupt_sector,control_sector,bankrupt_industry,control_industry,bankrupt_size,control_size,size_distance,match_stage,size_basis,bankrupt_size_date,control_size_date,control_prediction_year,match_rank
SA_222,NB_688,1998-06-18,1998-07-07,1998,Consumer Discretionary,Consumer Discretionary,Retail - Discretionary,Retail - Discretionary,3.5518562579472683,3.5719157701972204,0.02005951224995206,1,market_cap,1998-05-29,1998-06-30,1998,1
SA_187,NB_2102,1998-07-07,1998-07-07,1998,Consumer Discretionary,Consumer Discretionary,Leisure Facilities & Services,Leisure Facilities & Services,4.735283117326097,4.74159875274773,0.006315635421632493,1,market_cap,1998-06-30,1998-06-30,1998,1
SA_135,NB_872,1998-09-28,1998-11-13,1998,Consumer Discretionary,Consumer Discretionary,Retail - Discretionary,Retail - Discretionary,2.6403493517379504,2.764052391217495,0.12370303947954442,1,market_cap,1998-08-31,1998-10-30,1998,1
SA_26,NB_2394,1998-11-13,1998-12-15,1998,Technology,Technology,Technology Hardware,Technology Hardware,1.5593859525351546,1.5200601012828836,0.03932585125227095,1,market_cap,1998-10-30,1998-11-30,1998,1
SA_80,NB_2446,1998-12-15,1998-11-13,1998,Consumer Discretionary,Consumer Discretionary,Retail - Discretionary,Retail - Discretionary,4.780574540672962,4.802488723787953,0.02191418311499138,1,market_cap,1998-11-30,1998-10-30,1998,1
SA_134,NB_899,1999-06-05,1999-06-05,1999,Energy,Energy,Oil & Gas Supply Chain,Oil & Gas Supply Chain,1.4096201864233873,2.0517234193471476,0.6421032329237604,1,market_cap,1999-05-31,1999-05-31,1999,1
SA_145,NB_1503,1999-08-06,1999-06-05,1999,Consumer Discretionary,Consumer Discretionary,Retail - Discretionary,Retail - Discretionary,4.737016534723235,4.749962930889632,0.012946396166396923,1,market_cap,1999-07-30,1999-05-31,1999,1
SA_75,NB_1548,1999-09-04,1999-08-06,1999,Consumer Discretionary,Consumer Discretionary,Apparel & Textile Products,Apparel & Textile Products,2.8529006244464488,2.840842987691105,0.012057636755343548,1,market_cap,1999-08-31,1999-07-30,1999,1
SA_59,NB_2813,1999-10-20,1999-09-04,1999,Health Care,Health Care,Health Care Facilities & Svcs,Health Care Facilities & Svcs,3.3191047966471445,3.3338923706512413,0.014787574004096804,1,market_cap,1999-09-30,1999-08-31,1999,1
SA_130,NB_2386,2000-02-03,2000-09-30,2000,Technology,Technology,Software,Software,3.3882033233666973,3.3679645718460245,0.020238751520672782,1,market_cap,2000-01-31,2000-09-29,2000,1
SA_9,NB_2264,2000-05-10,2000-07-07,2000,Health Care,Health Care,Health Care Facilities & Svcs,Health Care Facilities & Svcs,2.8831065411177152,2.817866773774627,0.06523976734308823,1,market_cap,2000-04-28,2000-06-30,2000,1
SA_51,NB_2563,2000-07-07,2000-09-30,2000,Materials,Materials,Construction Materials,Construction Materials,6.238919565214999,6.289380635418059,0.05046107020305968,1,market_cap,2000-06-30,2000-09-29,2000,1
SA_215,NB_160,2000-08-11,2000-09-30,2000,Health Care,Health Care,Health Care Facilities & Svcs,Health Care Facilities & Svcs,2.2233687104864788,2.2078897241547213,0.015478986331757483,1,market_cap,2000-07-31,2000-09-29,2000,1
SA_280,NB_1072,2000-09-20,2000-05-10,2000,Materials,Materials,Steel,Steel,1.8117744922673154,3.199856091030946,1.3880815987636306,1,market_cap,2000-08-31,2000-04-28,2000,1
SA_90,NB_1045,2000-09-30,2000-09-30,2000,Communications,Communications,Telecommunications,Telecommunications,3.4428830031492623,3.4305069619119677,0.012376041237294633,1,market_cap,2000-09-29,2000-09-29,2000,1
SA_143,NB_2478,2001-03-02,2001-07-03,2001,Communications,Communications,Telecommunications,Telecommunications,5.501364735482989,5.543741648592789,0.042376913109800185,1,market_cap,2001-02-28,2001-06-29,2001,1
SA_162,NB_2587,2001-07-03,2001-10-18,2001,Consumer Discretionary,Consumer Discretionary,Automotive,Automotive,4.782031864737668,4.774257893745077,0.007773970992591472,1,market_cap,2001-06-29,2001-09-28,2001,1
SA_220,NB_1105,2001-08-15,2001-03-02,2001,Communications,Communications,Entertainment Content,Entertainment Content,1.0501570683987063,4.92102344790652,3.8708663795078135,1,market_cap,2001-07-31,2001-02-28,2001,1
SA_238,NB_2930,2001-08-17,2001-07-03,2001,Consumer Discretionary,Consumer Discretionary,Apparel & Textile Products,Apparel & Textile Products,4.45359236019819,4.48658933215941,0.032996971961219757,1,market_cap,2001-07-31,2001-06-29,2001,1
SA_10,NB_594,2001-08-22,2001-12-06,2001,Consumer Discretionary,Consumer Discretionary,Wholesale - Discretionary,Wholesale - Discretionary,2.8469886160659397,2.875280680463327,0.028292064397387406,1,market_cap,2001-07-31,2001-11-30,2001,1
SA_290,NB_2492,2001-09-06,2001-03-02,2001,Consumer Discretionary,Consumer Discretionary,Automotive,Automotive,4.8253894657850545,4.81386992586989,0.011519539915164856,1,market_cap,2001-08-31,2001-02-28,2001,1
SA_84,NB_1195,2001-09-15,2001-11-22,2001,Communications,Communications,Telecommunications,Telecommunications,0.9095077795773227,0.8942496009972748,0.015258178580047854,1,market_cap,2001-08-31,2001-10-31,2001,1
SA_160,NB_1240,2001-10-18,2001-11-22,2001,Industrials,Industrials,Commercial Support Services,Commercial Support Services,4.57150067635409,4.573563929141147,0.0020632527870567685,1,market_cap,2001-09-28,2001-10-31,2001,1
SA_77,NB_642,2001-11-22,2001-03-02,2001,Industrials,Industrials,Aerospace & Defense,Aerospace & Defense,0.7055203166230867,0.39041914990289317,0.3151011667201935,1,market_cap,2001-10-31,2001-02-28,2001,1
SA_240,NB_1072,2001-12-06,2001-07-03,2001,Materials,Materials,Steel,Steel,3.9332050730157992,3.1714361483796347,0.7617689246361645,1,market_cap,2001-11-30,2001-06-29,2001,1
SA_3,NB_2490,2001-12-11,2001-03-02,2001,Materials,Materials,Construction Materials,Construction Materials,0.29349017273475736,0.8277217788561655,0.5342316061214081,1,market_cap,2001-11-30,2001-02-28,2001,1
SA_118,NB_2887,2002-02-19,2002-12-17,2002,Communications,Communications,Telecommunications,Telecommunications,5.75685235664369,5.735338633602933,0.021513723040756716,1,market_cap,2002-01-31,2002-11-29,2002,1
SA_308,NB_594,2002-02-22,2002-12-17,2002,Consumer Discretionary,Consumer Discretionary,Wholesale - Discretionary,Wholesale - Discretionary,2.0323237283518827,2.050527531515194,0.01820380316331116,1,market_cap,2002-01-31,2002-11-29,2002,1
SA_131,NB_1072,2002-03-05,2002-12-17,2002,Materials,Materials,Steel,Steel,2.535235312401219,2.8998214133773286,0.3645861009761098,1,market_cap,2002-02-28,2002-11-29,2002,1
SA_36,NB_2815,2002-03-13,2002-02-22,2002,Utilities,Utilities,Electric Utilities,Electric Utilities,3.9528251597515855,4.741102194826351,0.7882770350747657,1,market_cap,2002-02-28,2002-01-31,2002,1
SA_223,NB_1790,2002-06-05,2002-12-17,2002,Industrials,Industrials,Transportation & Logistics,Transportation & Logistics,4.257868320044094,4.247546220442203,0.010322099601890677,1,market_cap,2002-05-31,2002-11-29,2002,1
SA_45,NB_1932,2002-08-29,2002-03-13,2002,Technology,Technology,IT Services,IT Services,1.419463144386366,1.4145659274616862,0.004897216924679704,1,market_cap,2002-07-31,2002-02-28,2002,1
SA_58,NB_899,2002-09-21,2002-08-29,2002,Energy,Energy,Oil & Gas Supply Chain,Oil & Gas Supply Chain,3.073877798097779,3.136645726599229,0.06276792850144997,1,market_cap,2002-08-30,2002-07-31,2002,1
SA_271,NB_1011,2002-12-17,2002-02-22,2002,Consumer Discretionary,Consumer Discretionary,Retail - Discretionary,Retail - Discretionary,4.28462464355699,4.282225636221288,0.002399007335702308,1,market_cap,2002-11-29,2002-01-31,2002,1
SA_22,NB_1826,2002-12-21,2002-12-21,2002,Technology,Technology,Technology Hardware,Technology Hardware,4.396067597373638,4.380310162377816,0.015757434995822273,1,market_cap,2002-11-29,2002-11-29,2002,1
SA_166,NB_2794,2003-01-01,2003-02-05,2003,Consumer Staples,Consumer Staples,Wholesale - Consumer Staples,Wholesale - Consumer Staples,5.880732966403366,5.99383897591943,0.11310600951606364,1,market_cap,2002-12-31,2003-01-31,2003,1
SA_235,NB_1593,2003-02-05,2003-03-19,2003,Technology,Technology,Technology Hardware,Technology Hardware,3.3616627525757563,3.3612326584686993,0.0004300941070569664,1,market_cap,2003-01-31,2003-02-28,2003,1
SA_178,NB_635,2003-02-06,2003-01-01,2003,Consumer Discretionary,Consumer Discretionary,Wholesale - Discretionary,Wholesale - Discretionary,4.8657436171010975,4.825456860312644,0.04028675678845328,1,market_cap,2003-01-31,2002-12-31,2003,1
SA_277,NB_1707,2003-02-14,2003-02-14,2003,Consumer Discretionary,Consumer Discretionary,Consumer Services,Consumer Services,2.2147042472168645,3.47145079166983,1.2567465444529655,1,market_cap,2003-01-31,2003-01-31,2003,1
SA_140,NB_1593,2003-03-19,2003-03-19,2003,Technology,Technology,Technology Hardware,Technology Hardware,3.3357375473570268,3.3612326584686993,0.025495111111672575,1,market_cap,2003-02-28,2003-02-28,2003,1
SA_105,NB_974,2003-03-29,2003-01-01,2003,Industrials,Industrials,Industrial Support Services,Industrial Support Services,1.0492119383729828,1.34755353280346,0.29834159443047725,1,market_cap,2003-02-28,2002-12-31,2003,1
SA_203,NB_2778,2003-03-31,2003-03-31,2003,Materials,Materials,"Forestry, Paper & Wood Products","Forestry, Paper & Wood Products",3.1175073304799117,5.71471450170576,2.5972071712258487,1,market_cap,2003-02-28,2003-02-28,2003,1
SA_117,NB_1623,2003-05-22,2003-05-22,2003,Technology,Technology,Technology Hardware,Technology Hardware,1.1627757394755978,1.1885748621458392,0.025799122670241426,1,market_cap,2003-04-30,2003-04-30,2003,1
SA_68,NB_2815,2003-06-16,2003-05-22,2003,Utilities,Utilities,Electric Utilities,Electric Utilities,4.614949215041231,4.735704466756531,0.1207552517153001,1,market_cap,2003-05-30,2003-04-30,2003,1
SA_251,NB_791,2003-06-26,2003-02-14,2003,Consumer Discretionary,Consumer Discretionary,Apparel & Textile Products,Apparel & Textile Products,3.7193043860112436,3.712434834935466,0.006869551075777469,1,market_cap,2003-05-30,2003-01-31,2003,1
SA_47,NB_590,2003-07-25,2003-06-26,2003,Materials,Materials,Steel,Steel,2.6079204256831447,5.049010778349337,2.4410903526661922,1,market_cap,2003-06-30,2003-05-30,2003,1
SA_0,NB_1047,2003-11-06,2003-05-22,2003,Consumer Discretionary,Consumer Discretionary,Leisure Facilities & Services,Leisure Facilities & Services,1.9861056616624628,1.9504000543281654,0.035705607334297396,1,market_cap,2003-10-31,2003-04-30,2003,1
SA_268,NB_261,2004-02-27,2004-09-01,2004,Communications,Communications,Telecommunications,Telecommunications,4.8335344854494044,4.858844494227287,0.025310008777882587,1,market_cap,2004-01-30,2004-08-31,2004,1
SA_13,NB_1195,2004-07-07,2004-02-27,2004,Communications,Communications,Telecommunications,Telecommunications,2.2268696757462676,2.430318459503597,0.20344878375732955,1,market_cap,2004-06-30,2004-01-30,2004,1
SA_70,NB_2068,2004-07-22,2004-02-27,2004,Consumer Discretionary,Consumer Discretionary,Leisure Products,Leisure Products,2.9147120048900352,3.670964943203633,0.7562529383135979,1,market_cap,2004-06-30,2004-01-30,2004,1
SA_165,NB_99,2004-07-28,2004-12-07,2004,Industrials,Industrials,Transportation & Logistics,Transportation & Logistics,4.128351386134243,4.1153523453790815,0.012999040755161673,1,market_cap,2004-06-30,2004-11-30,2004,1
SA_287,NB_998,2004-09-01,2004-12-07,2004,Consumer Discretionary,Consumer Discretionary,Automotive,Automotive,3.098618230014115,3.2624753983420747,0.1638571683279597,1,market_cap,2004-08-31,2004-11-30,2004,1
SA_207,NB_1482,2004-11-02,2004-12-07,2004,Consumer Discretionary,Consumer Discretionary,Home & Office Products,Home & Office Products,2.835452012836903,3.11997882009123,0.284526807254327,1,market_cap,2004-10-29,2004-11-30,2004,1
SA_182,NB_1746,2004-11-04,2004-02-27,2004,Consumer Discretionary,Consumer Discretionary,Automotive,Automotive,4.462022418169573,4.431766347878902,0.030256070290670678,1,market_cap,2004-10-29,2004-01-30,2004,1
SA_158,NB_745,2004-12-07,2004-07-28,2004,Industrials,Industrials,Machinery,Machinery,1.4537193374346797,1.4480242542518262,0.0056950831828535,1,market_cap,2004-11-30,2004-06-30,2004,1
SA_88,NB_2492,2005-02-16,2005-08-09,2005,Consumer Discretionary,Consumer Discretionary,Automotive,Automotive,5.667671933234051,5.626439840722801,0.04123209251125015,1,market_cap,2005-01-31,2005-07-29,2005,1
SA_267,NB_1305,2005-06-16,2005-06-16,2005,Industrials,Industrials,Transportation & Logistics,Transportation & Logistics,6.31542996999945,6.315952761326513,0.0005227913270635653,1,market_cap,2005-05-31,2005-05-31,2005,1
SA_5,NB_1305,2005-06-16,2005-02-16,2005,Industrials,Industrials,Transportation & Logistics,Transportation & Logistics,6.274261707782113,6.302707982772673,0.02844627499055985,1,market_cap,2005-05-31,2005-01-31,2005,1
SA_79,NB_99,2005-08-09,2005-08-09,2005,Industrials,Industrials,Transportation & Logistics,Transportation & Logistics,3.4607265016747677,3.6697323119404364,0.20900581026566867,1,market_cap,2005-07-29,2005-07-29,2005,1
SA_190,NB_2034,2006-06-30,2006-06-30,2006,Industrials,Industrials,Electrical Equipment,Electrical Equipment,5.905072977997758,5.849670541490095,0.055402436507662856,1,total_assets,2004-12-31,2005-06-30,2006,1
SA_71,NB_1964,2006-09-12,2006-12-21,2006,Communications,Communications,Publishing & Broadcasting,Publishing & Broadcasting,0.8257969346554092,4.778593941158935,3.9527970065035256,1,market_cap,2006-08-31,2006-11-30,2006,1
SA_49,NB_494,2006-12-21,2006-06-30,2006,Consumer Discretionary,Consumer Discretionary,Retail - Discretionary,Retail - Discretionary,4.111817680933198,4.141369677545393,0.029551996612195097,1,market_cap,2006-11-30,2006-05-31,2006,1
SA_93,NB_2778,2007-08-21,2007-10-31,2007,Materials,Materials,"Forestry, Paper & Wood Products","Forestry, Paper & Wood Products",3.7663843288272556,6.401598572174095,2.635214243346839,1,market_cap,2007-07-31,2007-09-28,2007,1
SA_39,NB_1730,2007-10-31,2007-10-31,2007,Consumer Discretionary,Consumer Discretionary,Home Construction,Home Construction,4.56396061637031,5.274503043148771,0.7105424267784608,1,market_cap,2007-09-28,2007-09-28,2007,1
SA_153,NB_591,2008-08-08,2008-12-18,2008,Technology,Technology,Technology Hardware,Technology Hardware,2.1850170342284745,2.1863546015169986,0.0013375672885240775,1,market_cap,2008-07-31,2008-11-28,2008,1
SA_211,NB_2105,2008-11-20,2008-12-18,2008,Industrials,Industrials,Commercial Support Services,Commercial Support Services,3.823235506613015,3.881930740920906,0.05869523430789103,1,market_cap,2008-10-31,2008-11-28,2008,1
SA_27,NB_2797,2008-11-23,2008-11-23,2008,Communications,Communications,Publishing & Broadcasting,Publishing & Broadcasting,-0.9324201138040387,2.495780646339879,3.4282007601439175,1,market_cap,2008-10-31,2008-10-31,2008,1
SA_171,NB_1404,2008-12-18,2008-08-08,2008,Materials,Materials,Chemicals,Chemicals,6.003780394750579,6.027856985614332,0.024076590863753466,1,market_cap,2008-11-28,2008-07-31,2008,1
SA_243,NB_2458,2008-12-27,2008-12-27,2008,Communications,Communications,Cable & Satellite,Cable & Satellite,4.360754478148341,6.569790489057199,2.209036010908858,1,market_cap,2008-11-28,2008-11-28,2008,1
SA_309,NB_1398,2008-12-31,2008-08-08,2008,Communications,Communications,Advertising & Marketing,Advertising & Marketing,2.8779448628880373,3.211170212747779,0.3332253498597417,1,market_cap,2008-11-28,2008-07-31,2008,1
SA_115,NB_1455,2009-01-19,2009-01-19,2009,Consumer Discretionary,Consumer Discretionary,Retail - Discretionary,Retail - Discretionary,2.5016326537035862,2.4871291781410974,0.014503475562488877,1,market_cap,2008-12-31,2008-12-31,2009,1
SA_7,NB_61,2009-01-20,2009-02-27,2009,Technology,Technology,Semiconductors,Semiconductors,2.5385658931097472,2.5125785596987447,0.025987333411002567,1,market_cap,2008-12-31,2009-01-30,2009,1
SA_129,NB_998,2009-02-27,2009-08-17,2009,Consumer Discretionary,Consumer Discretionary,Automotive,Automotive,2.9057364475234015,3.009171560420498,0.10343511289709628,1,market_cap,2009-01-30,2009-07-31,2009,1
SA_202,NB_968,2009-02-27,2009-04-08,2009,Communications,Communications,Advertising & Marketing,Advertising & Marketing,3.122633610854902,3.117033557355239,0.0056000534996631934,1,market_cap,2009-01-30,2009-03-31,2009,1
SA_102,NB_780,2009-04-08,2009-02-27,2009,Consumer Discretionary,Consumer Discretionary,Automotive,Automotive,4.062196644445088,4.080796534076809,0.01859988963172121,1,market_cap,2009-03-31,2009-01-30,2009,1
SA_248,NB_2477,2009-07-03,2009-08-17,2009,Energy,Energy,Oil & Gas Supply Chain,Oil & Gas Supply Chain,2.817974287811285,2.8191442486077967,0.0011699607965116599,1,market_cap,2009-06-30,2009-07-31,2009,1
SA_164,NB_476,2009-08-17,2009-04-08,2009,Consumer Discretionary,Consumer Discretionary,Home Construction,Home Construction,3.5981447906514297,3.6799976272070536,0.08185283655562392,1,market_cap,2009-07-31,2009-03-31,2009,1
SA_40,NB_446,2010-06-25,2010-06-25,2010,Consumer Discretionary,Consumer Discretionary,Retail - Discretionary,Retail - Discretionary,4.19292967659965,4.1126755189068245,0.08025415769282596,1,market_cap,2010-05-31,2010-05-31,2010,1
SA_209,NB_1352,2011-02-23,2011-10-06,2011,Industrials,Industrials,Commercial Support Services,Commercial Support Services,3.8111877906890688,3.654065417284758,0.1571223734043108,1,market_cap,2011-01-31,2011-09-30,2011,1
SA_307,NB_1325,2011-08-04,2011-10-06,2011,Consumer Discretionary,Consumer Discretionary,Retail - Discretionary,Retail - Discretionary,5.016214368743103,5.014469932463825,0.0017444362792780055,1,market_cap,2011-07-29,2011-09-30,2011,1
SA_186,NB_2041,2011-08-09,2011-11-16,2011,Utilities,Utilities,Electric Utilities,Electric Utilities,6.5502877353049165,6.551025333530849,0.0007375982259327785,1,market_cap,2011-07-29,2011-10-31,2011,1
SA_274,NB_2775,2011-10-06,2011-10-06,2011,Technology,Technology,Semiconductors,Semiconductors,4.542896830757377,4.583792298620996,0.04089546786361886,1,market_cap,2011-09-30,2011-09-30,2011,1
SA_64,NB_2021,2011-11-16,2011-10-06,2011,Energy,Energy,Renewable Energy,Renewable Energy,3.262023433051443,3.3345481901818133,0.07252475713037043,1,market_cap,2011-10-31,2011-09-30,2011,1
SA_113,NB_544,2012-01-13,2012-10-30,2012,Consumer Staples,Consumer Staples,Beverages,Beverages,1.725726498623617,1.8099431396616836,0.0842166410380667,1,market_cap,2011-12-30,2012-09-28,2012,1
SA_29,NB_2870,2012-05-19,2012-05-19,2012,Energy,Energy,Oil & Gas Supply Chain,Oil & Gas Supply Chain,5.977183303878172,5.947172998974857,0.03001030490331491,1,market_cap,2012-04-30,2012-04-30,2012,1
SA_65,NB_2378,2012-08-16,2012-01-13,2012,Industrials,Industrials,Transportation & Logistics,Transportation & Logistics,5.173066453075645,5.292820787999625,0.11975433492398047,1,market_cap,2012-07-31,2011-12-30,2012,1
SA_72,NB_40,2012-10-30,2012-10-30,2012,Consumer Discretionary,Consumer Discretionary,Wholesale - Discretionary,Wholesale - Discretionary,3.7866525076442796,3.602226194810694,0.18442631283358546,1,market_cap,2012-09-28,2012-09-28,2012,1
SA_74,NB_1975,2012-10-30,2012-05-19,2012,Technology,Technology,Technology Hardware,Technology Hardware,2.9633433703519874,2.9812478793530173,0.01790450900102991,1,market_cap,2012-09-28,2012-04-30,2012,1
SA_18,NB_248,2013-01-08,2013-01-08,2013,Health Care,Health Care,Health Care Facilities & Svcs,Health Care Facilities & Svcs,2.8045051799194725,2.857716555641048,0.05321137572157575,1,market_cap,2012-12-31,2012-12-31,2013,1
SA_205,NB_1596,2013-06-19,2013-12-23,2013,Communications,Communications,Internet Media & Services,Internet Media & Services,2.410470418634983,2.4810073908825685,0.0705369722475857,1,market_cap,2013-05-31,2013-11-29,2013,1
SA_41,NB_704,2013-12-23,2013-01-08,2013,Technology,Technology,IT Services,IT Services,3.07279979050285,3.076736057707078,0.003936267204228017,1,market_cap,2013-11-29,2012-12-31,2013,1
SA_137,NB_1455,2014-01-11,2014-11-07,2014,Consumer Discretionary,Consumer Discretionary,Retail - Discretionary,Retail - Discretionary,3.12826379147036,3.246257501609418,0.11799371013905802,1,market_cap,2013-12-31,2014-10-31,2014,1
SA_76,NB_2671,2014-11-07,2014-11-07,2014,Consumer Discretionary,Consumer Discretionary,Retail - Discretionary,Retail - Discretionary,4.528643290597059,4.543765947849812,0.015122657252752525,1,market_cap,2014-10-31,2014-10-31,2014,1
SA_191,NB_2434,2014-12-03,2014-12-03,2014,Energy,Energy,Oil & Gas Services & Equip,Oil & Gas Services & Equip,2.2577969102039117,2.3843033192789034,0.12650640907499167,1,market_cap,2014-11-28,2014-11-28,2014,1
SA_149,NB_2944,2014-12-12,2014-01-11,2014,Industrials,Industrials,Commercial Support Services,Commercial Support Services,3.6344364678083774,3.6676430494500507,0.03320658164167334,1,market_cap,2014-11-28,2013-12-31,2014,1
SA_6,NB_1487,2014-12-17,2014-12-17,2014,Energy,Energy,Oil & Gas Supply Chain,Oil & Gas Supply Chain,3.992219547422423,3.9922287767291635,9.229306740632381e-06,1,market_cap,2014-11-28,2014-11-28,2014,1
SA_272,NB_1796,2015-03-27,2015-03-27,2015,Materials,Materials,Metals & Mining,Metals & Mining,5.43613350402863,5.4323315176259435,0.0038019864026868078,1,market_cap,2015-02-27,2015-02-27,2015,1
SA_44,NB_2771,2015-04-16,2015-04-16,2015,Materials,Materials,Metals & Mining,Metals & Mining,3.7996401127182855,3.804408841099657,0.004768728381371545,1,market_cap,2015-03-31,2015-03-31,2015,1
SA_82,NB_438,2015-04-16,2015-11-10,2015,Energy,Energy,Oil & Gas Supply Chain,Oil & Gas Supply Chain,2.9039952025864464,2.864917188423697,0.039078014162749586,1,market_cap,2015-03-31,2015-10-30,2015,1
SA_221,NB_1266,2015-05-05,2015-11-10,2015,Materials,Materials,Metals & Mining,Metals & Mining,5.193209596725069,5.175460229384406,0.017749367340663014,1,market_cap,2015-04-30,2015-10-30,2015,1
SA_154,NB_868,2015-05-15,2015-05-15,2015,Energy,Energy,Oil & Gas Services & Equip,Oil & Gas Services & Equip,4.867278263796429,4.8087924304318195,0.05848583336460944,1,market_cap,2015-04-30,2015-04-30,2015,1
SA_276,NB_273,2015-11-10,2015-05-15,2015,Materials,Materials,Metals & Mining,Metals & Mining,2.8456765313469474,2.855049657488847,0.009373126141899668,1,market_cap,2015-10-30,2015-04-30,2015,1
SA_174,NB_2059,2015-11-27,2015-11-27,2015,Industrials,Industrials,Transportation & Logistics,Transportation & Logistics,5.680742071415952,5.5419241112503235,0.1388179601656283,1,market_cap,2015-10-30,2015-10-30,2015,1
SA_55,NB_1193,2016-01-22,2016-01-22,2016,Energy,Energy,Renewable Energy,Renewable Energy,7.385300275500348,6.76582067809286,0.619479597407488,1,market_cap,2015-12-31,2015-12-31,2016,1
SA_180,NB_1875,2016-02-02,2016-06-18,2016,Consumer Staples,Consumer Staples,Retail - Consumer Staples,Retail - Consumer Staples,2.8188459192499757,5.697674861098601,2.8788289418486257,1,market_cap,2016-01-29,2016-05-31,2016,1
SA_224,NB_1455,2016-02-04,2016-02-04,2016,Consumer Discretionary,Consumer Discretionary,Retail - Discretionary,Retail - Discretionary,3.0348856767497003,3.194451976157582,0.15956629940788147,1,market_cap,2016-01-29,2016-01-29,2016,1
SA_256,NB_2967,2016-02-15,2016-02-15,2016,Energy,Energy,Oil & Gas Supply Chain,Oil & Gas Supply Chain,4.984523324695404,4.9987017045517215,0.014178379856317314,1,market_cap,2016-01-29,2016-01-29,2016,1
SA_282,NB_1814,2016-02-16,2016-05-03,2016,Energy,Energy,Oil & Gas Supply Chain,Oil & Gas Supply Chain,2.981709411190423,2.991814609519886,0.010105198329462883,1,market_cap,2016-01-29,2016-04-29,2016,1
SA_109,NB_1732,2016-03-09,2016-02-16,2016,Energy,Energy,Oil & Gas Services & Equip,Oil & Gas Services & Equip,3.348833338789397,3.496719660184078,0.14788632139468127,1,market_cap,2016-02-29,2016-01-29,2016,1
SA_304,NB_762,2016-05-03,2016-03-09,2016,Industrials,Industrials,Transportation & Logistics,Transportation & Logistics,2.916878442220164,2.987362343209793,0.07048390098962898,1,market_cap,2016-04-29,2016-02-29,2016,1
SA_81,NB_3012,2016-06-18,2016-03-09,2016,Consumer Discretionary,Consumer Discretionary,Consumer Services,Consumer Services,3.940155548326768,3.346589829254114,0.5935657190726538,1,market_cap,2016-05-31,2016-02-29,2016,1
SA_236,NB_2240,2017-05-28,2017-05-28,2017,Consumer Discretionary,Consumer Discretionary,Retail - Discretionary,Retail - Discretionary,2.740562566082495,2.9031837767901227,0.16262121070762792,1,market_cap,2017-04-28,2017-04-28,2017,1
SA_292,NB_1487,2017-09-15,2017-10-17,2017,Energy,Energy,Oil & Gas Supply Chain,Oil & Gas Supply Chain,4.028726347313816,4.018411592439472,0.010314754874343635,1,market_cap,2017-08-31,2017-09-29,2017,1
SA_62,NB_1664,2017-09-20,2017-09-20,2017,Materials,Materials,"Forestry, Paper & Wood Products","Forestry, Paper & Wood Products",1.820395515764387,6.6265503180146546,4.806154802250267,1,market_cap,2017-08-31,2017-08-31,2017,1
SA_232,NB_1814,2017-10-17,2017-10-17,2017,Energy,Energy,Oil & Gas Supply Chain,Oil & Gas Supply Chain,3.367706090645646,3.3601149365609255,0.007591154084720664,1,market_cap,2017-09-29,2017-09-29,2017,1
SA_151,NB_2997,2017-11-04,2017-09-20,2017,Consumer Discretionary,Consumer Discretionary,Home & Office Products,Home & Office Products,2.3726800236573067,3.4994396224079347,1.126759598750628,1,market_cap,2017-10-31,2017-08-31,2017,1
SA_250,NB_1048,2017-12-12,2017-10-17,2017,Health Care,Health Care,Biotech & Pharma,Biotech & Pharma,3.292059369870777,3.290031156551828,0.0020282133189493123,1,market_cap,2017-11-30,2017-09-29,2017,1
SA_46,NB_447,2018-02-17,2018-08-02,2018,Energy,Energy,Oil & Gas Supply Chain,Oil & Gas Supply Chain,2.688146768725369,2.6776597197781418,0.010487048947227073,1,market_cap,2018-01-31,2018-07-31,2018,1
SA_288,NB_468,2018-07-17,2018-12-14,2018,Consumer Discretionary,Consumer Discretionary,Retail - Discretionary,Retail - Discretionary,5.547905360954795,5.5288805243797645,0.019024836575030513,1,market_cap,2018-06-29,2018-11-30,2018,1
SA_112,NB_2097,2018-08-02,2018-08-02,2018,Energy,Energy,Oil & Gas Supply Chain,Oil & Gas Supply Chain,3.6221491995490993,3.5508723461158844,0.07127685343321488,1,market_cap,2018-07-31,2018-07-31,2018,1
SA_289,NB_1343,2018-11-27,2018-11-27,2018,Communications,Communications,Telecommunications,Telecommunications,5.175612865322551,5.117851886178038,0.05776097914451217,1,market_cap,2018-10-31,2018-10-31,2018,1
SA_69,NB_1732,2018-12-14,2018-07-17,2018,Energy,Energy,Oil & Gas Services & Equip,Oil & Gas Services & Equip,4.054310451684175,3.8836111851512274,0.1706992665329472,1,market_cap,2018-11-30,2018-06-29,2018,1
SA_194,NB_87,2019-01-01,2019-01-01,2019,Consumer Staples,Consumer Staples,Household Products,Household Products,2.305590572013874,2.3128027148544628,0.007212142840588687,1,market_cap,2018-12-31,2018-12-31,2019,1
SA_227,NB_438,2019-01-14,2019-11-19,2019,Energy,Energy,Oil & Gas Supply Chain,Oil & Gas Supply Chain,0.5591585405566285,1.1454004501668686,0.5862419096102401,1,market_cap,2018-12-31,2019-10-31,2019,1
SA_50,NB_1567,2019-02-09,2019-03-20,2019,Materials,Materials,Metals & Mining,Metals & Mining,3.341900211724822,3.336143172024568,0.005757039700254207,1,market_cap,2019-01-31,2019-02-28,2019,1
SA_193,NB_2505,2019-02-10,2019-10-23,2019,Energy,Energy,Oil & Gas Services & Equip,Oil & Gas Services & Equip,4.76878451531635,4.76159684523668,0.007187670079670028,1,market_cap,2019-01-31,2019-09-30,2019,1
SA_218,NB_2271,2019-03-20,2019-12-11,2019,Energy,Energy,Oil & Gas Supply Chain,Oil & Gas Supply Chain,4.849924141349698,4.8690586728535905,0.01913453150389266,1,market_cap,2019-02-28,2019-11-29,2019,1
SA_241,NB_438,2019-05-13,2019-05-13,2019,Energy,Energy,Oil & Gas Supply Chain,Oil & Gas Supply Chain,2.4001291394955935,2.3991308727665963,0.0009982667289971658,1,market_cap,2019-04-30,2019-04-30,2019,1
SA_104,NB_1814,2019-07-05,2019-01-14,2019,Energy,Energy,Oil & Gas Supply Chain,Oil & Gas Supply Chain,3.0188920045643988,3.006672213592325,0.012219790972073596,1,market_cap,2019-06-28,2018-12-31,2019,1
SA_2,NB_1487,2019-08-20,2019-10-23,2019,Energy,Energy,Oil & Gas Supply Chain,Oil & Gas Supply Chain,3.2303655642831712,3.2443408220196335,0.013975257736462243,1,market_cap,2019-07-31,2019-09-30,2019,1
SA_119,NB_1498,2019-10-23,2019-08-20,2019,Energy,Energy,Oil & Gas Services & Equip,Oil & Gas Services & Equip,5.905615766768164,5.8968873486072155,0.00872841816094816,1,market_cap,2019-09-30,2019-07-31,2019,1
SA_252,NB_904,2019-11-19,2019-08-20,2019,Consumer Discretionary,Consumer Discretionary,Retail - Discretionary,Retail - Discretionary,3.181144881456703,3.079839019517629,0.10130586193907387,1,market_cap,2019-10-31,2019-07-31,2019,1
SA_214,NB_967,2019-12-11,2019-05-13,2019,Materials,Materials,Metals & Mining,Metals & Mining,2.5641567357276,2.560910442784828,0.003246292942771678,1,market_cap,2019-11-29,2019-04-30,2019,1
SA_262,NB_1630,2020-01-08,2020-02-18,2020,Health Care,Health Care,Health Care Facilities & Svcs,Health Care Facilities & Svcs,3.449066486866344,3.4099522787971286,0.039114208069215284,1,market_cap,2019-12-31,2020-01-31,2020,1
SA_198,NB_728,2020-02-18,2020-03-03,2020,Consumer Discretionary,Consumer Discretionary,Apparel & Textile Products,Apparel & Textile Products,4.766633208211942,4.72912966365112,0.03750354456082139,1,market_cap,2020-01-31,2020-02-28,2020,1
SA_56,NB_1551,2020-02-19,2020-01-08,2020,Energy,Energy,Oil & Gas Services & Equip,Oil & Gas Services & Equip,7.1237299954939335,7.131914873949133,0.008184878455199218,1,market_cap,2020-01-31,2019-12-31,2020,1
SA_144,NB_2199,2020-02-20,2020-04-13,2020,Health Care,Health Care,Biotech & Pharma,Biotech & Pharma,5.262706250952056,5.261123158645238,0.0015830923068183012,1,market_cap,2020-01-31,2020-03-31,2020,1
SA_31,NB_1482,2020-03-03,2020-03-03,2020,Consumer Discretionary,Consumer Discretionary,Home & Office Products,Home & Office Products,3.471960241350949,3.4583398694493592,0.013620371901589934,1,market_cap,2020-02-28,2020-02-28,2020,1
SA_188,NB_1168,2020-03-17,2020-05-04,2020,Consumer Staples,Consumer Staples,Tobacco & Cannabis,Tobacco & Cannabis,3.5648032202601687,3.5775539610768985,0.012750740816729778,1,market_cap,2020-02-28,2020-04-30,2020,1
SA_231,NB_2182,2020-03-22,2020-05-04,2020,Health Care,Health Care,Health Care Facilities & Svcs,Health Care Facilities & Svcs,2.0211898834070805,2.0411553916863303,0.01996550827924981,1,market_cap,2020-02-28,2020-04-30,2020,1
SA_8,NB_1206,2020-03-25,2020-04-13,2020,Consumer Discretionary,Consumer Discretionary,Retail - Discretionary,Retail - Discretionary,4.956318486126255,4.978772352697043,0.022453866570788072,1,market_cap,2020-02-28,2020-03-31,2020,1
SA_286,NB_2402,2020-03-26,2020-02-20,2020,Industrials,Industrials,Machinery,Machinery,1.3142880251347986,1.4846227089421387,0.17033468380734007,1,market_cap,2020-02-28,2020-01-31,2020,1
SA_100,NB_626,2020-03-31,2020-05-04,2020,Materials,Materials,Metals & Mining,Metals & Mining,5.312555521234549,5.286050434445055,0.026505086789494037,1,market_cap,2020-02-28,2020-04-30,2020,1
SA_95,NB_868,2020-04-13,2020-04-13,2020,Energy,Energy,Oil & Gas Services & Equip,Oil & Gas Services & Equip,3.165664903535131,3.119099687504275,0.04656521603085606,1,market_cap,2020-03-31,2020-03-31,2020,1
SA_38,NB_156,2020-04-27,2020-04-27,2020,Energy,Energy,Oil & Gas Supply Chain,Oil & Gas Supply Chain,2.898532810176859,3.0567521113799363,0.15821930120307748,1,market_cap,2020-03-31,2020-03-31,2020,1
SA_226,NB_416,2020-05-04,2020-05-04,2020,Consumer Discretionary,Consumer Discretionary,Retail - Discretionary,Retail - Discretionary,4.389888151810484,4.45959628686502,0.06970813505453588,1,market_cap,2020-04-30,2020-04-30,2020,1
SA_54,NB_1464,2021-06-02,2021-06-02,2021,Consumer Discretionary,Consumer Discretionary,Apparel & Textile Products,Apparel & Textile Products,2.5154924325950483,4.238199565857068,1.7227071332620194,1,market_cap,2021-05-31,2021-05-31,2021,1
SA_11,NB_2644,2022-09-12,2022-09-12,2022,Health Care,Health Care,Biotech & Pharma,Biotech & Pharma,5.086471010934415,5.083330459184099,0.003140551750315801,1,market_cap,2022-08-31,2022-08-31,2022,1
SA_184,NB_1409,2024-05-08,2024-05-08,2024,Communications,Communications,Internet Media & Services,Internet Media & Services,3.032242586118675,3.0424822627429386,0.010239676624263616,1,market_cap,2024-04-30,2024-04-30,2024,1
SA_156,NB_2757,2024-05-09,2024-12-04,2024,Health Care,Health Care,Biotech & Pharma,Biotech & Pharma,2.795914547543278,2.795822954837657,9.159270562086874e-05,1,market_cap,2024-04-30,2024-11-29,2024,1
SA_294,NB_2240,2024-05-11,2024-07-05,2024,Consumer Discretionary,Consumer Discretionary,Retail - Discretionary,Retail - Discretionary,3.880614894268466,3.864281291442685,0.01633360282578078,1,market_cap,2024-04-30,2024-06-28,2024,1
SA_303,NB_1138,2024-05-17,2024-10-01,2024,Energy,Energy,Renewable Energy,Renewable Energy,5.889553076649604,5.967011237132455,0.07745816048285104,1,market_cap,2024-04-30,2024-09-30,2024,1
SA_275,NB_25,2024-05-22,2024-08-01,2024,Technology,Technology,IT Services,IT Services,3.111580104575864,3.1084268292718904,0.0031532753039735795,1,market_cap,2024-04-30,2024-07-31,2024,1
SA_200,NB_1875,2024-06-11,2024-05-22,2024,Consumer Staples,Consumer Staples,Retail - Consumer Staples,Retail - Consumer Staples,4.631848143549422,5.919510599530556,1.2876624559811338,1,market_cap,2024-05-31,2024-04-30,2024,1
SA_21,NB_1482,2024-06-19,2024-11-16,2024,Consumer Discretionary,Consumer Discretionary,Home & Office Products,Home & Office Products,4.393995965578019,4.511888647099639,0.11789268152161991,1,market_cap,2024-05-31,2024-10-31,2024,1
SA_24,NB_1690,2024-06-19,2024-05-22,2024,Technology,Technology,Software,Software,3.998444708594335,4.057057977436084,0.058613268841749555,1,market_cap,2024-05-31,2024-04-30,2024,1
SA_48,NB_2368,2024-06-20,2024-12-04,2024,Consumer Staples,Consumer Staples,Tobacco & Cannabis,Tobacco & Cannabis,3.955823599513053,4.4637575319377625,0.5079339324247094,1,market_cap,2024-05-31,2024-11-29,2024,1
SA_60,NB_890,2024-06-20,2024-10-01,2024,Consumer Staples,Consumer Staples,Food,Food,-0.06688794554163173,-0.17352040084088588,0.10663245529925415,1,market_cap,2024-05-31,2024-09-30,2024,1
SA_230,NB_451,2024-06-22,2024-12-04,2024,Consumer Discretionary,Consumer Discretionary,Leisure Facilities & Services,Leisure Facilities & Services,2.239773080582175,2.2387183461655784,0.0010547344165967587,1,market_cap,2024-05-31,2024-11-29,2024,1
SA_73,NB_554,2024-07-05,2024-12-04,2024,Energy,Energy,Renewable Energy,Renewable Energy,3.4667822302082336,3.436632090784429,0.0301501394238044,1,market_cap,2024-06-28,2024-11-29,2024,1
SA_42,NB_2477,2024-07-09,2024-10-01,2024,Energy,Energy,Oil & Gas Supply Chain,Oil & Gas Supply Chain,4.481226965292917,4.478393074620819,0.0028338906720977164,1,market_cap,2024-06-28,2024-09-30,2024,1
SA_30,NB_1928,2024-07-23,2024-10-01,2024,Health Care,Health Care,Biotech & Pharma,Biotech & Pharma,4.205960472042435,4.20665934084225,0.0006988687998150667,1,market_cap,2024-06-28,2024-09-30,2024,1
SA_208,NB_2943,2024-08-01,2024-10-01,2024,Industrials,Industrials,Transportation Equipment,Transportation Equipment,3.0274440961886717,3.0530951109424667,0.025651014753794943,1,market_cap,2024-07-31,2024-09-30,2024,1
SA_132,NB_762,2024-08-20,2024-11-16,2024,Industrials,Industrials,Transportation & Logistics,Transportation & Logistics,5.797877370847905,5.7963188109111305,0.0015585599367744507,1,market_cap,2024-07-31,2024-10-31,2024,1
SA_242,NB_2276,2024-08-23,2024-10-01,2024,Real Estate,Real Estate,Real Estate Owners & Developers,Real Estate Owners & Developers,1.7326638861691597,1.787768181291582,0.05510429512242232,1,market_cap,2024-07-31,2024-09-30,2024,1
SA_133,NB_1630,2024-08-29,2024-09-06,2024,Health Care,Health Care,Health Care Facilities & Svcs,Health Care Facilities & Svcs,3.163528006205209,3.1624197525639777,0.0011082536412314603,1,market_cap,2024-07-31,2024-08-30,2024,1
SA_110,NB_895,2024-09-06,2024-09-06,2024,Industrials,Industrials,Electrical Equipment,Electrical Equipment,2.025539584530471,2.0529178787394784,0.027378294209007503,1,market_cap,2024-08-30,2024-08-30,2024,1
SA_157,NB_1647,2024-09-06,2024-09-06,2024,Communications,Communications,Internet Media & Services,Internet Media & Services,5.163827228759927,5.148573545572085,0.015253683187841816,1,market_cap,2024-08-30,2024-08-30,2024,1
SA_181,NB_2671,2024-09-10,2024-05-22,2024,Consumer Discretionary,Consumer Discretionary,Retail - Discretionary,Retail - Discretionary,3.7368645323839074,3.6866118851215246,0.050252647262382766,1,market_cap,2024-08-30,2024-04-30,2024,1
SA_67,NB_361,2024-09-13,2024-12-04,2024,Health Care,Health Care,Biotech & Pharma,Biotech & Pharma,1.9411416549802043,1.9422319642482468,0.0010903092680425441,1,market_cap,2024-08-30,2024-11-29,2024,1
SA_177,NB_1805,2024-09-18,2024-05-22,2024,Technology,Technology,Technology Hardware,Technology Hardware,2.485947774296411,2.479332811438554,0.006614962857856899,1,market_cap,2024-08-30,2024-04-30,2024,1
SA_281,NB_734,2024-09-18,2024-07-23,2024,Industrials,Industrials,Transportation Equipment,Transportation Equipment,5.137807006758195,5.1266466872463505,0.011160319511844818,1,market_cap,2024-08-30,2024-06-28,2024,1
SA_213,NB_890,2024-09-20,2024-11-16,2024,Consumer Staples,Consumer Staples,Food,Food,0.99783385182755,0.9970593298717053,0.0007745219558447092,1,market_cap,2024-08-30,2024-10-31,2024,1
SA_259,NB_2710,2024-09-25,2024-08-29,2024,Health Care,Health Care,Biotech & Pharma,Biotech & Pharma,2.3098883591041655,2.304972241486544,0.004916117617621563,1,market_cap,2024-08-30,2024-07-31,2024,1
SA_258,NB_2976,2024-10-01,2024-12-04,2024,Materials,Materials,Chemicals,Chemicals,4.0046842252885275,3.6049297490562293,0.3997544762322982,1,market_cap,2024-09-30,2024-11-29,2024,1
SA_175,NB_2641,2024-10-02,2024-08-29,2024,Technology,Technology,Software,Software,5.462811793465224,5.453046736044982,0.009765057420241696,1,market_cap,2024-09-30,2024-07-31,2024,1
SA_124,NB_1027,2024-10-30,2024-09-25,2024,Consumer Discretionary,Consumer Discretionary,Automotive,Automotive,4.338650600118322,4.151296565872043,0.18735403424627872,1,market_cap,2024-09-30,2024-08-30,2024,1
SA_260,NB_2692,2024-11-16,2024-09-25,2024,Health Care,Health Care,Medical Equipment & Devices,Medical Equipment & Devices,0.5827741230785747,0.6614500938166907,0.07867597073811605,1,market_cap,2024-10-31,2024-08-30,2024,1
SA_261,NB_933,2024-11-20,2024-12-04,2024,Health Care,Health Care,Biotech & Pharma,Biotech & Pharma,1.211821919269335,1.2110775060558676,0.0007444132134672987,1,market_cap,2024-10-31,2024-11-29,2024,1
SA_170,NB_2984,2024-11-26,2024-12-04,2024,Health Care,Health Care,Biotech & Pharma,Biotech & Pharma,4.158567408539618,4.159848242443761,0.0012808339041434635,1,market_cap,2024-10-31,2024-11-29,2024,1
SA_204,NB_1321,2024-11-27,2024-05-22,2024,Industrials,Industrials,Transportation Equipment,Transportation Equipment,5.477331376099984,5.421490295044336,0.055841081055648445,1,market_cap,2024-10-31,2024-04-30,2024,1
SA_66,NB_2490,2024-12-04,2024-07-23,2024,Materials,Materials,Construction Materials,Construction Materials,0.9572407182031091,4.988147665407807,4.030906947204698,1,market_cap,2024-11-29,2024-06-28,2024,1
SA_169,NB_409,2024-12-12,2024-06-22,2024,Health Care,Health Care,Medical Equipment & Devices,Medical Equipment & Devices,2.285286328415716,2.2789684013930485,0.0063179270226676465,1,market_cap,2024-11-29,2024-05-31,2024,1
SA_279,NB_842,2024-12-18,2024-11-27,2024,Health Care,Health Care,Biotech & Pharma,Biotech & Pharma,1.4113283788395323,1.411060141765122,0.00026823707441026023,1,market_cap,2024-11-29,2024-10-31,2024,1
SA_228,NB_36,2024-12-25,2024-10-30,2024,Health Care,Health Care,Health Care Facilities & Svcs,Health Care Facilities & Svcs,0.6110147910213262,0.6109605095719982,5.428144932795309e-05,1,market_cap,2024-11-29,2024-09-30,2024,1
SA_284,NB_1614,2024-12-26,2024-08-29,2024,Consumer Staples,Consumer Staples,Food,Food,3.1508367840543925,3.137444486826975,0.013392297227417416,1,market_cap,2024-11-29,2024-07-31,2024,1
SA_43,NB_1397,2024-12-28,2024-12-28,2024,Technology,Technology,Software,Software,1.5353607090377845,1.5066075266298993,0.02875318240788527,1,market_cap,2024-11-29,2024-11-29,2024,1
SA_141,NB_1201,2025-01-04,2025-02-13,2025,Health Care,Health Care,Biotech & Pharma,Biotech & Pharma,1.732681567290143,1.7309296180201759,0.0017519492699671346,1,market_cap,2024-12-31,2025-01-31,2025,1
SA_196,NB_2827,2025-01-21,2025-04-30,2025,Health Care,Health Care,Biotech & Pharma,Biotech & Pharma,0.47405789957377614,0.46222344192677317,0.011834457647002972,1,market_cap,2024-12-31,2025-03-31,2025,1
SA_291,NB_1583,2025-01-21,2025-02-13,2025,Consumer Discretionary,Consumer Discretionary,Automotive,Automotive,3.4376932318999955,2.6834705821278195,0.754222649772176,1,market_cap,2024-12-31,2025-01-31,2025,1
SA_273,NB_1681,2025-01-22,2025-01-22,2025,Health Care,Health Care,Biotech & Pharma,Biotech & Pharma,2.1796714180886303,2.1726700107726122,0.00700140731601806,1,market_cap,2024-12-31,2024-12-31,2025,1
SA_197,NB_1023,2025-02-13,2025-04-30,2025,Health Care,Health Care,Medical Equipment & Devices,Medical Equipment & Devices,3.520732954801285,3.524520597694154,0.0037876428928691475,1,market_cap,2025-01-31,2025-03-31,2025,1
SA_217,NB_2719,2025-02-20,2025-02-20,2025,Technology,Technology,Software,Software,1.2109285568919417,1.1359080734118066,0.07502048348013513,1,market_cap,2025-01-31,2025-01-31,2025,1
SA_103,NB_1026,2025-03-12,2025-03-12,2025,Energy,Energy,Renewable Energy,Renewable Energy,5.334752472729013,5.2873064684922415,0.0474460042367717,1,market_cap,2025-02-28,2025-02-28,2025,1
SA_278,NB_1241,2025-03-22,2025-03-22,2025,Technology,Technology,Software,Software,0.9467423393299835,0.9271911063424434,0.019551232987540135,1,market_cap,2025-02-28,2025-02-28,2025,1
SA_195,NB_3023,2025-03-27,2025-04-30,2025,Communications,Communications,Advertising & Marketing,Advertising & Marketing,1.6700437105439587,1.5107881624677162,0.15925554807624254,1,market_cap,2025-02-28,2025-03-31,2025,1
SA_216,NB_1409,2025-04-30,2025-01-22,2025,Communications,Communications,Internet Media & Services,Internet Media & Services,2.0499226136433046,1.9876277424071818,0.06229487123612287,1,market_cap,2025-03-31,2024-12-31,2025,1
