company_id,prediction_date,metadata_event_id,target,prediction_year,split,company_group_id,metadata_outcome_end_date
NB_1011,2002-02-22,NB_1011@2002-02-22,0,2002,train,group:NB_1011,2003-02-22
NB_1045,2000-09-30,NB_1045@2000-09-30,0,2000,train,group:NB_1045,2001-09-30
NB_1045,2001-11-22,NB_1045@2001-11-22,0,2001,train,group:NB_1045,2002-11-22
NB_1047,2003-05-22,NB_1047@2003-05-22,0,2003,train,group:NB_1047,2004-05-22
NB_1072,2000-05-10,NB_1072@2000-05-10,0,2000,train,group:NB_1072,2001-05-10
NB_1072,2001-07-03,NB_1072@2001-07-03,0,2001,train,group:NB_1072,2002-07-03
NB_1072,2002-12-17,NB_1072@2002-12-17,0,2002,train,group:NB_1072,2003-12-17
NB_1105,2001-03-02,NB_1105@2001-03-02,0,2001,train,group:NB_1105,2002-03-02
NB_1195,2001-11-22,NB_1195@2001-11-22,0,2001,train,group:NB_1195,2002-11-22
NB_1195,2004-02-27,NB_1195@2004-02-27,0,2004,train,group:NB_1195,2005-02-27
NB_1197,2009-07-03,NB_1197@2009-07-03,0,2009,train,group:NB_1197,2010-07-03
NB_1240,2001-11-22,NB_1240@2001-11-22,0,2001,train,group:NB_1240,2002-11-22
NB_1305,2002-03-13,NB_1305@2002-03-13,0,2002,train,group:NB_1305,2003-03-13
NB_1305,2005-02-16,NB_1305@2005-02-16,0,2005,train,group:NB_1305,2006-02-16
NB_1305,2005-06-16,NB_1305@2005-06-16,0,2005,train,group:NB_1305,2006-06-16
NB_1325,2011-10-06,NB_1325@2011-10-06,0,2011,train,group:NB_1325,2012-10-06
NB_1352,2011-10-06,NB_1352@2011-10-06,0,2011,train,group:NB_1352,2012-10-06
NB_1385,2008-12-18,NB_1385@2008-12-18,0,2008,train,group:NB_1385,2009-12-18
NB_1398,2008-08-08,NB_1398@2008-08-08,0,2008,train,group:NB_1398,2009-08-08
NB_1398,2009-08-17,NB_1398@2009-08-17,0,2009,train,group:NB_1398,2010-08-17
NB_1404,2008-08-08,NB_1404@2008-08-08,0,2008,train,group:NB_1404,2009-08-08
NB_1503,1999-06-05,NB_1503@1999-06-05,0,1999,train,group:NB_1503,2000-06-05
NB_1538,2000-02-03,NB_1538@2000-02-03,0,2000,train,group:NB_1538,2001-02-03
NB_1547,1998-09-28,NB_1547@1998-09-28,0,1998,train,group:NB_1547,1999-09-28
NB_1574,2006-06-30,NB_1574@2006-06-30,0,2006,train,group:NB_1574,2007-06-30
NB_1593,2003-03-19,NB_1593@2003-03-19,0,2003,train,group:NB_1593,2004-03-19
NB_1596,2013-12-23,NB_1596@2013-12-23,0,2013,train,group:NB_1596,2014-12-23
NB_160,2000-09-30,NB_160@2000-09-30,0,2000,train,group:NB_160,2001-09-30
NB_160,2013-01-08,NB_160@2013-01-08,0,2013,train,group:NB_160,2014-01-08
NB_1617,1998-11-13,NB_1617@1998-11-13,0,1998,train,group:NB_1617,1999-11-13
NB_1617,2003-02-05,NB_1617@2003-02-05,0,2003,train,group:NB_1617,2004-02-05
NB_1623,2003-05-22,NB_1623@2003-05-22,0,2003,train,group:NB_1623,2004-05-22
NB_170,2003-11-06,NB_170@2003-11-06,0,2003,train,group:NB_170,2004-11-06
NB_1718,2002-02-22,NB_1718@2002-02-22,0,2002,train,group:NB_1718,2003-02-22
NB_1728,2013-06-19,NB_1728@2013-06-19,0,2013,train,group:NB_1728,2014-06-19
NB_1730,2007-10-31,NB_1730@2007-10-31,0,2007,train,group:NB_1730,2008-10-31
NB_1746,2004-02-27,NB_1746@2004-02-27,0,2004,train,group:NB_1746,2005-02-27
NB_1775,2004-07-28,NB_1775@2004-07-28,0,2004,train,group:NB_1775,2005-07-28
NB_1775,2009-02-27,NB_1775@2009-02-27,0,2009,train,group:NB_1775,2010-02-27
NB_1790,2002-12-17,NB_1790@2002-12-17,0,2002,train,group:NB_1790,2003-12-17
NB_1826,2002-12-21,NB_1826@2002-12-21,0,2002,train,group:NB_1826,2003-12-21
NB_1830,2009-02-27,NB_1830@2009-02-27,0,2009,train,group:NB_1830,2010-02-27
NB_1932,2002-03-13,NB_1932@2002-03-13,0,2002,train,group:NB_1932,2003-03-13
NB_194,2004-12-07,NB_194@2004-12-07,0,2004,train,group:NB_194,2005-12-07
NB_1964,2006-12-21,NB_1964@2006-12-21,0,2006,train,group:NB_1964,2007-12-21
NB_1975,2012-05-19,NB_1975@2012-05-19,0,2012,train,group:NB_1975,2013-05-19
NB_2020,2013-01-08,NB_2020@2013-01-08,0,2013,train,group:NB_2020,2014-01-08
NB_2021,2011-10-06,NB_2021@2011-10-06,0,2011,train,group:NB_2021,2012-10-06
NB_2034,2006-06-30,NB_2034@2006-06-30,0,2006,train,group:NB_2034,2007-06-30
NB_2041,2011-11-16,NB_2041@2011-11-16,0,2011,train,group:NB_2041,2012-11-16
NB_206,2011-08-09,NB_206@2011-08-09,0,2011,train,group:NB_206,2012-08-09
NB_2068,2004-02-27,NB_2068@2004-02-27,0,2004,train,group:NB_2068,2005-02-27
NB_2102,1998-07-07,NB_2102@1998-07-07,0,1998,train,group:NB_2102,1999-07-07
NB_2105,2001-11-22,NB_2105@2001-11-22,0,2001,train,group:NB_2105,2002-11-22
NB_2105,2008-12-18,NB_2105@2008-12-18,0,2008,train,group:NB_2105,2009-12-18
NB_212,2012-10-30,NB_212@2012-10-30,0,2012,train,group:NB_212,2013-10-30
NB_2140,2003-11-06,NB_2140@2003-11-06,0,2003,train,group:NB_2140,2004-11-06
NB_2147,1999-10-20,NB_2147@1999-10-20,0,1999,train,group:NB_2147,2000-10-20
NB_2158,2001-03-02,NB_2158@2001-03-02,0,2001,train,group:NB_2158,2002-03-02
NB_2212,2009-01-20,NB_2212@2009-01-20,0,2009,train,group:NB_2212,2010-01-20
NB_2249,1998-06-18,NB_2249@1998-06-18,0,1998,train,group:NB_2249,1999-06-18
NB_2264,2000-05-10,NB_2264@2000-05-10,0,2000,train,group:NB_2264,2001-05-10
NB_2264,2000-07-07,NB_2264@2000-07-07,0,2000,train,group:NB_2264,2001-07-07
NB_2298,2003-01-01,NB_2298@2003-01-01,0,2003,train,group:NB_2298,2004-01-01
NB_2378,2012-01-13,NB_2378@2012-01-13,0,2012,train,group:NB_2378,2013-01-13
NB_2386,2000-09-30,NB_2386@2000-09-30,0,2000,train,group:NB_2386,2001-09-30
NB_2394,1998-12-15,NB_2394@1998-12-15,0,1998,train,group:NB_2394,1999-12-15
NB_2430,2006-09-12,NB_2430@2006-09-12,0,2006,train,group:NB_2430,2007-09-12
NB_2442,2002-06-05,NB_2442@2002-06-05,0,2002,train,group:NB_2442,2003-06-05
NB_2446,1998-11-13,NB_2446@1998-11-13,0,1998,train,group:NB_2446,1999-11-13
NB_2446,1999-10-20,NB_2446@1999-10-20,0,1999,train,group:NB_2446,2000-10-20
NB_2447,2001-11-22,NB_2447@2001-11-22,0,2001,train,group:NB_2447,2002-11-22
NB_2458,2008-12-27,NB_2458@2008-12-27,0,2008,train,group:NB_2458,2009-12-27
NB_2478,2001-07-03,NB_2478@2001-07-03,0,2001,train,group:NB_2478,2002-07-03
NB_2478,2004-09-01,NB_2478@2004-09-01,0,2004,train,group:NB_2478,2005-09-01
NB_248,2013-01-08,NB_248@2013-01-08,0,2013,train,group:NB_248,2014-01-08
NB_249,2011-10-06,NB_249@2011-10-06,0,2011,train,group:NB_249,2012-10-06
NB_2490,2001-03-02,NB_2490@2001-03-02,0,2001,train,group:NB_2490,2002-03-02
NB_2492,2001-03-02,NB_2492@2001-03-02,0,2001,train,group:NB_2492,2002-03-02
NB_2492,2005-08-09,NB_2492@2005-08-09,0,2005,train,group:NB_2492,2006-08-09
NB_252,2011-11-16,NB_252@2011-11-16,0,2011,train,group:NB_252,2012-11-16
NB_2563,2000-09-30,NB_2563@2000-09-30,0,2000,train,group:NB_2563,2001-09-30
NB_2587,2001-10-18,NB_2587@2001-10-18,0,2001,train,group:NB_2587,2002-10-18
NB_2587,2009-04-08,NB_2587@2009-04-08,0,2009,train,group:NB_2587,2010-04-08
NB_2603,2004-09-01,NB_2603@2004-09-01,0,2004,train,group:NB_2603,2005-09-01
NB_261,2004-09-01,NB_261@2004-09-01,0,2004,train,group:NB_261,2005-09-01
NB_2626,2004-11-04,NB_2626@2004-11-04,0,2004,train,group:NB_2626,2005-11-04
NB_2660,2004-11-02,NB_2660@2004-11-02,0,2004,train,group:NB_2660,2005-11-02
NB_2671,2006-09-12,NB_2671@2006-09-12,0,2006,train,group:NB_2671,2007-09-12
NB_2671,2010-06-25,NB_2671@2010-06-25,0,2010,train,group:NB_2671,2011-06-25
NB_2704,2012-01-13,NB_2704@2012-01-13,0,2012,train,group:NB_2704,2013-01-13
NB_2742,2001-10-18,NB_2742@2001-10-18,0,2001,train,group:NB_2742,2002-10-18
NB_2751,2000-02-03,NB_2751@2000-02-03,0,2000,train,group:NB_2751,2001-02-03
NB_2775,2011-10-06,NB_2775@2011-10-06,0,2011,train,group:NB_2775,2012-10-06
NB_2778,2003-03-31,NB_2778@2003-03-31,0,2003,train,group:NB_2778,2004-03-31
NB_2778,2007-10-31,NB_2778@2007-10-31,0,2007,train,group:NB_2778,2008-10-31
NB_2794,2003-02-05,NB_2794@2003-02-05,0,2003,train,group:NB_2794,2004-02-05
NB_2797,2008-11-23,NB_2797@2008-11-23,0,2008,train,group:NB_2797,2009-11-23
NB_2798,2008-11-23,NB_2798@2008-11-23,0,2008,train,group:NB_2798,2009-11-23
NB_2811,2001-03-02,NB_2811@2001-03-02,0,2001,train,group:NB_2811,2002-03-02
NB_2813,1999-09-04,NB_2813@1999-09-04,0,1999,train,group:NB_2813,2000-09-04
NB_2815,2002-02-22,NB_2815@2002-02-22,0,2002,train,group:NB_2815,2003-02-22
NB_2815,2003-05-22,NB_2815@2003-05-22,0,2003,train,group:NB_2815,2004-05-22
NB_283,2008-11-23,NB_283@2008-11-23,0,2008,train,group:NB_283,2009-11-23
NB_2887,2001-03-02,NB_2887@2001-03-02,0,2001,train,group:NB_2887,2002-03-02
NB_2887,2002-12-17,NB_2887@2002-12-17,0,2002,train,group:NB_2887,2003-12-17
NB_2930,2001-07-03,NB_2930@2001-07-03,0,2001,train,group:NB_2930,2002-07-03
NB_2942,2005-08-09,NB_2942@2005-08-09,0,2005,train,group:NB_2942,2006-08-09
NB_2944,2011-02-23,NB_2944@2011-02-23,0,2011,train,group:NB_2944,2012-02-23
NB_2972,2012-01-13,NB_2972@2012-01-13,0,2012,train,group:NB_2972,2013-01-13
NB_335,2011-02-23,NB_335@2011-02-23,0,2011,train,group:NB_335,2012-02-23
NB_390,2003-01-01,NB_390@2003-01-01,0,2003,train,group:NB_390,2004-01-01
NB_390,2008-11-20,NB_390@2008-11-20,0,2008,train,group:NB_390,2009-11-20
NB_390,2012-05-19,NB_390@2012-05-19,0,2012,train,group:NB_390,2013-05-19
NB_40,2012-10-30,NB_40@2012-10-30,0,2012,train,group:NB_40,2013-10-30
NB_476,2009-04-08,NB_476@2009-04-08,0,2009,train,group:NB_476,2010-04-08
NB_494,2006-06-30,NB_494@2006-06-30,0,2006,train,group:NB_494,2007-06-30
NB_518,1999-08-06,NB_518@1999-08-06,0,1999,train,group:NB_518,2000-08-06
NB_544,2012-10-30,NB_544@2012-10-30,0,2012,train,group:NB_544,2013-10-30
NB_590,2000-09-30,NB_590@2000-09-30,0,2000,train,group:NB_590,2001-09-30
NB_590,2001-10-18,NB_590@2001-10-18,0,2001,train,group:NB_590,2002-10-18
NB_590,2003-06-26,NB_590@2003-06-26,0,2003,train,group:NB_590,2004-06-26
NB_591,2008-12-18,NB_591@2008-12-18,0,2008,train,group:NB_591,2009-12-18
NB_594,2001-12-06,NB_594@2001-12-06,0,2001,train,group:NB_594,2002-12-06
NB_594,2002-12-17,NB_594@2002-12-17,0,2002,train,group:NB_594,2003-12-17
NB_594,2012-01-13,NB_594@2012-01-13,0,2012,train,group:NB_594,2013-01-13
NB_607,2008-11-23,NB_607@2008-11-23,0,2008,train,group:NB_607,2009-11-23
NB_61,2009-02-27,NB_61@2009-02-27,0,2009,train,group:NB_61,2010-02-27
NB_618,2002-02-22,NB_618@2002-02-22,0,2002,train,group:NB_618,2003-02-22
NB_635,2003-01-01,NB_635@2003-01-01,0,2003,train,group:NB_635,2004-01-01
NB_642,2001-03-02,NB_642@2001-03-02,0,2001,train,group:NB_642,2002-03-02
NB_688,1998-07-07,NB_688@1998-07-07,0,1998,train,group:NB_688,1999-07-07
NB_691,2002-12-17,NB_691@2002-12-17,0,2002,train,group:NB_691,2003-12-17
NB_691,2003-02-14,NB_691@2003-02-14,0,2003,train,group:NB_691,2004-02-14
NB_704,2013-01-08,NB_704@2013-01-08,0,2013,train,group:NB_704,2014-01-08
NB_706,2003-11-06,NB_706@2003-11-06,0,2003,train,group:NB_706,2004-11-06
NB_733,2007-10-31,NB_733@2007-10-31,0,2007,train,group:NB_733,2008-10-31
NB_745,2004-07-28,NB_745@2004-07-28,0,2004,train,group:NB_745,2005-07-28
NB_780,2009-02-27,NB_780@2009-02-27,0,2009,train,group:NB_780,2010-02-27
NB_791,1999-09-04,NB_791@1999-09-04,0,1999,train,group:NB_791,2000-09-04
NB_791,2003-02-14,NB_791@2003-02-14,0,2003,train,group:NB_791,2004-02-14
NB_836,2005-06-16,NB_836@2005-06-16,0,2005,train,group:NB_836,2006-06-16
NB_86,2002-03-13,NB_86@2002-03-13,0,2002,train,group:NB_86,2003-03-13
NB_872,1998-07-07,NB_872@1998-07-07,0,1998,train,group:NB_872,1999-07-07
NB_872,1998-11-13,NB_872@1998-11-13,0,1998,train,group:NB_872,1999-11-13
NB_872,2002-09-21,NB_872@2002-09-21,0,2002,train,group:NB_872,2003-09-21
NB_873,2003-03-29,NB_873@2003-03-29,0,2003,train,group:NB_873,2004-03-29
NB_893,2001-08-22,NB_893@2001-08-22,0,2001,train,group:NB_893,2002-08-22
NB_893,2002-06-05,NB_893@2002-06-05,0,2002,train,group:NB_893,2003-06-05
NB_90,2003-01-01,NB_90@2003-01-01,0,2003,train,group:NB_90,2004-01-01
NB_968,2008-12-31,NB_968@2008-12-31,0,2008,train,group:NB_968,2009-12-31
NB_968,2009-04-08,NB_968@2009-04-08,0,2009,train,group:NB_968,2010-04-08
NB_974,2003-01-01,NB_974@2003-01-01,0,2003,train,group:NB_974,2004-01-01
NB_986,2000-09-20,NB_986@2000-09-20,0,2000,train,group:NB_986,2001-09-20
NB_99,2004-12-07,NB_99@2004-12-07,0,2004,train,group:NB_99,2005-12-07
NB_99,2005-08-09,NB_99@2005-08-09,0,2005,train,group:NB_99,2006-08-09
NB_998,2004-12-07,NB_998@2004-12-07,0,2004,train,group:NB_998,2005-12-07
NB_998,2009-08-17,NB_998@2009-08-17,0,2009,train,group:NB_998,2010-08-17
SA_0,2003-11-06,SA_0@2003-11-06,1,2003,train,group:SA_0,2004-11-06
SA_10,2001-08-22,SA_10@2001-08-22,1,2001,train,group:SA_10,2002-08-22
SA_102,2009-04-08,SA_102@2009-04-08,1,2009,train,group:SA_102,2010-04-08
SA_105,2003-03-29,SA_105@2003-03-29,1,2003,train,group:SA_105,2004-03-29
SA_113,2012-01-13,SA_113@2012-01-13,1,2012,train,group:SA_113,2013-01-13
SA_115,2009-01-19,SA_115@2009-01-19,1,2009,train,group:SA_115,2010-01-19
SA_117,2003-05-22,SA_117@2003-05-22,1,2003,train,group:SA_117,2004-05-22
SA_118,2002-02-19,SA_118@2002-02-19,1,2002,train,group:SA_118,2003-02-19
SA_129,2009-02-27,SA_129@2009-02-27,1,2009,train,group:SA_129,2010-02-27
SA_13,2004-07-07,SA_13@2004-07-07,1,2004,train,group:SA_13,2005-07-07
SA_130,2000-02-03,SA_130@2000-02-03,1,2000,train,group:SA_130,2001-02-03
SA_131,2002-03-05,SA_131@2002-03-05,1,2002,train,group:SA_131,2003-03-05
SA_134,1999-06-05,SA_134@1999-06-05,1,1999,train,group:SA_134,2000-06-05
SA_135,1998-09-28,SA_135@1998-09-28,1,1998,train,group:SA_135,1999-09-28
SA_140,2003-03-19,SA_140@2003-03-19,1,2003,train,group:SA_140,2004-03-19
SA_143,2001-03-02,SA_143@2001-03-02,1,2001,train,group:SA_143,2002-03-02
SA_145,1999-08-06,SA_145@1999-08-06,1,1999,train,group:SA_145,2000-08-06
SA_153,2008-08-08,SA_153@2008-08-08,1,2008,train,group:SA_153,2009-08-08
SA_158,2004-12-07,SA_158@2004-12-07,1,2004,train,group:SA_158,2005-12-07
SA_160,2001-10-18,SA_160@2001-10-18,1,2001,train,group:SA_160,2002-10-18
SA_162,2001-07-03,SA_162@2001-07-03,1,2001,train,group:SA_162,2002-07-03
SA_164,2009-08-17,SA_164@2009-08-17,1,2009,train,group:SA_164,2010-08-17
SA_165,2004-07-28,SA_165@2004-07-28,1,2004,train,group:SA_165,2005-07-28
SA_166,2003-01-01,SA_166@2003-01-01,1,2003,train,group:SA_166,2004-01-01
SA_171,2008-12-18,SA_171@2008-12-18,1,2008,train,group:SA_171,2009-12-18
SA_178,2003-02-06,SA_178@2003-02-06,1,2003,train,group:SA_178,2004-02-06
SA_18,2013-01-08,SA_18@2013-01-08,1,2013,train,group:SA_18,2014-01-08
SA_182,2004-11-04,SA_182@2004-11-04,1,2004,train,group:SA_182,2005-11-04
SA_186,2011-08-09,SA_186@2011-08-09,1,2011,train,group:SA_186,2012-08-09
SA_187,1998-07-07,SA_187@1998-07-07,1,1998,train,group:SA_187,1999-07-07
SA_190,2006-06-30,SA_190@2006-06-30,1,2006,train,group:SA_190,2007-06-30
SA_202,2009-02-27,SA_202@2009-02-27,1,2009,train,group:SA_202,2010-02-27
SA_203,2003-03-31,SA_203@2003-03-31,1,2003,train,group:SA_203,2004-03-31
SA_205,2013-06-19,SA_205@2013-06-19,1,2013,train,group:SA_205,2014-06-19
SA_207,2004-11-02,SA_207@2004-11-02,1,2004,train,group:SA_207,2005-11-02
SA_209,2011-02-23,SA_209@2011-02-23,1,2011,train,group:SA_209,2012-02-23
SA_211,2008-11-20,SA_211@2008-11-20,1,2008,train,group:SA_211,2009-11-20
SA_215,2000-08-11,SA_215@2000-08-11,1,2000,train,group:SA_215,2001-08-11
SA_22,2002-12-21,SA_22@2002-12-21,1,2002,train,group:SA_22,2003-12-21
SA_220,2001-08-15,SA_220@2001-08-15,1,2001,train,group:SA_220,2002-08-15
SA_222,1998-06-18,SA_222@1998-06-18,1,1998,train,group:SA_222,1999-06-18
SA_223,2002-06-05,SA_223@2002-06-05,1,2002,train,group:SA_223,2003-06-05
SA_235,2003-02-05,SA_235@2003-02-05,1,2003,train,group:SA_235,2004-02-05
SA_238,2001-08-17,SA_238@2001-08-17,1,2001,train,group:SA_238,2002-08-17
SA_240,2001-12-06,SA_240@2001-12-06,1,2001,train,group:SA_240,2002-12-06
SA_243,2008-12-27,SA_243@2008-12-27,1,2008,train,group:SA_243,2009-12-27
SA_248,2009-07-03,SA_248@2009-07-03,1,2009,train,group:SA_248,2010-07-03
SA_251,2003-06-26,SA_251@2003-06-26,1,2003,train,group:SA_251,2004-06-26
SA_26,1998-11-13,SA_26@1998-11-13,1,1998,train,group:SA_26,1999-11-13
SA_267,2005-06-16,SA_267@2005-06-16,1,2005,train,group:SA_267,2006-06-16
SA_268,2004-02-27,SA_268@2004-02-27,1,2004,train,group:SA_268,2005-02-27
SA_27,2008-11-23,SA_27@2008-11-23,1,2008,train,group:SA_27,2009-11-23
SA_271,2002-12-17,SA_271@2002-12-17,1,2002,train,group:SA_271,2003-12-17
SA_274,2011-10-06,SA_274@2011-10-06,1,2011,train,group:SA_274,2012-10-06
SA_277,2003-02-14,SA_277@2003-02-14,1,2003,train,group:SA_277,2004-02-14
SA_280,2000-09-20,SA_280@2000-09-20,1,2000,train,group:SA_280,2001-09-20
SA_287,2004-09-01,SA_287@2004-09-01,1,2004,train,group:SA_287,2005-09-01
SA_29,2012-05-19,SA_29@2012-05-19,1,2012,train,group:SA_29,2013-05-19
SA_290,2001-09-06,SA_290@2001-09-06,1,2001,train,group:SA_290,2002-09-06
SA_3,2001-12-11,SA_3@2001-12-11,1,2001,train,group:SA_3,2002-12-11
SA_307,2011-08-04,SA_307@2011-08-04,1,2011,train,group:SA_307,2012-08-04
SA_308,2002-02-22,SA_308@2002-02-22,1,2002,train,group:SA_308,2003-02-22
SA_309,2008-12-31,SA_309@2008-12-31,1,2008,train,group:SA_309,2009-12-31
SA_36,2002-03-13,SA_36@2002-03-13,1,2002,train,group:SA_36,2003-03-13
SA_39,2007-10-31,SA_39@2007-10-31,1,2007,train,group:SA_39,2008-10-31
SA_40,2010-06-25,SA_40@2010-06-25,1,2010,train,group:SA_40,2011-06-25
SA_41,2013-12-23,SA_41@2013-12-23,1,2013,train,group:SA_41,2014-12-23
SA_45,2002-08-29,SA_45@2002-08-29,1,2002,train,group:SA_45,2003-08-29
SA_47,2003-07-25,SA_47@2003-07-25,1,2003,train,group:SA_47,2004-07-25
SA_49,2006-12-21,SA_49@2006-12-21,1,2006,train,group:SA_49,2007-12-21
SA_5,2005-06-16,SA_5@2005-06-16,1,2005,train,group:SA_5,2006-06-16
SA_51,2000-07-07,SA_51@2000-07-07,1,2000,train,group:SA_51,2001-07-07
SA_58,2002-09-21,SA_58@2002-09-21,1,2002,train,group:SA_58,2003-09-21
SA_59,1999-10-20,SA_59@1999-10-20,1,1999,train,group:SA_59,2000-10-20
SA_64,2011-11-16,SA_64@2011-11-16,1,2011,train,group:SA_64,2012-11-16
SA_65,2012-08-16,SA_65@2012-08-16,1,2012,train,group:SA_65,2013-08-16
SA_68,2003-06-16,SA_68@2003-06-16,1,2003,train,group:SA_68,2004-06-16
SA_7,2009-01-20,SA_7@2009-01-20,1,2009,train,group:SA_7,2010-01-20
SA_70,2004-07-22,SA_70@2004-07-22,1,2004,train,group:SA_70,2005-07-22
SA_71,2006-09-12,SA_71@2006-09-12,1,2006,train,group:SA_71,2007-09-12
SA_72,2012-10-30,SA_72@2012-10-30,1,2012,train,group:SA_72,2013-10-30
SA_74,2012-10-30,SA_74@2012-10-30,1,2012,train,group:SA_74,2013-10-30
SA_75,1999-09-04,SA_75@1999-09-04,1,1999,train,group:SA_75,2000-09-04
SA_77,2001-11-22,SA_77@2001-11-22,1,2001,train,group:SA_77,2002-11-22
SA_79,2005-08-09,SA_79@2005-08-09,1,2005,train,group:SA_79,2006-08-09
SA_80,1998-12-15,SA_80@1998-12-15,1,1998,train,group:SA_80,1999-12-15
SA_84,2001-09-15,SA_84@2001-09-15,1,2001,train,group:SA_84,2002-09-15
SA_88,2005-02-16,SA_88@2005-02-16,1,2005,train,group:SA_88,2006-02-16
SA_9,2000-05-10,SA_9@2000-05-10,1,2000,train,group:SA_9,2001-05-10
SA_90,2000-09-30,SA_90@2000-09-30,1,2000,train,group:SA_90,2001-09-30
SA_93,2007-08-21,SA_93@2007-08-21,1,2007,train,group:SA_93,2008-08-21
