fold,split,company_id,prediction_date,target,prediction_year,metadata_event_id,company_group_id,metadata_outcome_end_date
fold_1,train,NB_2249,1998-06-18,0,1998,NB_2249@1998-06-18,group:NB_2249,1999-06-18
fold_1,train,SA_222,1998-06-18,1,1998,SA_222@1998-06-18,group:SA_222,1999-06-18
fold_1,train,NB_2102,1998-07-07,0,1998,NB_2102@1998-07-07,group:NB_2102,1999-07-07
fold_1,train,NB_688,1998-07-07,0,1998,NB_688@1998-07-07,group:NB_688,1999-07-07
fold_1,train,NB_872,1998-07-07,0,1998,NB_872@1998-07-07,group:NB_872,1999-07-07
fold_1,train,SA_187,1998-07-07,1,1998,SA_187@1998-07-07,group:SA_187,1999-07-07
fold_1,train,NB_1547,1998-09-28,0,1998,NB_1547@1998-09-28,group:NB_1547,1999-09-28
fold_1,train,SA_135,1998-09-28,1,1998,SA_135@1998-09-28,group:SA_135,1999-09-28
fold_1,train,NB_1617,1998-11-13,0,1998,NB_1617@1998-11-13,group:NB_1617,1999-11-13
fold_1,train,NB_2446,1998-11-13,0,1998,NB_2446@1998-11-13,group:NB_2446,1999-11-13
fold_1,train,NB_872,1998-11-13,0,1998,NB_872@1998-11-13,group:NB_872,1999-11-13
fold_1,train,SA_26,1998-11-13,1,1998,SA_26@1998-11-13,group:SA_26,1999-11-13
fold_1,train,NB_2394,1998-12-15,0,1998,NB_2394@1998-12-15,group:NB_2394,1999-12-15
fold_1,train,SA_80,1998-12-15,1,1998,SA_80@1998-12-15,group:SA_80,1999-12-15
fold_1,train,NB_1503,1999-06-05,0,1999,NB_1503@1999-06-05,group:NB_1503,2000-06-05
fold_1,train,NB_899,1999-06-05,0,1999,NB_899@1999-06-05,group:NB_899,2000-06-05
fold_1,train,SA_134,1999-06-05,1,1999,SA_134@1999-06-05,group:SA_134,2000-06-05
fold_1,train,NB_1548,1999-08-06,0,1999,NB_1548@1999-08-06,group:NB_1548,2000-08-06
fold_1,train,NB_518,1999-08-06,0,1999,NB_518@1999-08-06,group:NB_518,2000-08-06
fold_1,train,SA_145,1999-08-06,1,1999,SA_145@1999-08-06,group:SA_145,2000-08-06
fold_1,train,NB_2813,1999-09-04,0,1999,NB_2813@1999-09-04,group:NB_2813,2000-09-04
fold_1,train,NB_791,1999-09-04,0,1999,NB_791@1999-09-04,group:NB_791,2000-09-04
fold_1,train,SA_75,1999-09-04,1,1999,SA_75@1999-09-04,group:SA_75,2000-09-04
fold_1,train,NB_2147,1999-10-20,0,1999,NB_2147@1999-10-20,group:NB_2147,2000-10-20
fold_1,train,NB_2446,1999-10-20,0,1999,NB_2446@1999-10-20,group:NB_2446,2000-10-20
fold_1,train,SA_59,1999-10-20,1,1999,SA_59@1999-10-20,group:SA_59,2000-10-20
fold_1,train,NB_1538,2000-02-03,0,2000,NB_1538@2000-02-03,group:NB_1538,2001-02-03
fold_1,train,NB_1630,2000-02-03,0,2000,NB_1630@2000-02-03,group:NB_1630,2001-02-03
fold_1,train,NB_2751,2000-02-03,0,2000,NB_2751@2000-02-03,group:NB_2751,2001-02-03
fold_1,train,SA_130,2000-02-03,1,2000,SA_130@2000-02-03,group:SA_130,2001-02-03
fold_1,train,NB_1072,2000-05-10,0,2000,NB_1072@2000-05-10,group:NB_1072,2001-05-10
fold_1,train,NB_2264,2000-05-10,0,2000,NB_2264@2000-05-10,group:NB_2264,2001-05-10
fold_1,train,SA_9,2000-05-10,1,2000,SA_9@2000-05-10,group:SA_9,2001-05-10
fold_1,train,NB_2264,2000-07-07,0,2000,NB_2264@2000-07-07,group:NB_2264,2001-07-07
fold_1,train,SA_51,2000-07-07,1,2000,SA_51@2000-07-07,group:SA_51,2001-07-07
fold_1,train,SA_215,2000-08-11,1,2000,SA_215@2000-08-11,group:SA_215,2001-08-11
fold_1,train,NB_986,2000-09-20,0,2000,NB_986@2000-09-20,group:NB_986,2001-09-20
fold_1,train,SA_280,2000-09-20,1,2000,SA_280@2000-09-20,group:SA_280,2001-09-20
fold_1,train,NB_1045,2000-09-30,0,2000,NB_1045@2000-09-30,group:NB_1045,2001-09-30
fold_1,train,NB_160,2000-09-30,0,2000,NB_160@2000-09-30,group:NB_160,2001-09-30
fold_1,train,NB_2386,2000-09-30,0,2000,NB_2386@2000-09-30,group:NB_2386,2001-09-30
fold_1,train,NB_2563,2000-09-30,0,2000,NB_2563@2000-09-30,group:NB_2563,2001-09-30
fold_1,train,NB_590,2000-09-30,0,2000,NB_590@2000-09-30,group:NB_590,2001-09-30
fold_1,train,SA_90,2000-09-30,1,2000,SA_90@2000-09-30,group:SA_90,2001-09-30
fold_1,train,NB_1105,2001-03-02,0,2001,NB_1105@2001-03-02,group:NB_1105,2002-03-02
fold_1,train,NB_2158,2001-03-02,0,2001,NB_2158@2001-03-02,group:NB_2158,2002-03-02
fold_1,train,NB_2490,2001-03-02,0,2001,NB_2490@2001-03-02,group:NB_2490,2002-03-02
fold_1,train,NB_2492,2001-03-02,0,2001,NB_2492@2001-03-02,group:NB_2492,2002-03-02
fold_1,train,NB_2811,2001-03-02,0,2001,NB_2811@2001-03-02,group:NB_2811,2002-03-02
fold_1,train,NB_2887,2001-03-02,0,2001,NB_2887@2001-03-02,group:NB_2887,2002-03-02
fold_1,train,NB_642,2001-03-02,0,2001,NB_642@2001-03-02,group:NB_642,2002-03-02
fold_1,train,SA_143,2001-03-02,1,2001,SA_143@2001-03-02,group:SA_143,2002-03-02
fold_1,train,NB_1072,2001-07-03,0,2001,NB_1072@2001-07-03,group:NB_1072,2002-07-03
fold_1,train,NB_2478,2001-07-03,0,2001,NB_2478@2001-07-03,group:NB_2478,2002-07-03
fold_1,train,NB_2930,2001-07-03,0,2001,NB_2930@2001-07-03,group:NB_2930,2002-07-03
fold_1,train,SA_162,2001-07-03,1,2001,SA_162@2001-07-03,group:SA_162,2002-07-03
fold_1,train,SA_220,2001-08-15,1,2001,SA_220@2001-08-15,group:SA_220,2002-08-15
fold_1,train,SA_238,2001-08-17,1,2001,SA_238@2001-08-17,group:SA_238,2002-08-17
fold_1,train,NB_893,2001-08-22,0,2001,NB_893@2001-08-22,group:NB_893,2002-08-22
fold_1,train,SA_10,2001-08-22,1,2001,SA_10@2001-08-22,group:SA_10,2002-08-22
fold_1,train,SA_290,2001-09-06,1,2001,SA_290@2001-09-06,group:SA_290,2002-09-06
fold_1,train,SA_84,2001-09-15,1,2001,SA_84@2001-09-15,group:SA_84,2002-09-15
fold_1,train,NB_2742,2001-10-18,0,2001,NB_2742@2001-10-18,group:NB_2742,2002-10-18
fold_1,train,NB_590,2001-10-18,0,2001,NB_590@2001-10-18,group:NB_590,2002-10-18
fold_1,train,SA_160,2001-10-18,1,2001,SA_160@2001-10-18,group:SA_160,2002-10-18
fold_1,train,NB_1045,2001-11-22,0,2001,NB_1045@2001-11-22,group:NB_1045,2002-11-22
fold_1,train,NB_1195,2001-11-22,0,2001,NB_1195@2001-11-22,group:NB_1195,2002-11-22
fold_1,train,NB_1240,2001-11-22,0,2001,NB_1240@2001-11-22,group:NB_1240,2002-11-22
fold_1,train,NB_2447,2001-11-22,0,2001,NB_2447@2001-11-22,group:NB_2447,2002-11-22
fold_1,train,SA_77,2001-11-22,1,2001,SA_77@2001-11-22,group:SA_77,2002-11-22
fold_1,train,NB_594,2001-12-06,0,2001,NB_594@2001-12-06,group:NB_594,2002-12-06
fold_1,train,SA_240,2001-12-06,1,2001,SA_240@2001-12-06,group:SA_240,2002-12-06
fold_1,train,SA_3,2001-12-11,1,2001,SA_3@2001-12-11,group:SA_3,2002-12-11
fold_1,train,SA_118,2002-02-19,1,2002,SA_118@2002-02-19,group:SA_118,2003-02-19
fold_1,train,NB_1011,2002-02-22,0,2002,NB_1011@2002-02-22,group:NB_1011,2003-02-22
fold_1,train,NB_1718,2002-02-22,0,2002,NB_1718@2002-02-22,group:NB_1718,2003-02-22
fold_1,train,NB_2815,2002-02-22,0,2002,NB_2815@2002-02-22,group:NB_2815,2003-02-22
fold_1,train,NB_618,2002-02-22,0,2002,NB_618@2002-02-22,group:NB_618,2003-02-22
fold_1,train,SA_308,2002-02-22,1,2002,SA_308@2002-02-22,group:SA_308,2003-02-22
fold_1,train,SA_131,2002-03-05,1,2002,SA_131@2002-03-05,group:SA_131,2003-03-05
fold_1,train,NB_1305,2002-03-13,0,2002,NB_1305@2002-03-13,group:NB_1305,2003-03-13
fold_1,train,NB_1932,2002-03-13,0,2002,NB_1932@2002-03-13,group:NB_1932,2003-03-13
fold_1,train,NB_86,2002-03-13,0,2002,NB_86@2002-03-13,group:NB_86,2003-03-13
fold_1,train,SA_36,2002-03-13,1,2002,SA_36@2002-03-13,group:SA_36,2003-03-13
fold_1,train,NB_2442,2002-06-05,0,2002,NB_2442@2002-06-05,group:NB_2442,2003-06-05
fold_1,train,NB_893,2002-06-05,0,2002,NB_893@2002-06-05,group:NB_893,2003-06-05
fold_1,train,SA_223,2002-06-05,1,2002,SA_223@2002-06-05,group:SA_223,2003-06-05
fold_1,train,NB_447,2002-08-29,0,2002,NB_447@2002-08-29,group:NB_447,2003-08-29
fold_1,train,NB_899,2002-08-29,0,2002,NB_899@2002-08-29,group:NB_899,2003-08-29
fold_1,train,SA_45,2002-08-29,1,2002,SA_45@2002-08-29,group:SA_45,2003-08-29
fold_1,train,NB_872,2002-09-21,0,2002,NB_872@2002-09-21,group:NB_872,2003-09-21
fold_1,train,SA_58,2002-09-21,1,2002,SA_58@2002-09-21,group:SA_58,2003-09-21
fold_1,train,NB_1072,2002-12-17,0,2002,NB_1072@2002-12-17,group:NB_1072,2003-12-17
fold_1,train,NB_1790,2002-12-17,0,2002,NB_1790@2002-12-17,group:NB_1790,2003-12-17
fold_1,train,NB_2887,2002-12-17,0,2002,NB_2887@2002-12-17,group:NB_2887,2003-12-17
fold_1,train,NB_594,2002-12-17,0,2002,NB_594@2002-12-17,group:NB_594,2003-12-17
fold_1,train,NB_691,2002-12-17,0,2002,NB_691@2002-12-17,group:NB_691,2003-12-17
fold_1,train,SA_271,2002-12-17,1,2002,SA_271@2002-12-17,group:SA_271,2003-12-17
fold_1,train,NB_1826,2002-12-21,0,2002,NB_1826@2002-12-21,group:NB_1826,2003-12-21
fold_1,train,SA_22,2002-12-21,1,2002,SA_22@2002-12-21,group:SA_22,2003-12-21
fold_1,train,NB_2298,2003-01-01,0,2003,NB_2298@2003-01-01,group:NB_2298,2004-01-01
fold_1,train,NB_635,2003-01-01,0,2003,NB_635@2003-01-01,group:NB_635,2004-01-01
fold_1,train,NB_90,2003-01-01,0,2003,NB_90@2003-01-01,group:NB_90,2004-01-01
fold_1,train,NB_974,2003-01-01,0,2003,NB_974@2003-01-01,group:NB_974,2004-01-01
fold_1,train,SA_166,2003-01-01,1,2003,SA_166@2003-01-01,group:SA_166,2004-01-01
fold_1,train,NB_1617,2003-02-05,0,2003,NB_1617@2003-02-05,group:NB_1617,2004-02-05
fold_1,train,NB_2794,2003-02-05,0,2003,NB_2794@2003-02-05,group:NB_2794,2004-02-05
fold_1,train,SA_235,2003-02-05,1,2003,SA_235@2003-02-05,group:SA_235,2004-02-05
fold_1,train,SA_178,2003-02-06,1,2003,SA_178@2003-02-06,group:SA_178,2004-02-06
fold_1,train,NB_1707,2003-02-14,0,2003,NB_1707@2003-02-14,group:NB_1707,2004-02-14
fold_1,train,NB_691,2003-02-14,0,2003,NB_691@2003-02-14,group:NB_691,2004-02-14
fold_1,train,NB_791,2003-02-14,0,2003,NB_791@2003-02-14,group:NB_791,2004-02-14
fold_1,train,SA_277,2003-02-14,1,2003,SA_277@2003-02-14,group:SA_277,2004-02-14
fold_1,train,NB_1593,2003-03-19,0,2003,NB_1593@2003-03-19,group:NB_1593,2004-03-19
fold_1,train,SA_140,2003-03-19,1,2003,SA_140@2003-03-19,group:SA_140,2004-03-19
fold_1,train,NB_873,2003-03-29,0,2003,NB_873@2003-03-29,group:NB_873,2004-03-29
fold_1,train,SA_105,2003-03-29,1,2003,SA_105@2003-03-29,group:SA_105,2004-03-29
fold_1,train,NB_1664,2003-03-31,0,2003,NB_1664@2003-03-31,group:NB_1664,2004-03-31
fold_1,train,NB_2778,2003-03-31,0,2003,NB_2778@2003-03-31,group:NB_2778,2004-03-31
fold_1,train,SA_203,2003-03-31,1,2003,SA_203@2003-03-31,group:SA_203,2004-03-31
fold_1,train,NB_1047,2003-05-22,0,2003,NB_1047@2003-05-22,group:NB_1047,2004-05-22
fold_1,train,NB_1623,2003-05-22,0,2003,NB_1623@2003-05-22,group:NB_1623,2004-05-22
fold_1,train,NB_2815,2003-05-22,0,2003,NB_2815@2003-05-22,group:NB_2815,2004-05-22
fold_1,train,SA_117,2003-05-22,1,2003,SA_117@2003-05-22,group:SA_117,2004-05-22
fold_1,train,SA_68,2003-06-16,1,2003,SA_68@2003-06-16,group:SA_68,2004-06-16
fold_1,train,NB_590,2003-06-26,0,2003,NB_590@2003-06-26,group:NB_590,2004-06-26
fold_1,train,SA_251,2003-06-26,1,2003,SA_251@2003-06-26,group:SA_251,2004-06-26
fold_1,train,SA_47,2003-07-25,1,2003,SA_47@2003-07-25,group:SA_47,2004-07-25
fold_1,train,NB_1548,2003-11-06,0,2003,NB_1548@2003-11-06,group:NB_1548,2004-11-06
fold_1,train,NB_170,2003-11-06,0,2003,NB_170@2003-11-06,group:NB_170,2004-11-06
fold_1,train,NB_2140,2003-11-06,0,2003,NB_2140@2003-11-06,group:NB_2140,2004-11-06
fold_1,train,NB_706,2003-11-06,0,2003,NB_706@2003-11-06,group:NB_706,2004-11-06
fold_1,train,SA_0,2003-11-06,1,2003,SA_0@2003-11-06,group:SA_0,2004-11-06
fold_1,train,NB_1195,2004-02-27,0,2004,NB_1195@2004-02-27,group:NB_1195,2005-02-27
fold_1,train,NB_1746,2004-02-27,0,2004,NB_1746@2004-02-27,group:NB_1746,2005-02-27
fold_1,train,NB_2059,2004-02-27,0,2004,NB_2059@2004-02-27,group:NB_2059,2005-02-27
fold_1,train,NB_2068,2004-02-27,0,2004,NB_2068@2004-02-27,group:NB_2068,2005-02-27
fold_1,train,SA_268,2004-02-27,1,2004,SA_268@2004-02-27,group:SA_268,2005-02-27
fold_1,train,SA_13,2004-07-07,1,2004,SA_13@2004-07-07,group:SA_13,2005-07-07
fold_1,train,SA_70,2004-07-22,1,2004,SA_70@2004-07-22,group:SA_70,2005-07-22
fold_1,train,NB_698,2004-07-28,0,2004,NB_698@2004-07-28,group:NB_698,2005-07-28
fold_1,train,NB_745,2004-07-28,0,2004,NB_745@2004-07-28,group:NB_745,2005-07-28
fold_1,train,SA_165,2004-07-28,1,2004,SA_165@2004-07-28,group:SA_165,2005-07-28
fold_1,train,NB_2478,2004-09-01,0,2004,NB_2478@2004-09-01,group:NB_2478,2005-09-01
fold_1,train,NB_2603,2004-09-01,0,2004,NB_2603@2004-09-01,group:NB_2603,2005-09-01
fold_1,train,NB_261,2004-09-01,0,2004,NB_261@2004-09-01,group:NB_261,2005-09-01
fold_1,train,SA_287,2004-09-01,1,2004,SA_287@2004-09-01,group:SA_287,2005-09-01
fold_1,train,NB_2660,2004-11-02,0,2004,NB_2660@2004-11-02,group:NB_2660,2005-11-02
fold_1,train,SA_207,2004-11-02,1,2004,SA_207@2004-11-02,group:SA_207,2005-11-02
fold_1,train,NB_2626,2004-11-04,0,2004,NB_2626@2004-11-04,group:NB_2626,2005-11-04
fold_1,train,SA_182,2004-11-04,1,2004,SA_182@2004-11-04,group:SA_182,2005-11-04
fold_1,train,NB_1482,2004-12-07,0,2004,NB_1482@2004-12-07,group:NB_1482,2005-12-07
fold_1,train,NB_194,2004-12-07,0,2004,NB_194@2004-12-07,group:NB_194,2005-12-07
fold_1,train,NB_99,2004-12-07,0,2004,NB_99@2004-12-07,group:NB_99,2005-12-07
fold_1,train,SA_158,2004-12-07,1,2004,SA_158@2004-12-07,group:SA_158,2005-12-07
fold_1,train,NB_1305,2005-02-16,0,2005,NB_1305@2005-02-16,group:NB_1305,2006-02-16
fold_1,train,SA_88,2005-02-16,1,2005,SA_88@2005-02-16,group:SA_88,2006-02-16
fold_1,train,NB_1305,2005-06-16,0,2005,NB_1305@2005-06-16,group:NB_1305,2006-06-16
fold_1,train,NB_836,2005-06-16,0,2005,NB_836@2005-06-16,group:NB_836,2006-06-16
fold_1,train,SA_267,2005-06-16,1,2005,SA_267@2005-06-16,group:SA_267,2006-06-16
fold_1,train,SA_5,2005-06-16,1,2005,SA_5@2005-06-16,group:SA_5,2006-06-16
fold_1,train,NB_2059,2005-08-09,0,2005,NB_2059@2005-08-09,group:NB_2059,2006-08-09
fold_1,train,NB_2492,2005-08-09,0,2005,NB_2492@2005-08-09,group:NB_2492,2006-08-09
fold_1,train,NB_2942,2005-08-09,0,2005,NB_2942@2005-08-09,group:NB_2942,2006-08-09
fold_1,train,NB_99,2005-08-09,0,2005,NB_99@2005-08-09,group:NB_99,2006-08-09
fold_1,train,SA_79,2005-08-09,1,2005,SA_79@2005-08-09,group:SA_79,2006-08-09
fold_1,train,NB_1574,2006-06-30,0,2006,NB_1574@2006-06-30,group:NB_1574,2007-06-30
fold_1,train,NB_2034,2006-06-30,0,2006,NB_2034@2006-06-30,group:NB_2034,2007-06-30
fold_1,train,NB_494,2006-06-30,0,2006,NB_494@2006-06-30,group:NB_494,2007-06-30
fold_1,train,SA_190,2006-06-30,1,2006,SA_190@2006-06-30,group:SA_190,2007-06-30
fold_1,train,NB_2430,2006-09-12,0,2006,NB_2430@2006-09-12,group:NB_2430,2007-09-12
fold_1,train,NB_2671,2006-09-12,0,2006,NB_2671@2006-09-12,group:NB_2671,2007-09-12
fold_1,train,SA_71,2006-09-12,1,2006,SA_71@2006-09-12,group:SA_71,2007-09-12
fold_1,train,NB_1964,2006-12-21,0,2006,NB_1964@2006-12-21,group:NB_1964,2007-12-21
fold_1,train,SA_49,2006-12-21,1,2006,SA_49@2006-12-21,group:SA_49,2007-12-21
fold_1,validation,NB_1398,2008-08-08,0,2008,NB_1398@2008-08-08,group:NB_1398,2009-08-08
fold_1,validation,NB_1404,2008-08-08,0,2008,NB_1404@2008-08-08,group:NB_1404,2009-08-08
fold_1,validation,SA_153,2008-08-08,1,2008,SA_153@2008-08-08,group:SA_153,2009-08-08
fold_1,validation,NB_390,2008-11-20,0,2008,NB_390@2008-11-20,group:NB_390,2009-11-20
fold_1,validation,SA_211,2008-11-20,1,2008,SA_211@2008-11-20,group:SA_211,2009-11-20
fold_1,validation,NB_2797,2008-11-23,0,2008,NB_2797@2008-11-23,group:NB_2797,2009-11-23
fold_1,validation,NB_2798,2008-11-23,0,2008,NB_2798@2008-11-23,group:NB_2798,2009-11-23
fold_1,validation,NB_283,2008-11-23,0,2008,NB_283@2008-11-23,group:NB_283,2009-11-23
fold_1,validation,NB_607,2008-11-23,0,2008,NB_607@2008-11-23,group:NB_607,2009-11-23
fold_1,validation,SA_27,2008-11-23,1,2008,SA_27@2008-11-23,group:SA_27,2009-11-23
fold_1,validation,NB_1385,2008-12-18,0,2008,NB_1385@2008-12-18,group:NB_1385,2009-12-18
fold_1,validation,NB_2105,2008-12-18,0,2008,NB_2105@2008-12-18,group:NB_2105,2009-12-18
fold_1,validation,NB_591,2008-12-18,0,2008,NB_591@2008-12-18,group:NB_591,2009-12-18
fold_1,validation,SA_171,2008-12-18,1,2008,SA_171@2008-12-18,group:SA_171,2009-12-18
fold_1,validation,NB_2458,2008-12-27,0,2008,NB_2458@2008-12-27,group:NB_2458,2009-12-27
fold_1,validation,SA_243,2008-12-27,1,2008,SA_243@2008-12-27,group:SA_243,2009-12-27
fold_1,validation,NB_968,2008-12-31,0,2008,NB_968@2008-12-31,group:NB_968,2009-12-31
fold_1,validation,SA_309,2008-12-31,1,2008,SA_309@2008-12-31,group:SA_309,2009-12-31
fold_1,validation,NB_1455,2009-01-19,0,2009,NB_1455@2009-01-19,group:NB_1455,2010-01-19
fold_1,validation,SA_115,2009-01-19,1,2009,SA_115@2009-01-19,group:SA_115,2010-01-19
fold_1,validation,NB_2212,2009-01-20,0,2009,NB_2212@2009-01-20,group:NB_2212,2010-01-20
fold_1,validation,SA_7,2009-01-20,1,2009,SA_7@2009-01-20,group:SA_7,2010-01-20
fold_1,validation,NB_1775,2009-02-27,0,2009,NB_1775@2009-02-27,group:NB_1775,2010-02-27
fold_1,validation,NB_1830,2009-02-27,0,2009,NB_1830@2009-02-27,group:NB_1830,2010-02-27
fold_1,validation,NB_61,2009-02-27,0,2009,NB_61@2009-02-27,group:NB_61,2010-02-27
fold_1,validation,NB_780,2009-02-27,0,2009,NB_780@2009-02-27,group:NB_780,2010-02-27
fold_1,validation,SA_129,2009-02-27,1,2009,SA_129@2009-02-27,group:SA_129,2010-02-27
fold_1,validation,SA_202,2009-02-27,1,2009,SA_202@2009-02-27,group:SA_202,2010-02-27
fold_1,validation,NB_2587,2009-04-08,0,2009,NB_2587@2009-04-08,group:NB_2587,2010-04-08
fold_1,validation,NB_476,2009-04-08,0,2009,NB_476@2009-04-08,group:NB_476,2010-04-08
fold_1,validation,NB_968,2009-04-08,0,2009,NB_968@2009-04-08,group:NB_968,2010-04-08
fold_1,validation,SA_102,2009-04-08,1,2009,SA_102@2009-04-08,group:SA_102,2010-04-08
fold_1,validation,NB_1197,2009-07-03,0,2009,NB_1197@2009-07-03,group:NB_1197,2010-07-03
fold_1,validation,NB_904,2009-07-03,0,2009,NB_904@2009-07-03,group:NB_904,2010-07-03
fold_1,validation,SA_248,2009-07-03,1,2009,SA_248@2009-07-03,group:SA_248,2010-07-03
fold_1,validation,NB_1398,2009-08-17,0,2009,NB_1398@2009-08-17,group:NB_1398,2010-08-17
fold_1,validation,NB_2477,2009-08-17,0,2009,NB_2477@2009-08-17,group:NB_2477,2010-08-17
fold_1,validation,NB_998,2009-08-17,0,2009,NB_998@2009-08-17,group:NB_998,2010-08-17
fold_1,validation,SA_164,2009-08-17,1,2009,SA_164@2009-08-17,group:SA_164,2010-08-17
fold_2,train,NB_2249,1998-06-18,0,1998,NB_2249@1998-06-18,group:NB_2249,1999-06-18
fold_2,train,NB_904,1998-06-18,0,1998,NB_904@1998-06-18,group:NB_904,1999-06-18
fold_2,train,SA_222,1998-06-18,1,1998,SA_222@1998-06-18,group:SA_222,1999-06-18
fold_2,train,NB_2102,1998-07-07,0,1998,NB_2102@1998-07-07,group:NB_2102,1999-07-07
fold_2,train,NB_688,1998-07-07,0,1998,NB_688@1998-07-07,group:NB_688,1999-07-07
fold_2,train,NB_872,1998-07-07,0,1998,NB_872@1998-07-07,group:NB_872,1999-07-07
fold_2,train,SA_187,1998-07-07,1,1998,SA_187@1998-07-07,group:SA_187,1999-07-07
fold_2,train,NB_1547,1998-09-28,0,1998,NB_1547@1998-09-28,group:NB_1547,1999-09-28
fold_2,train,SA_135,1998-09-28,1,1998,SA_135@1998-09-28,group:SA_135,1999-09-28
fold_2,train,NB_1617,1998-11-13,0,1998,NB_1617@1998-11-13,group:NB_1617,1999-11-13
fold_2,train,NB_2446,1998-11-13,0,1998,NB_2446@1998-11-13,group:NB_2446,1999-11-13
fold_2,train,NB_872,1998-11-13,0,1998,NB_872@1998-11-13,group:NB_872,1999-11-13
fold_2,train,SA_26,1998-11-13,1,1998,SA_26@1998-11-13,group:SA_26,1999-11-13
fold_2,train,NB_2394,1998-12-15,0,1998,NB_2394@1998-12-15,group:NB_2394,1999-12-15
fold_2,train,SA_80,1998-12-15,1,1998,SA_80@1998-12-15,group:SA_80,1999-12-15
fold_2,train,NB_1503,1999-06-05,0,1999,NB_1503@1999-06-05,group:NB_1503,2000-06-05
fold_2,train,NB_899,1999-06-05,0,1999,NB_899@1999-06-05,group:NB_899,2000-06-05
fold_2,train,SA_134,1999-06-05,1,1999,SA_134@1999-06-05,group:SA_134,2000-06-05
fold_2,train,NB_1548,1999-08-06,0,1999,NB_1548@1999-08-06,group:NB_1548,2000-08-06
fold_2,train,NB_518,1999-08-06,0,1999,NB_518@1999-08-06,group:NB_518,2000-08-06
fold_2,train,SA_145,1999-08-06,1,1999,SA_145@1999-08-06,group:SA_145,2000-08-06
fold_2,train,NB_2813,1999-09-04,0,1999,NB_2813@1999-09-04,group:NB_2813,2000-09-04
fold_2,train,NB_791,1999-09-04,0,1999,NB_791@1999-09-04,group:NB_791,2000-09-04
fold_2,train,SA_75,1999-09-04,1,1999,SA_75@1999-09-04,group:SA_75,2000-09-04
fold_2,train,NB_2147,1999-10-20,0,1999,NB_2147@1999-10-20,group:NB_2147,2000-10-20
fold_2,train,NB_2446,1999-10-20,0,1999,NB_2446@1999-10-20,group:NB_2446,2000-10-20
fold_2,train,SA_59,1999-10-20,1,1999,SA_59@1999-10-20,group:SA_59,2000-10-20
fold_2,train,NB_1538,2000-02-03,0,2000,NB_1538@2000-02-03,group:NB_1538,2001-02-03
fold_2,train,NB_1630,2000-02-03,0,2000,NB_1630@2000-02-03,group:NB_1630,2001-02-03
fold_2,train,NB_2751,2000-02-03,0,2000,NB_2751@2000-02-03,group:NB_2751,2001-02-03
fold_2,train,SA_130,2000-02-03,1,2000,SA_130@2000-02-03,group:SA_130,2001-02-03
fold_2,train,NB_1072,2000-05-10,0,2000,NB_1072@2000-05-10,group:NB_1072,2001-05-10
fold_2,train,NB_2264,2000-05-10,0,2000,NB_2264@2000-05-10,group:NB_2264,2001-05-10
fold_2,train,SA_9,2000-05-10,1,2000,SA_9@2000-05-10,group:SA_9,2001-05-10
fold_2,train,NB_2264,2000-07-07,0,2000,NB_2264@2000-07-07,group:NB_2264,2001-07-07
fold_2,train,SA_51,2000-07-07,1,2000,SA_51@2000-07-07,group:SA_51,2001-07-07
fold_2,train,SA_215,2000-08-11,1,2000,SA_215@2000-08-11,group:SA_215,2001-08-11
fold_2,train,NB_986,2000-09-20,0,2000,NB_986@2000-09-20,group:NB_986,2001-09-20
fold_2,train,SA_280,2000-09-20,1,2000,SA_280@2000-09-20,group:SA_280,2001-09-20
fold_2,train,NB_1045,2000-09-30,0,2000,NB_1045@2000-09-30,group:NB_1045,2001-09-30
fold_2,train,NB_160,2000-09-30,0,2000,NB_160@2000-09-30,group:NB_160,2001-09-30
fold_2,train,NB_2386,2000-09-30,0,2000,NB_2386@2000-09-30,group:NB_2386,2001-09-30
fold_2,train,NB_2563,2000-09-30,0,2000,NB_2563@2000-09-30,group:NB_2563,2001-09-30
fold_2,train,NB_590,2000-09-30,0,2000,NB_590@2000-09-30,group:NB_590,2001-09-30
fold_2,train,SA_90,2000-09-30,1,2000,SA_90@2000-09-30,group:SA_90,2001-09-30
fold_2,train,NB_1105,2001-03-02,0,2001,NB_1105@2001-03-02,group:NB_1105,2002-03-02
fold_2,train,NB_2158,2001-03-02,0,2001,NB_2158@2001-03-02,group:NB_2158,2002-03-02
fold_2,train,NB_2490,2001-03-02,0,2001,NB_2490@2001-03-02,group:NB_2490,2002-03-02
fold_2,train,NB_2492,2001-03-02,0,2001,NB_2492@2001-03-02,group:NB_2492,2002-03-02
fold_2,train,NB_2811,2001-03-02,0,2001,NB_2811@2001-03-02,group:NB_2811,2002-03-02
fold_2,train,NB_2887,2001-03-02,0,2001,NB_2887@2001-03-02,group:NB_2887,2002-03-02
fold_2,train,NB_642,2001-03-02,0,2001,NB_642@2001-03-02,group:NB_642,2002-03-02
fold_2,train,SA_143,2001-03-02,1,2001,SA_143@2001-03-02,group:SA_143,2002-03-02
fold_2,train,NB_1072,2001-07-03,0,2001,NB_1072@2001-07-03,group:NB_1072,2002-07-03
fold_2,train,NB_2478,2001-07-03,0,2001,NB_2478@2001-07-03,group:NB_2478,2002-07-03
fold_2,train,NB_2930,2001-07-03,0,2001,NB_2930@2001-07-03,group:NB_2930,2002-07-03
fold_2,train,SA_162,2001-07-03,1,2001,SA_162@2001-07-03,group:SA_162,2002-07-03
fold_2,train,SA_220,2001-08-15,1,2001,SA_220@2001-08-15,group:SA_220,2002-08-15
fold_2,train,SA_238,2001-08-17,1,2001,SA_238@2001-08-17,group:SA_238,2002-08-17
fold_2,train,NB_893,2001-08-22,0,2001,NB_893@2001-08-22,group:NB_893,2002-08-22
fold_2,train,SA_10,2001-08-22,1,2001,SA_10@2001-08-22,group:SA_10,2002-08-22
fold_2,train,SA_290,2001-09-06,1,2001,SA_290@2001-09-06,group:SA_290,2002-09-06
fold_2,train,SA_84,2001-09-15,1,2001,SA_84@2001-09-15,group:SA_84,2002-09-15
fold_2,train,NB_2587,2001-10-18,0,2001,NB_2587@2001-10-18,group:NB_2587,2002-10-18
fold_2,train,NB_2742,2001-10-18,0,2001,NB_2742@2001-10-18,group:NB_2742,2002-10-18
fold_2,train,NB_590,2001-10-18,0,2001,NB_590@2001-10-18,group:NB_590,2002-10-18
fold_2,train,SA_160,2001-10-18,1,2001,SA_160@2001-10-18,group:SA_160,2002-10-18
fold_2,train,NB_1045,2001-11-22,0,2001,NB_1045@2001-11-22,group:NB_1045,2002-11-22
fold_2,train,NB_1195,2001-11-22,0,2001,NB_1195@2001-11-22,group:NB_1195,2002-11-22
fold_2,train,NB_1240,2001-11-22,0,2001,NB_1240@2001-11-22,group:NB_1240,2002-11-22
fold_2,train,NB_2105,2001-11-22,0,2001,NB_2105@2001-11-22,group:NB_2105,2002-11-22
fold_2,train,NB_2447,2001-11-22,0,2001,NB_2447@2001-11-22,group:NB_2447,2002-11-22
fold_2,train,SA_77,2001-11-22,1,2001,SA_77@2001-11-22,group:SA_77,2002-11-22
fold_2,train,SA_240,2001-12-06,1,2001,SA_240@2001-12-06,group:SA_240,2002-12-06
fold_2,train,SA_3,2001-12-11,1,2001,SA_3@2001-12-11,group:SA_3,2002-12-11
fold_2,train,SA_118,2002-02-19,1,2002,SA_118@2002-02-19,group:SA_118,2003-02-19
fold_2,train,NB_1011,2002-02-22,0,2002,NB_1011@2002-02-22,group:NB_1011,2003-02-22
fold_2,train,NB_1718,2002-02-22,0,2002,NB_1718@2002-02-22,group:NB_1718,2003-02-22
fold_2,train,NB_2815,2002-02-22,0,2002,NB_2815@2002-02-22,group:NB_2815,2003-02-22
fold_2,train,NB_618,2002-02-22,0,2002,NB_618@2002-02-22,group:NB_618,2003-02-22
fold_2,train,SA_308,2002-02-22,1,2002,SA_308@2002-02-22,group:SA_308,2003-02-22
fold_2,train,SA_131,2002-03-05,1,2002,SA_131@2002-03-05,group:SA_131,2003-03-05
fold_2,train,NB_1305,2002-03-13,0,2002,NB_1305@2002-03-13,group:NB_1305,2003-03-13
fold_2,train,NB_1932,2002-03-13,0,2002,NB_1932@2002-03-13,group:NB_1932,2003-03-13
fold_2,train,NB_86,2002-03-13,0,2002,NB_86@2002-03-13,group:NB_86,2003-03-13
fold_2,train,SA_36,2002-03-13,1,2002,SA_36@2002-03-13,group:SA_36,2003-03-13
fold_2,train,NB_2442,2002-06-05,0,2002,NB_2442@2002-06-05,group:NB_2442,2003-06-05
fold_2,train,NB_893,2002-06-05,0,2002,NB_893@2002-06-05,group:NB_893,2003-06-05
fold_2,train,SA_223,2002-06-05,1,2002,SA_223@2002-06-05,group:SA_223,2003-06-05
fold_2,train,NB_447,2002-08-29,0,2002,NB_447@2002-08-29,group:NB_447,2003-08-29
fold_2,train,NB_899,2002-08-29,0,2002,NB_899@2002-08-29,group:NB_899,2003-08-29
fold_2,train,SA_45,2002-08-29,1,2002,SA_45@2002-08-29,group:SA_45,2003-08-29
fold_2,train,NB_872,2002-09-21,0,2002,NB_872@2002-09-21,group:NB_872,2003-09-21
fold_2,train,SA_58,2002-09-21,1,2002,SA_58@2002-09-21,group:SA_58,2003-09-21
fold_2,train,NB_1072,2002-12-17,0,2002,NB_1072@2002-12-17,group:NB_1072,2003-12-17
fold_2,train,NB_1790,2002-12-17,0,2002,NB_1790@2002-12-17,group:NB_1790,2003-12-17
fold_2,train,NB_2887,2002-12-17,0,2002,NB_2887@2002-12-17,group:NB_2887,2003-12-17
fold_2,train,NB_691,2002-12-17,0,2002,NB_691@2002-12-17,group:NB_691,2003-12-17
fold_2,train,SA_271,2002-12-17,1,2002,SA_271@2002-12-17,group:SA_271,2003-12-17
fold_2,train,NB_1826,2002-12-21,0,2002,NB_1826@2002-12-21,group:NB_1826,2003-12-21
fold_2,train,SA_22,2002-12-21,1,2002,SA_22@2002-12-21,group:SA_22,2003-12-21
fold_2,train,NB_2298,2003-01-01,0,2003,NB_2298@2003-01-01,group:NB_2298,2004-01-01
fold_2,train,NB_635,2003-01-01,0,2003,NB_635@2003-01-01,group:NB_635,2004-01-01
fold_2,train,NB_90,2003-01-01,0,2003,NB_90@2003-01-01,group:NB_90,2004-01-01
fold_2,train,NB_974,2003-01-01,0,2003,NB_974@2003-01-01,group:NB_974,2004-01-01
fold_2,train,SA_166,2003-01-01,1,2003,SA_166@2003-01-01,group:SA_166,2004-01-01
fold_2,train,NB_1617,2003-02-05,0,2003,NB_1617@2003-02-05,group:NB_1617,2004-02-05
fold_2,train,NB_2794,2003-02-05,0,2003,NB_2794@2003-02-05,group:NB_2794,2004-02-05
fold_2,train,SA_235,2003-02-05,1,2003,SA_235@2003-02-05,group:SA_235,2004-02-05
fold_2,train,SA_178,2003-02-06,1,2003,SA_178@2003-02-06,group:SA_178,2004-02-06
fold_2,train,NB_1707,2003-02-14,0,2003,NB_1707@2003-02-14,group:NB_1707,2004-02-14
fold_2,train,NB_691,2003-02-14,0,2003,NB_691@2003-02-14,group:NB_691,2004-02-14
fold_2,train,NB_791,2003-02-14,0,2003,NB_791@2003-02-14,group:NB_791,2004-02-14
fold_2,train,SA_277,2003-02-14,1,2003,SA_277@2003-02-14,group:SA_277,2004-02-14
fold_2,train,NB_1593,2003-03-19,0,2003,NB_1593@2003-03-19,group:NB_1593,2004-03-19
fold_2,train,SA_140,2003-03-19,1,2003,SA_140@2003-03-19,group:SA_140,2004-03-19
fold_2,train,NB_873,2003-03-29,0,2003,NB_873@2003-03-29,group:NB_873,2004-03-29
fold_2,train,SA_105,2003-03-29,1,2003,SA_105@2003-03-29,group:SA_105,2004-03-29
fold_2,train,NB_1664,2003-03-31,0,2003,NB_1664@2003-03-31,group:NB_1664,2004-03-31
fold_2,train,NB_2778,2003-03-31,0,2003,NB_2778@2003-03-31,group:NB_2778,2004-03-31
fold_2,train,SA_203,2003-03-31,1,2003,SA_203@2003-03-31,group:SA_203,2004-03-31
fold_2,train,NB_1047,2003-05-22,0,2003,NB_1047@2003-05-22,group:NB_1047,2004-05-22
fold_2,train,NB_1623,2003-05-22,0,2003,NB_1623@2003-05-22,group:NB_1623,2004-05-22
fold_2,train,NB_2815,2003-05-22,0,2003,NB_2815@2003-05-22,group:NB_2815,2004-05-22
fold_2,train,SA_117,2003-05-22,1,2003,SA_117@2003-05-22,group:SA_117,2004-05-22
fold_2,train,SA_68,2003-06-16,1,2003,SA_68@2003-06-16,group:SA_68,2004-06-16
fold_2,train,NB_590,2003-06-26,0,2003,NB_590@2003-06-26,group:NB_590,2004-06-26
fold_2,train,SA_251,2003-06-26,1,2003,SA_251@2003-06-26,group:SA_251,2004-06-26
fold_2,train,SA_47,2003-07-25,1,2003,SA_47@2003-07-25,group:SA_47,2004-07-25
fold_2,train,NB_1548,2003-11-06,0,2003,NB_1548@2003-11-06,group:NB_1548,2004-11-06
fold_2,train,NB_170,2003-11-06,0,2003,NB_170@2003-11-06,group:NB_170,2004-11-06
fold_2,train,NB_2140,2003-11-06,0,2003,NB_2140@2003-11-06,group:NB_2140,2004-11-06
fold_2,train,NB_706,2003-11-06,0,2003,NB_706@2003-11-06,group:NB_706,2004-11-06
fold_2,train,SA_0,2003-11-06,1,2003,SA_0@2003-11-06,group:SA_0,2004-11-06
fold_2,train,NB_1195,2004-02-27,0,2004,NB_1195@2004-02-27,group:NB_1195,2005-02-27
fold_2,train,NB_1746,2004-02-27,0,2004,NB_1746@2004-02-27,group:NB_1746,2005-02-27
fold_2,train,NB_2059,2004-02-27,0,2004,NB_2059@2004-02-27,group:NB_2059,2005-02-27
fold_2,train,NB_2068,2004-02-27,0,2004,NB_2068@2004-02-27,group:NB_2068,2005-02-27
fold_2,train,SA_268,2004-02-27,1,2004,SA_268@2004-02-27,group:SA_268,2005-02-27
fold_2,train,SA_13,2004-07-07,1,2004,SA_13@2004-07-07,group:SA_13,2005-07-07
fold_2,train,SA_70,2004-07-22,1,2004,SA_70@2004-07-22,group:SA_70,2005-07-22
fold_2,train,NB_1775,2004-07-28,0,2004,NB_1775@2004-07-28,group:NB_1775,2005-07-28
fold_2,train,NB_698,2004-07-28,0,2004,NB_698@2004-07-28,group:NB_698,2005-07-28
fold_2,train,NB_745,2004-07-28,0,2004,NB_745@2004-07-28,group:NB_745,2005-07-28
fold_2,train,SA_165,2004-07-28,1,2004,SA_165@2004-07-28,group:SA_165,2005-07-28
fold_2,train,NB_2478,2004-09-01,0,2004,NB_2478@2004-09-01,group:NB_2478,2005-09-01
fold_2,train,NB_2603,2004-09-01,0,2004,NB_2603@2004-09-01,group:NB_2603,2005-09-01
fold_2,train,NB_261,2004-09-01,0,2004,NB_261@2004-09-01,group:NB_261,2005-09-01
fold_2,train,SA_287,2004-09-01,1,2004,SA_287@2004-09-01,group:SA_287,2005-09-01
fold_2,train,NB_2660,2004-11-02,0,2004,NB_2660@2004-11-02,group:NB_2660,2005-11-02
fold_2,train,SA_207,2004-11-02,1,2004,SA_207@2004-11-02,group:SA_207,2005-11-02
fold_2,train,NB_2626,2004-11-04,0,2004,NB_2626@2004-11-04,group:NB_2626,2005-11-04
fold_2,train,SA_182,2004-11-04,1,2004,SA_182@2004-11-04,group:SA_182,2005-11-04
fold_2,train,NB_1482,2004-12-07,0,2004,NB_1482@2004-12-07,group:NB_1482,2005-12-07
fold_2,train,NB_194,2004-12-07,0,2004,NB_194@2004-12-07,group:NB_194,2005-12-07
fold_2,train,NB_99,2004-12-07,0,2004,NB_99@2004-12-07,group:NB_99,2005-12-07
fold_2,train,NB_998,2004-12-07,0,2004,NB_998@2004-12-07,group:NB_998,2005-12-07
fold_2,train,SA_158,2004-12-07,1,2004,SA_158@2004-12-07,group:SA_158,2005-12-07
fold_2,train,NB_1305,2005-02-16,0,2005,NB_1305@2005-02-16,group:NB_1305,2006-02-16
fold_2,train,SA_88,2005-02-16,1,2005,SA_88@2005-02-16,group:SA_88,2006-02-16
fold_2,train,NB_1305,2005-06-16,0,2005,NB_1305@2005-06-16,group:NB_1305,2006-06-16
fold_2,train,NB_836,2005-06-16,0,2005,NB_836@2005-06-16,group:NB_836,2006-06-16
fold_2,train,SA_267,2005-06-16,1,2005,SA_267@2005-06-16,group:SA_267,2006-06-16
fold_2,train,SA_5,2005-06-16,1,2005,SA_5@2005-06-16,group:SA_5,2006-06-16
fold_2,train,NB_2059,2005-08-09,0,2005,NB_2059@2005-08-09,group:NB_2059,2006-08-09
fold_2,train,NB_2492,2005-08-09,0,2005,NB_2492@2005-08-09,group:NB_2492,2006-08-09
fold_2,train,NB_2942,2005-08-09,0,2005,NB_2942@2005-08-09,group:NB_2942,2006-08-09
fold_2,train,NB_99,2005-08-09,0,2005,NB_99@2005-08-09,group:NB_99,2006-08-09
fold_2,train,SA_79,2005-08-09,1,2005,SA_79@2005-08-09,group:SA_79,2006-08-09
fold_2,train,NB_1574,2006-06-30,0,2006,NB_1574@2006-06-30,group:NB_1574,2007-06-30
fold_2,train,NB_2034,2006-06-30,0,2006,NB_2034@2006-06-30,group:NB_2034,2007-06-30
fold_2,train,NB_494,2006-06-30,0,2006,NB_494@2006-06-30,group:NB_494,2007-06-30
fold_2,train,SA_190,2006-06-30,1,2006,SA_190@2006-06-30,group:SA_190,2007-06-30
fold_2,train,NB_2430,2006-09-12,0,2006,NB_2430@2006-09-12,group:NB_2430,2007-09-12
fold_2,train,SA_71,2006-09-12,1,2006,SA_71@2006-09-12,group:SA_71,2007-09-12
fold_2,train,NB_1964,2006-12-21,0,2006,NB_1964@2006-12-21,group:NB_1964,2007-12-21
fold_2,train,SA_49,2006-12-21,1,2006,SA_49@2006-12-21,group:SA_49,2007-12-21
fold_2,train,NB_1664,2007-08-21,0,2007,NB_1664@2007-08-21,group:NB_1664,2008-08-21
fold_2,train,SA_93,2007-08-21,1,2007,SA_93@2007-08-21,group:SA_93,2008-08-21
fold_2,train,NB_1730,2007-10-31,0,2007,NB_1730@2007-10-31,group:NB_1730,2008-10-31
fold_2,train,NB_2778,2007-10-31,0,2007,NB_2778@2007-10-31,group:NB_2778,2008-10-31
fold_2,train,NB_733,2007-10-31,0,2007,NB_733@2007-10-31,group:NB_733,2008-10-31
fold_2,train,SA_39,2007-10-31,1,2007,SA_39@2007-10-31,group:SA_39,2008-10-31
fold_2,train,NB_1398,2008-08-08,0,2008,NB_1398@2008-08-08,group:NB_1398,2009-08-08
fold_2,train,NB_1404,2008-08-08,0,2008,NB_1404@2008-08-08,group:NB_1404,2009-08-08
fold_2,train,SA_153,2008-08-08,1,2008,SA_153@2008-08-08,group:SA_153,2009-08-08
fold_2,train,SA_211,2008-11-20,1,2008,SA_211@2008-11-20,group:SA_211,2009-11-20
fold_2,train,NB_2797,2008-11-23,0,2008,NB_2797@2008-11-23,group:NB_2797,2009-11-23
fold_2,train,NB_2798,2008-11-23,0,2008,NB_2798@2008-11-23,group:NB_2798,2009-11-23
fold_2,train,NB_283,2008-11-23,0,2008,NB_283@2008-11-23,group:NB_283,2009-11-23
fold_2,train,NB_607,2008-11-23,0,2008,NB_607@2008-11-23,group:NB_607,2009-11-23
fold_2,train,SA_27,2008-11-23,1,2008,SA_27@2008-11-23,group:SA_27,2009-11-23
fold_2,train,NB_1385,2008-12-18,0,2008,NB_1385@2008-12-18,group:NB_1385,2009-12-18
fold_2,train,NB_2105,2008-12-18,0,2008,NB_2105@2008-12-18,group:NB_2105,2009-12-18
fold_2,train,NB_591,2008-12-18,0,2008,NB_591@2008-12-18,group:NB_591,2009-12-18
fold_2,train,SA_171,2008-12-18,1,2008,SA_171@2008-12-18,group:SA_171,2009-12-18
fold_2,train,NB_2458,2008-12-27,0,2008,NB_2458@2008-12-27,group:NB_2458,2009-12-27
fold_2,train,SA_243,2008-12-27,1,2008,SA_243@2008-12-27,group:SA_243,2009-12-27
fold_2,train,NB_968,2008-12-31,0,2008,NB_968@2008-12-31,group:NB_968,2009-12-31
fold_2,train,SA_309,2008-12-31,1,2008,SA_309@2008-12-31,group:SA_309,2009-12-31
fold_2,validation,NB_2671,2010-06-25,0,2010,NB_2671@2010-06-25,group:NB_2671,2011-06-25
fold_2,validation,NB_446,2010-06-25,0,2010,NB_446@2010-06-25,group:NB_446,2011-06-25
fold_2,validation,SA_40,2010-06-25,1,2010,SA_40@2010-06-25,group:SA_40,2011-06-25
fold_2,validation,NB_2944,2011-02-23,0,2011,NB_2944@2011-02-23,group:NB_2944,2012-02-23
fold_2,validation,NB_335,2011-02-23,0,2011,NB_335@2011-02-23,group:NB_335,2012-02-23
fold_2,validation,SA_209,2011-02-23,1,2011,SA_209@2011-02-23,group:SA_209,2012-02-23
fold_2,validation,SA_307,2011-08-04,1,2011,SA_307@2011-08-04,group:SA_307,2012-08-04
fold_2,validation,NB_206,2011-08-09,0,2011,NB_206@2011-08-09,group:NB_206,2012-08-09
fold_2,validation,SA_186,2011-08-09,1,2011,SA_186@2011-08-09,group:SA_186,2012-08-09
fold_2,validation,NB_1325,2011-10-06,0,2011,NB_1325@2011-10-06,group:NB_1325,2012-10-06
fold_2,validation,NB_1352,2011-10-06,0,2011,NB_1352@2011-10-06,group:NB_1352,2012-10-06
fold_2,validation,NB_2021,2011-10-06,0,2011,NB_2021@2011-10-06,group:NB_2021,2012-10-06
fold_2,validation,NB_249,2011-10-06,0,2011,NB_249@2011-10-06,group:NB_249,2012-10-06
fold_2,validation,NB_2775,2011-10-06,0,2011,NB_2775@2011-10-06,group:NB_2775,2012-10-06
fold_2,validation,SA_274,2011-10-06,1,2011,SA_274@2011-10-06,group:SA_274,2012-10-06
fold_2,validation,NB_2041,2011-11-16,0,2011,NB_2041@2011-11-16,group:NB_2041,2012-11-16
fold_2,validation,NB_252,2011-11-16,0,2011,NB_252@2011-11-16,group:NB_252,2012-11-16
fold_2,validation,SA_64,2011-11-16,1,2011,SA_64@2011-11-16,group:SA_64,2012-11-16
fold_2,validation,NB_2378,2012-01-13,0,2012,NB_2378@2012-01-13,group:NB_2378,2013-01-13
fold_2,validation,NB_2704,2012-01-13,0,2012,NB_2704@2012-01-13,group:NB_2704,2013-01-13
fold_2,validation,NB_2972,2012-01-13,0,2012,NB_2972@2012-01-13,group:NB_2972,2013-01-13
fold_2,validation,NB_594,2012-01-13,0,2012,NB_594@2012-01-13,group:NB_594,2013-01-13
fold_2,validation,SA_113,2012-01-13,1,2012,SA_113@2012-01-13,group:SA_113,2013-01-13
fold_2,validation,NB_1975,2012-05-19,0,2012,NB_1975@2012-05-19,group:NB_1975,2013-05-19
fold_2,validation,NB_390,2012-05-19,0,2012,NB_390@2012-05-19,group:NB_390,2013-05-19
fold_2,validation,SA_29,2012-05-19,1,2012,SA_29@2012-05-19,group:SA_29,2013-05-19
fold_2,validation,SA_65,2012-08-16,1,2012,SA_65@2012-08-16,group:SA_65,2013-08-16
fold_2,validation,NB_212,2012-10-30,0,2012,NB_212@2012-10-30,group:NB_212,2013-10-30
fold_2,validation,NB_40,2012-10-30,0,2012,NB_40@2012-10-30,group:NB_40,2013-10-30
fold_2,validation,NB_544,2012-10-30,0,2012,NB_544@2012-10-30,group:NB_544,2013-10-30
fold_2,validation,SA_72,2012-10-30,1,2012,SA_72@2012-10-30,group:SA_72,2013-10-30
fold_2,validation,SA_74,2012-10-30,1,2012,SA_74@2012-10-30,group:SA_74,2013-10-30
fold_3,train,NB_2249,1998-06-18,0,1998,NB_2249@1998-06-18,group:NB_2249,1999-06-18
fold_3,train,NB_904,1998-06-18,0,1998,NB_904@1998-06-18,group:NB_904,1999-06-18
fold_3,train,SA_222,1998-06-18,1,1998,SA_222@1998-06-18,group:SA_222,1999-06-18
fold_3,train,NB_2102,1998-07-07,0,1998,NB_2102@1998-07-07,group:NB_2102,1999-07-07
fold_3,train,NB_688,1998-07-07,0,1998,NB_688@1998-07-07,group:NB_688,1999-07-07
fold_3,train,NB_872,1998-07-07,0,1998,NB_872@1998-07-07,group:NB_872,1999-07-07
fold_3,train,SA_187,1998-07-07,1,1998,SA_187@1998-07-07,group:SA_187,1999-07-07
fold_3,train,NB_1547,1998-09-28,0,1998,NB_1547@1998-09-28,group:NB_1547,1999-09-28
fold_3,train,SA_135,1998-09-28,1,1998,SA_135@1998-09-28,group:SA_135,1999-09-28
fold_3,train,NB_1617,1998-11-13,0,1998,NB_1617@1998-11-13,group:NB_1617,1999-11-13
fold_3,train,NB_2446,1998-11-13,0,1998,NB_2446@1998-11-13,group:NB_2446,1999-11-13
fold_3,train,NB_872,1998-11-13,0,1998,NB_872@1998-11-13,group:NB_872,1999-11-13
fold_3,train,SA_26,1998-11-13,1,1998,SA_26@1998-11-13,group:SA_26,1999-11-13
fold_3,train,NB_2394,1998-12-15,0,1998,NB_2394@1998-12-15,group:NB_2394,1999-12-15
fold_3,train,SA_80,1998-12-15,1,1998,SA_80@1998-12-15,group:SA_80,1999-12-15
fold_3,train,NB_1503,1999-06-05,0,1999,NB_1503@1999-06-05,group:NB_1503,2000-06-05
fold_3,train,NB_899,1999-06-05,0,1999,NB_899@1999-06-05,group:NB_899,2000-06-05
fold_3,train,SA_134,1999-06-05,1,1999,SA_134@1999-06-05,group:SA_134,2000-06-05
fold_3,train,NB_1548,1999-08-06,0,1999,NB_1548@1999-08-06,group:NB_1548,2000-08-06
fold_3,train,NB_518,1999-08-06,0,1999,NB_518@1999-08-06,group:NB_518,2000-08-06
fold_3,train,SA_145,1999-08-06,1,1999,SA_145@1999-08-06,group:SA_145,2000-08-06
fold_3,train,NB_2813,1999-09-04,0,1999,NB_2813@1999-09-04,group:NB_2813,2000-09-04
fold_3,train,NB_791,1999-09-04,0,1999,NB_791@1999-09-04,group:NB_791,2000-09-04
fold_3,train,SA_75,1999-09-04,1,1999,SA_75@1999-09-04,group:SA_75,2000-09-04
fold_3,train,NB_2147,1999-10-20,0,1999,NB_2147@1999-10-20,group:NB_2147,2000-10-20
fold_3,train,NB_2446,1999-10-20,0,1999,NB_2446@1999-10-20,group:NB_2446,2000-10-20
fold_3,train,SA_59,1999-10-20,1,1999,SA_59@1999-10-20,group:SA_59,2000-10-20
fold_3,train,NB_1538,2000-02-03,0,2000,NB_1538@2000-02-03,group:NB_1538,2001-02-03
fold_3,train,NB_1630,2000-02-03,0,2000,NB_1630@2000-02-03,group:NB_1630,2001-02-03
fold_3,train,NB_2751,2000-02-03,0,2000,NB_2751@2000-02-03,group:NB_2751,2001-02-03
fold_3,train,SA_130,2000-02-03,1,2000,SA_130@2000-02-03,group:SA_130,2001-02-03
fold_3,train,NB_1072,2000-05-10,0,2000,NB_1072@2000-05-10,group:NB_1072,2001-05-10
fold_3,train,NB_2264,2000-05-10,0,2000,NB_2264@2000-05-10,group:NB_2264,2001-05-10
fold_3,train,SA_9,2000-05-10,1,2000,SA_9@2000-05-10,group:SA_9,2001-05-10
fold_3,train,NB_2264,2000-07-07,0,2000,NB_2264@2000-07-07,group:NB_2264,2001-07-07
fold_3,train,SA_51,2000-07-07,1,2000,SA_51@2000-07-07,group:SA_51,2001-07-07
fold_3,train,SA_215,2000-08-11,1,2000,SA_215@2000-08-11,group:SA_215,2001-08-11
fold_3,train,NB_986,2000-09-20,0,2000,NB_986@2000-09-20,group:NB_986,2001-09-20
fold_3,train,SA_280,2000-09-20,1,2000,SA_280@2000-09-20,group:SA_280,2001-09-20
fold_3,train,NB_1045,2000-09-30,0,2000,NB_1045@2000-09-30,group:NB_1045,2001-09-30
fold_3,train,NB_2386,2000-09-30,0,2000,NB_2386@2000-09-30,group:NB_2386,2001-09-30
fold_3,train,NB_2563,2000-09-30,0,2000,NB_2563@2000-09-30,group:NB_2563,2001-09-30
fold_3,train,NB_590,2000-09-30,0,2000,NB_590@2000-09-30,group:NB_590,2001-09-30
fold_3,train,SA_90,2000-09-30,1,2000,SA_90@2000-09-30,group:SA_90,2001-09-30
fold_3,train,NB_1105,2001-03-02,0,2001,NB_1105@2001-03-02,group:NB_1105,2002-03-02
fold_3,train,NB_2158,2001-03-02,0,2001,NB_2158@2001-03-02,group:NB_2158,2002-03-02
fold_3,train,NB_2490,2001-03-02,0,2001,NB_2490@2001-03-02,group:NB_2490,2002-03-02
fold_3,train,NB_2492,2001-03-02,0,2001,NB_2492@2001-03-02,group:NB_2492,2002-03-02
fold_3,train,NB_2811,2001-03-02,0,2001,NB_2811@2001-03-02,group:NB_2811,2002-03-02
fold_3,train,NB_2887,2001-03-02,0,2001,NB_2887@2001-03-02,group:NB_2887,2002-03-02
fold_3,train,NB_642,2001-03-02,0,2001,NB_642@2001-03-02,group:NB_642,2002-03-02
fold_3,train,SA_143,2001-03-02,1,2001,SA_143@2001-03-02,group:SA_143,2002-03-02
fold_3,train,NB_1072,2001-07-03,0,2001,NB_1072@2001-07-03,group:NB_1072,2002-07-03
fold_3,train,NB_2478,2001-07-03,0,2001,NB_2478@2001-07-03,group:NB_2478,2002-07-03
fold_3,train,NB_2930,2001-07-03,0,2001,NB_2930@2001-07-03,group:NB_2930,2002-07-03
fold_3,train,SA_162,2001-07-03,1,2001,SA_162@2001-07-03,group:SA_162,2002-07-03
fold_3,train,SA_220,2001-08-15,1,2001,SA_220@2001-08-15,group:SA_220,2002-08-15
fold_3,train,SA_238,2001-08-17,1,2001,SA_238@2001-08-17,group:SA_238,2002-08-17
fold_3,train,NB_893,2001-08-22,0,2001,NB_893@2001-08-22,group:NB_893,2002-08-22
fold_3,train,SA_10,2001-08-22,1,2001,SA_10@2001-08-22,group:SA_10,2002-08-22
fold_3,train,SA_290,2001-09-06,1,2001,SA_290@2001-09-06,group:SA_290,2002-09-06
fold_3,train,SA_84,2001-09-15,1,2001,SA_84@2001-09-15,group:SA_84,2002-09-15
fold_3,train,NB_2587,2001-10-18,0,2001,NB_2587@2001-10-18,group:NB_2587,2002-10-18
fold_3,train,NB_2742,2001-10-18,0,2001,NB_2742@2001-10-18,group:NB_2742,2002-10-18
fold_3,train,NB_590,2001-10-18,0,2001,NB_590@2001-10-18,group:NB_590,2002-10-18
fold_3,train,SA_160,2001-10-18,1,2001,SA_160@2001-10-18,group:SA_160,2002-10-18
fold_3,train,NB_1045,2001-11-22,0,2001,NB_1045@2001-11-22,group:NB_1045,2002-11-22
fold_3,train,NB_1195,2001-11-22,0,2001,NB_1195@2001-11-22,group:NB_1195,2002-11-22
fold_3,train,NB_1240,2001-11-22,0,2001,NB_1240@2001-11-22,group:NB_1240,2002-11-22
fold_3,train,NB_2447,2001-11-22,0,2001,NB_2447@2001-11-22,group:NB_2447,2002-11-22
fold_3,train,SA_77,2001-11-22,1,2001,SA_77@2001-11-22,group:SA_77,2002-11-22
fold_3,train,NB_594,2001-12-06,0,2001,NB_594@2001-12-06,group:NB_594,2002-12-06
fold_3,train,SA_240,2001-12-06,1,2001,SA_240@2001-12-06,group:SA_240,2002-12-06
fold_3,train,SA_3,2001-12-11,1,2001,SA_3@2001-12-11,group:SA_3,2002-12-11
fold_3,train,SA_118,2002-02-19,1,2002,SA_118@2002-02-19,group:SA_118,2003-02-19
fold_3,train,NB_1011,2002-02-22,0,2002,NB_1011@2002-02-22,group:NB_1011,2003-02-22
fold_3,train,NB_1718,2002-02-22,0,2002,NB_1718@2002-02-22,group:NB_1718,2003-02-22
fold_3,train,NB_2815,2002-02-22,0,2002,NB_2815@2002-02-22,group:NB_2815,2003-02-22
fold_3,train,NB_618,2002-02-22,0,2002,NB_618@2002-02-22,group:NB_618,2003-02-22
fold_3,train,SA_308,2002-02-22,1,2002,SA_308@2002-02-22,group:SA_308,2003-02-22
fold_3,train,SA_131,2002-03-05,1,2002,SA_131@2002-03-05,group:SA_131,2003-03-05
fold_3,train,NB_1305,2002-03-13,0,2002,NB_1305@2002-03-13,group:NB_1305,2003-03-13
fold_3,train,NB_1932,2002-03-13,0,2002,NB_1932@2002-03-13,group:NB_1932,2003-03-13
fold_3,train,NB_86,2002-03-13,0,2002,NB_86@2002-03-13,group:NB_86,2003-03-13
fold_3,train,SA_36,2002-03-13,1,2002,SA_36@2002-03-13,group:SA_36,2003-03-13
fold_3,train,NB_2442,2002-06-05,0,2002,NB_2442@2002-06-05,group:NB_2442,2003-06-05
fold_3,train,NB_893,2002-06-05,0,2002,NB_893@2002-06-05,group:NB_893,2003-06-05
fold_3,train,SA_223,2002-06-05,1,2002,SA_223@2002-06-05,group:SA_223,2003-06-05
fold_3,train,NB_447,2002-08-29,0,2002,NB_447@2002-08-29,group:NB_447,2003-08-29
fold_3,train,NB_899,2002-08-29,0,2002,NB_899@2002-08-29,group:NB_899,2003-08-29
fold_3,train,SA_45,2002-08-29,1,2002,SA_45@2002-08-29,group:SA_45,2003-08-29
fold_3,train,NB_872,2002-09-21,0,2002,NB_872@2002-09-21,group:NB_872,2003-09-21
fold_3,train,SA_58,2002-09-21,1,2002,SA_58@2002-09-21,group:SA_58,2003-09-21
fold_3,train,NB_1072,2002-12-17,0,2002,NB_1072@2002-12-17,group:NB_1072,2003-12-17
fold_3,train,NB_1790,2002-12-17,0,2002,NB_1790@2002-12-17,group:NB_1790,2003-12-17
fold_3,train,NB_2887,2002-12-17,0,2002,NB_2887@2002-12-17,group:NB_2887,2003-12-17
fold_3,train,NB_594,2002-12-17,0,2002,NB_594@2002-12-17,group:NB_594,2003-12-17
fold_3,train,NB_691,2002-12-17,0,2002,NB_691@2002-12-17,group:NB_691,2003-12-17
fold_3,train,SA_271,2002-12-17,1,2002,SA_271@2002-12-17,group:SA_271,2003-12-17
fold_3,train,NB_1826,2002-12-21,0,2002,NB_1826@2002-12-21,group:NB_1826,2003-12-21
fold_3,train,SA_22,2002-12-21,1,2002,SA_22@2002-12-21,group:SA_22,2003-12-21
fold_3,train,NB_2298,2003-01-01,0,2003,NB_2298@2003-01-01,group:NB_2298,2004-01-01
fold_3,train,NB_390,2003-01-01,0,2003,NB_390@2003-01-01,group:NB_390,2004-01-01
fold_3,train,NB_635,2003-01-01,0,2003,NB_635@2003-01-01,group:NB_635,2004-01-01
fold_3,train,NB_90,2003-01-01,0,2003,NB_90@2003-01-01,group:NB_90,2004-01-01
fold_3,train,NB_974,2003-01-01,0,2003,NB_974@2003-01-01,group:NB_974,2004-01-01
fold_3,train,SA_166,2003-01-01,1,2003,SA_166@2003-01-01,group:SA_166,2004-01-01
fold_3,train,NB_1617,2003-02-05,0,2003,NB_1617@2003-02-05,group:NB_1617,2004-02-05
fold_3,train,NB_2794,2003-02-05,0,2003,NB_2794@2003-02-05,group:NB_2794,2004-02-05
fold_3,train,SA_235,2003-02-05,1,2003,SA_235@2003-02-05,group:SA_235,2004-02-05
fold_3,train,SA_178,2003-02-06,1,2003,SA_178@2003-02-06,group:SA_178,2004-02-06
fold_3,train,NB_1707,2003-02-14,0,2003,NB_1707@2003-02-14,group:NB_1707,2004-02-14
fold_3,train,NB_691,2003-02-14,0,2003,NB_691@2003-02-14,group:NB_691,2004-02-14
fold_3,train,NB_791,2003-02-14,0,2003,NB_791@2003-02-14,group:NB_791,2004-02-14
fold_3,train,SA_277,2003-02-14,1,2003,SA_277@2003-02-14,group:SA_277,2004-02-14
fold_3,train,NB_1593,2003-03-19,0,2003,NB_1593@2003-03-19,group:NB_1593,2004-03-19
fold_3,train,SA_140,2003-03-19,1,2003,SA_140@2003-03-19,group:SA_140,2004-03-19
fold_3,train,NB_873,2003-03-29,0,2003,NB_873@2003-03-29,group:NB_873,2004-03-29
fold_3,train,SA_105,2003-03-29,1,2003,SA_105@2003-03-29,group:SA_105,2004-03-29
fold_3,train,NB_1664,2003-03-31,0,2003,NB_1664@2003-03-31,group:NB_1664,2004-03-31
fold_3,train,NB_2778,2003-03-31,0,2003,NB_2778@2003-03-31,group:NB_2778,2004-03-31
fold_3,train,SA_203,2003-03-31,1,2003,SA_203@2003-03-31,group:SA_203,2004-03-31
fold_3,train,NB_1047,2003-05-22,0,2003,NB_1047@2003-05-22,group:NB_1047,2004-05-22
fold_3,train,NB_1623,2003-05-22,0,2003,NB_1623@2003-05-22,group:NB_1623,2004-05-22
fold_3,train,NB_2815,2003-05-22,0,2003,NB_2815@2003-05-22,group:NB_2815,2004-05-22
fold_3,train,SA_117,2003-05-22,1,2003,SA_117@2003-05-22,group:SA_117,2004-05-22
fold_3,train,SA_68,2003-06-16,1,2003,SA_68@2003-06-16,group:SA_68,2004-06-16
fold_3,train,NB_590,2003-06-26,0,2003,NB_590@2003-06-26,group:NB_590,2004-06-26
fold_3,train,SA_251,2003-06-26,1,2003,SA_251@2003-06-26,group:SA_251,2004-06-26
fold_3,train,SA_47,2003-07-25,1,2003,SA_47@2003-07-25,group:SA_47,2004-07-25
fold_3,train,NB_1548,2003-11-06,0,2003,NB_1548@2003-11-06,group:NB_1548,2004-11-06
fold_3,train,NB_170,2003-11-06,0,2003,NB_170@2003-11-06,group:NB_170,2004-11-06
fold_3,train,NB_2140,2003-11-06,0,2003,NB_2140@2003-11-06,group:NB_2140,2004-11-06
fold_3,train,NB_706,2003-11-06,0,2003,NB_706@2003-11-06,group:NB_706,2004-11-06
fold_3,train,SA_0,2003-11-06,1,2003,SA_0@2003-11-06,group:SA_0,2004-11-06
fold_3,train,NB_1195,2004-02-27,0,2004,NB_1195@2004-02-27,group:NB_1195,2005-02-27
fold_3,train,NB_1746,2004-02-27,0,2004,NB_1746@2004-02-27,group:NB_1746,2005-02-27
fold_3,train,NB_2068,2004-02-27,0,2004,NB_2068@2004-02-27,group:NB_2068,2005-02-27
fold_3,train,SA_268,2004-02-27,1,2004,SA_268@2004-02-27,group:SA_268,2005-02-27
fold_3,train,SA_13,2004-07-07,1,2004,SA_13@2004-07-07,group:SA_13,2005-07-07
fold_3,train,SA_70,2004-07-22,1,2004,SA_70@2004-07-22,group:SA_70,2005-07-22
fold_3,train,NB_1775,2004-07-28,0,2004,NB_1775@2004-07-28,group:NB_1775,2005-07-28
fold_3,train,NB_698,2004-07-28,0,2004,NB_698@2004-07-28,group:NB_698,2005-07-28
fold_3,train,NB_745,2004-07-28,0,2004,NB_745@2004-07-28,group:NB_745,2005-07-28
fold_3,train,SA_165,2004-07-28,1,2004,SA_165@2004-07-28,group:SA_165,2005-07-28
fold_3,train,NB_2478,2004-09-01,0,2004,NB_2478@2004-09-01,group:NB_2478,2005-09-01
fold_3,train,NB_2603,2004-09-01,0,2004,NB_2603@2004-09-01,group:NB_2603,2005-09-01
fold_3,train,NB_261,2004-09-01,0,2004,NB_261@2004-09-01,group:NB_261,2005-09-01
fold_3,train,SA_287,2004-09-01,1,2004,SA_287@2004-09-01,group:SA_287,2005-09-01
fold_3,train,NB_2660,2004-11-02,0,2004,NB_2660@2004-11-02,group:NB_2660,2005-11-02
fold_3,train,SA_207,2004-11-02,1,2004,SA_207@2004-11-02,group:SA_207,2005-11-02
fold_3,train,NB_2626,2004-11-04,0,2004,NB_2626@2004-11-04,group:NB_2626,2005-11-04
fold_3,train,SA_182,2004-11-04,1,2004,SA_182@2004-11-04,group:SA_182,2005-11-04
fold_3,train,NB_1482,2004-12-07,0,2004,NB_1482@2004-12-07,group:NB_1482,2005-12-07
fold_3,train,NB_194,2004-12-07,0,2004,NB_194@2004-12-07,group:NB_194,2005-12-07
fold_3,train,NB_99,2004-12-07,0,2004,NB_99@2004-12-07,group:NB_99,2005-12-07
fold_3,train,NB_998,2004-12-07,0,2004,NB_998@2004-12-07,group:NB_998,2005-12-07
fold_3,train,SA_158,2004-12-07,1,2004,SA_158@2004-12-07,group:SA_158,2005-12-07
fold_3,train,NB_1305,2005-02-16,0,2005,NB_1305@2005-02-16,group:NB_1305,2006-02-16
fold_3,train,SA_88,2005-02-16,1,2005,SA_88@2005-02-16,group:SA_88,2006-02-16
fold_3,train,NB_1305,2005-06-16,0,2005,NB_1305@2005-06-16,group:NB_1305,2006-06-16
fold_3,train,NB_836,2005-06-16,0,2005,NB_836@2005-06-16,group:NB_836,2006-06-16
fold_3,train,SA_267,2005-06-16,1,2005,SA_267@2005-06-16,group:SA_267,2006-06-16
fold_3,train,SA_5,2005-06-16,1,2005,SA_5@2005-06-16,group:SA_5,2006-06-16
fold_3,train,NB_2492,2005-08-09,0,2005,NB_2492@2005-08-09,group:NB_2492,2006-08-09
fold_3,train,NB_2942,2005-08-09,0,2005,NB_2942@2005-08-09,group:NB_2942,2006-08-09
fold_3,train,NB_99,2005-08-09,0,2005,NB_99@2005-08-09,group:NB_99,2006-08-09
fold_3,train,SA_79,2005-08-09,1,2005,SA_79@2005-08-09,group:SA_79,2006-08-09
fold_3,train,NB_1574,2006-06-30,0,2006,NB_1574@2006-06-30,group:NB_1574,2007-06-30
fold_3,train,NB_2034,2006-06-30,0,2006,NB_2034@2006-06-30,group:NB_2034,2007-06-30
fold_3,train,NB_494,2006-06-30,0,2006,NB_494@2006-06-30,group:NB_494,2007-06-30
fold_3,train,SA_190,2006-06-30,1,2006,SA_190@2006-06-30,group:SA_190,2007-06-30
fold_3,train,NB_2430,2006-09-12,0,2006,NB_2430@2006-09-12,group:NB_2430,2007-09-12
fold_3,train,SA_71,2006-09-12,1,2006,SA_71@2006-09-12,group:SA_71,2007-09-12
fold_3,train,NB_1964,2006-12-21,0,2006,NB_1964@2006-12-21,group:NB_1964,2007-12-21
fold_3,train,SA_49,2006-12-21,1,2006,SA_49@2006-12-21,group:SA_49,2007-12-21
fold_3,train,NB_1664,2007-08-21,0,2007,NB_1664@2007-08-21,group:NB_1664,2008-08-21
fold_3,train,SA_93,2007-08-21,1,2007,SA_93@2007-08-21,group:SA_93,2008-08-21
fold_3,train,NB_1730,2007-10-31,0,2007,NB_1730@2007-10-31,group:NB_1730,2008-10-31
fold_3,train,NB_2778,2007-10-31,0,2007,NB_2778@2007-10-31,group:NB_2778,2008-10-31
fold_3,train,NB_733,2007-10-31,0,2007,NB_733@2007-10-31,group:NB_733,2008-10-31
fold_3,train,SA_39,2007-10-31,1,2007,SA_39@2007-10-31,group:SA_39,2008-10-31
fold_3,train,NB_1398,2008-08-08,0,2008,NB_1398@2008-08-08,group:NB_1398,2009-08-08
fold_3,train,NB_1404,2008-08-08,0,2008,NB_1404@2008-08-08,group:NB_1404,2009-08-08
fold_3,train,SA_153,2008-08-08,1,2008,SA_153@2008-08-08,group:SA_153,2009-08-08
fold_3,train,NB_390,2008-11-20,0,2008,NB_390@2008-11-20,group:NB_390,2009-11-20
fold_3,train,SA_211,2008-11-20,1,2008,SA_211@2008-11-20,group:SA_211,2009-11-20
fold_3,train,NB_2797,2008-11-23,0,2008,NB_2797@2008-11-23,group:NB_2797,2009-11-23
fold_3,train,NB_2798,2008-11-23,0,2008,NB_2798@2008-11-23,group:NB_2798,2009-11-23
fold_3,train,NB_283,2008-11-23,0,2008,NB_283@2008-11-23,group:NB_283,2009-11-23
fold_3,train,NB_607,2008-11-23,0,2008,NB_607@2008-11-23,group:NB_607,2009-11-23
fold_3,train,SA_27,2008-11-23,1,2008,SA_27@2008-11-23,group:SA_27,2009-11-23
fold_3,train,NB_1385,2008-12-18,0,2008,NB_1385@2008-12-18,group:NB_1385,2009-12-18
fold_3,train,NB_591,2008-12-18,0,2008,NB_591@2008-12-18,group:NB_591,2009-12-18
fold_3,train,SA_171,2008-12-18,1,2008,SA_171@2008-12-18,group:SA_171,2009-12-18
fold_3,train,NB_2458,2008-12-27,0,2008,NB_2458@2008-12-27,group:NB_2458,2009-12-27
fold_3,train,SA_243,2008-12-27,1,2008,SA_243@2008-12-27,group:SA_243,2009-12-27
fold_3,train,NB_968,2008-12-31,0,2008,NB_968@2008-12-31,group:NB_968,2009-12-31
fold_3,train,SA_309,2008-12-31,1,2008,SA_309@2008-12-31,group:SA_309,2009-12-31
fold_3,train,SA_115,2009-01-19,1,2009,SA_115@2009-01-19,group:SA_115,2010-01-19
fold_3,train,NB_2212,2009-01-20,0,2009,NB_2212@2009-01-20,group:NB_2212,2010-01-20
fold_3,train,SA_7,2009-01-20,1,2009,SA_7@2009-01-20,group:SA_7,2010-01-20
fold_3,train,NB_1775,2009-02-27,0,2009,NB_1775@2009-02-27,group:NB_1775,2010-02-27
fold_3,train,NB_1830,2009-02-27,0,2009,NB_1830@2009-02-27,group:NB_1830,2010-02-27
fold_3,train,NB_61,2009-02-27,0,2009,NB_61@2009-02-27,group:NB_61,2010-02-27
fold_3,train,NB_780,2009-02-27,0,2009,NB_780@2009-02-27,group:NB_780,2010-02-27
fold_3,train,SA_129,2009-02-27,1,2009,SA_129@2009-02-27,group:SA_129,2010-02-27
fold_3,train,SA_202,2009-02-27,1,2009,SA_202@2009-02-27,group:SA_202,2010-02-27
fold_3,train,NB_2587,2009-04-08,0,2009,NB_2587@2009-04-08,group:NB_2587,2010-04-08
fold_3,train,NB_476,2009-04-08,0,2009,NB_476@2009-04-08,group:NB_476,2010-04-08
fold_3,train,NB_968,2009-04-08,0,2009,NB_968@2009-04-08,group:NB_968,2010-04-08
fold_3,train,SA_102,2009-04-08,1,2009,SA_102@2009-04-08,group:SA_102,2010-04-08
fold_3,train,NB_1197,2009-07-03,0,2009,NB_1197@2009-07-03,group:NB_1197,2010-07-03
fold_3,train,NB_904,2009-07-03,0,2009,NB_904@2009-07-03,group:NB_904,2010-07-03
fold_3,train,SA_248,2009-07-03,1,2009,SA_248@2009-07-03,group:SA_248,2010-07-03
fold_3,train,NB_1398,2009-08-17,0,2009,NB_1398@2009-08-17,group:NB_1398,2010-08-17
fold_3,train,NB_998,2009-08-17,0,2009,NB_998@2009-08-17,group:NB_998,2010-08-17
fold_3,train,SA_164,2009-08-17,1,2009,SA_164@2009-08-17,group:SA_164,2010-08-17
fold_3,train,NB_446,2010-06-25,0,2010,NB_446@2010-06-25,group:NB_446,2011-06-25
fold_3,train,SA_40,2010-06-25,1,2010,SA_40@2010-06-25,group:SA_40,2011-06-25
fold_3,train,NB_335,2011-02-23,0,2011,NB_335@2011-02-23,group:NB_335,2012-02-23
fold_3,train,SA_209,2011-02-23,1,2011,SA_209@2011-02-23,group:SA_209,2012-02-23
fold_3,train,SA_307,2011-08-04,1,2011,SA_307@2011-08-04,group:SA_307,2012-08-04
fold_3,train,NB_206,2011-08-09,0,2011,NB_206@2011-08-09,group:NB_206,2012-08-09
fold_3,train,SA_186,2011-08-09,1,2011,SA_186@2011-08-09,group:SA_186,2012-08-09
fold_3,train,NB_1325,2011-10-06,0,2011,NB_1325@2011-10-06,group:NB_1325,2012-10-06
fold_3,train,NB_1352,2011-10-06,0,2011,NB_1352@2011-10-06,group:NB_1352,2012-10-06
fold_3,train,NB_2021,2011-10-06,0,2011,NB_2021@2011-10-06,group:NB_2021,2012-10-06
fold_3,train,NB_249,2011-10-06,0,2011,NB_249@2011-10-06,group:NB_249,2012-10-06
fold_3,train,NB_2775,2011-10-06,0,2011,NB_2775@2011-10-06,group:NB_2775,2012-10-06
fold_3,train,SA_274,2011-10-06,1,2011,SA_274@2011-10-06,group:SA_274,2012-10-06
fold_3,train,NB_2041,2011-11-16,0,2011,NB_2041@2011-11-16,group:NB_2041,2012-11-16
fold_3,train,NB_252,2011-11-16,0,2011,NB_252@2011-11-16,group:NB_252,2012-11-16
fold_3,train,SA_64,2011-11-16,1,2011,SA_64@2011-11-16,group:SA_64,2012-11-16
fold_3,validation,NB_160,2013-01-08,0,2013,NB_160@2013-01-08,group:NB_160,2014-01-08
fold_3,validation,NB_2020,2013-01-08,0,2013,NB_2020@2013-01-08,group:NB_2020,2014-01-08
fold_3,validation,NB_248,2013-01-08,0,2013,NB_248@2013-01-08,group:NB_248,2014-01-08
fold_3,validation,NB_704,2013-01-08,0,2013,NB_704@2013-01-08,group:NB_704,2014-01-08
fold_3,validation,SA_18,2013-01-08,1,2013,SA_18@2013-01-08,group:SA_18,2014-01-08
fold_3,validation,NB_1728,2013-06-19,0,2013,NB_1728@2013-06-19,group:NB_1728,2014-06-19
fold_3,validation,SA_205,2013-06-19,1,2013,SA_205@2013-06-19,group:SA_205,2014-06-19
fold_3,validation,NB_1596,2013-12-23,0,2013,NB_1596@2013-12-23,group:NB_1596,2014-12-23
fold_3,validation,SA_41,2013-12-23,1,2013,SA_41@2013-12-23,group:SA_41,2014-12-23
fold_3,validation,NB_2105,2014-01-11,0,2014,NB_2105@2014-01-11,group:NB_2105,2015-01-11
fold_3,validation,NB_2944,2014-01-11,0,2014,NB_2944@2014-01-11,group:NB_2944,2015-01-11
fold_3,validation,SA_137,2014-01-11,1,2014,SA_137@2014-01-11,group:SA_137,2015-01-11
fold_3,validation,NB_1455,2014-11-07,0,2014,NB_1455@2014-11-07,group:NB_1455,2015-11-07
fold_3,validation,NB_2477,2014-11-07,0,2014,NB_2477@2014-11-07,group:NB_2477,2015-11-07
fold_3,validation,NB_2671,2014-11-07,0,2014,NB_2671@2014-11-07,group:NB_2671,2015-11-07
fold_3,validation,SA_76,2014-11-07,1,2014,SA_76@2014-11-07,group:SA_76,2015-11-07
fold_3,validation,NB_2240,2014-12-03,0,2014,NB_2240@2014-12-03,group:NB_2240,2015-12-03
fold_3,validation,NB_2434,2014-12-03,0,2014,NB_2434@2014-12-03,group:NB_2434,2015-12-03
fold_3,validation,NB_468,2014-12-03,0,2014,NB_468@2014-12-03,group:NB_468,2015-12-03
fold_3,validation,NB_868,2014-12-03,0,2014,NB_868@2014-12-03,group:NB_868,2015-12-03
fold_3,validation,SA_191,2014-12-03,1,2014,SA_191@2014-12-03,group:SA_191,2015-12-03
fold_3,validation,SA_149,2014-12-12,1,2014,SA_149@2014-12-12,group:SA_149,2015-12-12
fold_3,validation,NB_1487,2014-12-17,0,2014,NB_1487@2014-12-17,group:NB_1487,2015-12-17
fold_3,validation,SA_6,2014-12-17,1,2014,SA_6@2014-12-17,group:SA_6,2015-12-17
fold_3,validation,NB_1796,2015-03-27,0,2015,NB_1796@2015-03-27,group:NB_1796,2016-03-27
fold_3,validation,NB_2278,2015-03-27,0,2015,NB_2278@2015-03-27,group:NB_2278,2016-03-27
fold_3,validation,SA_272,2015-03-27,1,2015,SA_272@2015-03-27,group:SA_272,2016-03-27
fold_3,validation,NB_1567,2015-04-16,0,2015,NB_1567@2015-04-16,group:NB_1567,2016-04-16
fold_3,validation,NB_1796,2015-04-16,0,2015,NB_1796@2015-04-16,group:NB_1796,2016-04-16
fold_3,validation,NB_2771,2015-04-16,0,2015,NB_2771@2015-04-16,group:NB_2771,2016-04-16
fold_3,validation,NB_712,2015-04-16,0,2015,NB_712@2015-04-16,group:NB_712,2016-04-16
fold_3,validation,SA_44,2015-04-16,1,2015,SA_44@2015-04-16,group:SA_44,2016-04-16
fold_3,validation,SA_82,2015-04-16,1,2015,SA_82@2015-04-16,group:SA_82,2016-04-16
fold_3,validation,SA_221,2015-05-05,1,2015,SA_221@2015-05-05,group:SA_221,2016-05-05
fold_3,validation,NB_273,2015-05-15,0,2015,NB_273@2015-05-15,group:NB_273,2016-05-15
fold_3,validation,NB_868,2015-05-15,0,2015,NB_868@2015-05-15,group:NB_868,2016-05-15
fold_3,validation,SA_154,2015-05-15,1,2015,SA_154@2015-05-15,group:SA_154,2016-05-15
fold_3,validation,NB_1266,2015-11-10,0,2015,NB_1266@2015-11-10,group:NB_1266,2016-11-10
fold_3,validation,NB_1911,2015-11-10,0,2015,NB_1911@2015-11-10,group:NB_1911,2016-11-10
fold_3,validation,NB_424,2015-11-10,0,2015,NB_424@2015-11-10,group:NB_424,2016-11-10
fold_3,validation,NB_438,2015-11-10,0,2015,NB_438@2015-11-10,group:NB_438,2016-11-10
fold_3,validation,SA_276,2015-11-10,1,2015,SA_276@2015-11-10,group:SA_276,2016-11-10
fold_3,validation,NB_2059,2015-11-27,0,2015,NB_2059@2015-11-27,group:NB_2059,2016-11-27
fold_3,validation,NB_737,2015-11-27,0,2015,NB_737@2015-11-27,group:NB_737,2016-11-27
fold_3,validation,SA_174,2015-11-27,1,2015,SA_174@2015-11-27,group:SA_174,2016-11-27
fold_4,train,NB_2249,1998-06-18,0,1998,NB_2249@1998-06-18,group:NB_2249,1999-06-18
fold_4,train,NB_904,1998-06-18,0,1998,NB_904@1998-06-18,group:NB_904,1999-06-18
fold_4,train,SA_222,1998-06-18,1,1998,SA_222@1998-06-18,group:SA_222,1999-06-18
fold_4,train,NB_2102,1998-07-07,0,1998,NB_2102@1998-07-07,group:NB_2102,1999-07-07
fold_4,train,NB_688,1998-07-07,0,1998,NB_688@1998-07-07,group:NB_688,1999-07-07
fold_4,train,NB_872,1998-07-07,0,1998,NB_872@1998-07-07,group:NB_872,1999-07-07
fold_4,train,SA_187,1998-07-07,1,1998,SA_187@1998-07-07,group:SA_187,1999-07-07
fold_4,train,NB_1547,1998-09-28,0,1998,NB_1547@1998-09-28,group:NB_1547,1999-09-28
fold_4,train,SA_135,1998-09-28,1,1998,SA_135@1998-09-28,group:SA_135,1999-09-28
fold_4,train,NB_1617,1998-11-13,0,1998,NB_1617@1998-11-13,group:NB_1617,1999-11-13
fold_4,train,NB_2446,1998-11-13,0,1998,NB_2446@1998-11-13,group:NB_2446,1999-11-13
fold_4,train,NB_872,1998-11-13,0,1998,NB_872@1998-11-13,group:NB_872,1999-11-13
fold_4,train,SA_26,1998-11-13,1,1998,SA_26@1998-11-13,group:SA_26,1999-11-13
fold_4,train,NB_2394,1998-12-15,0,1998,NB_2394@1998-12-15,group:NB_2394,1999-12-15
fold_4,train,SA_80,1998-12-15,1,1998,SA_80@1998-12-15,group:SA_80,1999-12-15
fold_4,train,NB_1503,1999-06-05,0,1999,NB_1503@1999-06-05,group:NB_1503,2000-06-05
fold_4,train,SA_134,1999-06-05,1,1999,SA_134@1999-06-05,group:SA_134,2000-06-05
fold_4,train,NB_1548,1999-08-06,0,1999,NB_1548@1999-08-06,group:NB_1548,2000-08-06
fold_4,train,NB_518,1999-08-06,0,1999,NB_518@1999-08-06,group:NB_518,2000-08-06
fold_4,train,SA_145,1999-08-06,1,1999,SA_145@1999-08-06,group:SA_145,2000-08-06
fold_4,train,NB_2813,1999-09-04,0,1999,NB_2813@1999-09-04,group:NB_2813,2000-09-04
fold_4,train,NB_791,1999-09-04,0,1999,NB_791@1999-09-04,group:NB_791,2000-09-04
fold_4,train,SA_75,1999-09-04,1,1999,SA_75@1999-09-04,group:SA_75,2000-09-04
fold_4,train,NB_2147,1999-10-20,0,1999,NB_2147@1999-10-20,group:NB_2147,2000-10-20
fold_4,train,NB_2446,1999-10-20,0,1999,NB_2446@1999-10-20,group:NB_2446,2000-10-20
fold_4,train,SA_59,1999-10-20,1,1999,SA_59@1999-10-20,group:SA_59,2000-10-20
fold_4,train,NB_1630,2000-02-03,0,2000,NB_1630@2000-02-03,group:NB_1630,2001-02-03
fold_4,train,NB_2751,2000-02-03,0,2000,NB_2751@2000-02-03,group:NB_2751,2001-02-03
fold_4,train,SA_130,2000-02-03,1,2000,SA_130@2000-02-03,group:SA_130,2001-02-03
fold_4,train,NB_1072,2000-05-10,0,2000,NB_1072@2000-05-10,group:NB_1072,2001-05-10
fold_4,train,NB_2264,2000-05-10,0,2000,NB_2264@2000-05-10,group:NB_2264,2001-05-10
fold_4,train,SA_9,2000-05-10,1,2000,SA_9@2000-05-10,group:SA_9,2001-05-10
fold_4,train,NB_2264,2000-07-07,0,2000,NB_2264@2000-07-07,group:NB_2264,2001-07-07
fold_4,train,SA_51,2000-07-07,1,2000,SA_51@2000-07-07,group:SA_51,2001-07-07
fold_4,train,SA_215,2000-08-11,1,2000,SA_215@2000-08-11,group:SA_215,2001-08-11
fold_4,train,NB_986,2000-09-20,0,2000,NB_986@2000-09-20,group:NB_986,2001-09-20
fold_4,train,SA_280,2000-09-20,1,2000,SA_280@2000-09-20,group:SA_280,2001-09-20
fold_4,train,NB_1045,2000-09-30,0,2000,NB_1045@2000-09-30,group:NB_1045,2001-09-30
fold_4,train,NB_160,2000-09-30,0,2000,NB_160@2000-09-30,group:NB_160,2001-09-30
fold_4,train,NB_2386,2000-09-30,0,2000,NB_2386@2000-09-30,group:NB_2386,2001-09-30
fold_4,train,NB_2563,2000-09-30,0,2000,NB_2563@2000-09-30,group:NB_2563,2001-09-30
fold_4,train,NB_590,2000-09-30,0,2000,NB_590@2000-09-30,group:NB_590,2001-09-30
fold_4,train,SA_90,2000-09-30,1,2000,SA_90@2000-09-30,group:SA_90,2001-09-30
fold_4,train,NB_1105,2001-03-02,0,2001,NB_1105@2001-03-02,group:NB_1105,2002-03-02
fold_4,train,NB_2158,2001-03-02,0,2001,NB_2158@2001-03-02,group:NB_2158,2002-03-02
fold_4,train,NB_2490,2001-03-02,0,2001,NB_2490@2001-03-02,group:NB_2490,2002-03-02
fold_4,train,NB_2492,2001-03-02,0,2001,NB_2492@2001-03-02,group:NB_2492,2002-03-02
fold_4,train,NB_2811,2001-03-02,0,2001,NB_2811@2001-03-02,group:NB_2811,2002-03-02
fold_4,train,NB_2887,2001-03-02,0,2001,NB_2887@2001-03-02,group:NB_2887,2002-03-02
fold_4,train,NB_642,2001-03-02,0,2001,NB_642@2001-03-02,group:NB_642,2002-03-02
fold_4,train,SA_143,2001-03-02,1,2001,SA_143@2001-03-02,group:SA_143,2002-03-02
fold_4,train,NB_1072,2001-07-03,0,2001,NB_1072@2001-07-03,group:NB_1072,2002-07-03
fold_4,train,NB_2478,2001-07-03,0,2001,NB_2478@2001-07-03,group:NB_2478,2002-07-03
fold_4,train,NB_2930,2001-07-03,0,2001,NB_2930@2001-07-03,group:NB_2930,2002-07-03
fold_4,train,SA_162,2001-07-03,1,2001,SA_162@2001-07-03,group:SA_162,2002-07-03
fold_4,train,SA_220,2001-08-15,1,2001,SA_220@2001-08-15,group:SA_220,2002-08-15
fold_4,train,SA_238,2001-08-17,1,2001,SA_238@2001-08-17,group:SA_238,2002-08-17
fold_4,train,NB_893,2001-08-22,0,2001,NB_893@2001-08-22,group:NB_893,2002-08-22
fold_4,train,SA_10,2001-08-22,1,2001,SA_10@2001-08-22,group:SA_10,2002-08-22
fold_4,train,SA_290,2001-09-06,1,2001,SA_290@2001-09-06,group:SA_290,2002-09-06
fold_4,train,SA_84,2001-09-15,1,2001,SA_84@2001-09-15,group:SA_84,2002-09-15
fold_4,train,NB_2587,2001-10-18,0,2001,NB_2587@2001-10-18,group:NB_2587,2002-10-18
fold_4,train,NB_2742,2001-10-18,0,2001,NB_2742@2001-10-18,group:NB_2742,2002-10-18
fold_4,train,NB_590,2001-10-18,0,2001,NB_590@2001-10-18,group:NB_590,2002-10-18
fold_4,train,SA_160,2001-10-18,1,2001,SA_160@2001-10-18,group:SA_160,2002-10-18
fold_4,train,NB_1045,2001-11-22,0,2001,NB_1045@2001-11-22,group:NB_1045,2002-11-22
fold_4,train,NB_1195,2001-11-22,0,2001,NB_1195@2001-11-22,group:NB_1195,2002-11-22
fold_4,train,NB_1240,2001-11-22,0,2001,NB_1240@2001-11-22,group:NB_1240,2002-11-22
fold_4,train,NB_2105,2001-11-22,0,2001,NB_2105@2001-11-22,group:NB_2105,2002-11-22
fold_4,train,NB_2447,2001-11-22,0,2001,NB_2447@2001-11-22,group:NB_2447,2002-11-22
fold_4,train,SA_77,2001-11-22,1,2001,SA_77@2001-11-22,group:SA_77,2002-11-22
fold_4,train,NB_594,2001-12-06,0,2001,NB_594@2001-12-06,group:NB_594,2002-12-06
fold_4,train,SA_240,2001-12-06,1,2001,SA_240@2001-12-06,group:SA_240,2002-12-06
fold_4,train,SA_3,2001-12-11,1,2001,SA_3@2001-12-11,group:SA_3,2002-12-11
fold_4,train,SA_118,2002-02-19,1,2002,SA_118@2002-02-19,group:SA_118,2003-02-19
fold_4,train,NB_1011,2002-02-22,0,2002,NB_1011@2002-02-22,group:NB_1011,2003-02-22
fold_4,train,NB_1718,2002-02-22,0,2002,NB_1718@2002-02-22,group:NB_1718,2003-02-22
fold_4,train,NB_2815,2002-02-22,0,2002,NB_2815@2002-02-22,group:NB_2815,2003-02-22
fold_4,train,NB_618,2002-02-22,0,2002,NB_618@2002-02-22,group:NB_618,2003-02-22
fold_4,train,SA_308,2002-02-22,1,2002,SA_308@2002-02-22,group:SA_308,2003-02-22
fold_4,train,SA_131,2002-03-05,1,2002,SA_131@2002-03-05,group:SA_131,2003-03-05
fold_4,train,NB_1305,2002-03-13,0,2002,NB_1305@2002-03-13,group:NB_1305,2003-03-13
fold_4,train,NB_1932,2002-03-13,0,2002,NB_1932@2002-03-13,group:NB_1932,2003-03-13
fold_4,train,NB_86,2002-03-13,0,2002,NB_86@2002-03-13,group:NB_86,2003-03-13
fold_4,train,SA_36,2002-03-13,1,2002,SA_36@2002-03-13,group:SA_36,2003-03-13
fold_4,train,NB_2442,2002-06-05,0,2002,NB_2442@2002-06-05,group:NB_2442,2003-06-05
fold_4,train,NB_893,2002-06-05,0,2002,NB_893@2002-06-05,group:NB_893,2003-06-05
fold_4,train,SA_223,2002-06-05,1,2002,SA_223@2002-06-05,group:SA_223,2003-06-05
fold_4,train,SA_45,2002-08-29,1,2002,SA_45@2002-08-29,group:SA_45,2003-08-29
fold_4,train,NB_872,2002-09-21,0,2002,NB_872@2002-09-21,group:NB_872,2003-09-21
fold_4,train,SA_58,2002-09-21,1,2002,SA_58@2002-09-21,group:SA_58,2003-09-21
fold_4,train,NB_1072,2002-12-17,0,2002,NB_1072@2002-12-17,group:NB_1072,2003-12-17
fold_4,train,NB_1790,2002-12-17,0,2002,NB_1790@2002-12-17,group:NB_1790,2003-12-17
fold_4,train,NB_2887,2002-12-17,0,2002,NB_2887@2002-12-17,group:NB_2887,2003-12-17
fold_4,train,NB_594,2002-12-17,0,2002,NB_594@2002-12-17,group:NB_594,2003-12-17
fold_4,train,NB_691,2002-12-17,0,2002,NB_691@2002-12-17,group:NB_691,2003-12-17
fold_4,train,SA_271,2002-12-17,1,2002,SA_271@2002-12-17,group:SA_271,2003-12-17
fold_4,train,NB_1826,2002-12-21,0,2002,NB_1826@2002-12-21,group:NB_1826,2003-12-21
fold_4,train,SA_22,2002-12-21,1,2002,SA_22@2002-12-21,group:SA_22,2003-12-21
fold_4,train,NB_2298,2003-01-01,0,2003,NB_2298@2003-01-01,group:NB_2298,2004-01-01
fold_4,train,NB_390,2003-01-01,0,2003,NB_390@2003-01-01,group:NB_390,2004-01-01
fold_4,train,NB_635,2003-01-01,0,2003,NB_635@2003-01-01,group:NB_635,2004-01-01
fold_4,train,NB_90,2003-01-01,0,2003,NB_90@2003-01-01,group:NB_90,2004-01-01
fold_4,train,NB_974,2003-01-01,0,2003,NB_974@2003-01-01,group:NB_974,2004-01-01
fold_4,train,SA_166,2003-01-01,1,2003,SA_166@2003-01-01,group:SA_166,2004-01-01
fold_4,train,NB_1617,2003-02-05,0,2003,NB_1617@2003-02-05,group:NB_1617,2004-02-05
fold_4,train,NB_2794,2003-02-05,0,2003,NB_2794@2003-02-05,group:NB_2794,2004-02-05
fold_4,train,SA_235,2003-02-05,1,2003,SA_235@2003-02-05,group:SA_235,2004-02-05
fold_4,train,SA_178,2003-02-06,1,2003,SA_178@2003-02-06,group:SA_178,2004-02-06
fold_4,train,NB_691,2003-02-14,0,2003,NB_691@2003-02-14,group:NB_691,2004-02-14
fold_4,train,NB_791,2003-02-14,0,2003,NB_791@2003-02-14,group:NB_791,2004-02-14
fold_4,train,SA_277,2003-02-14,1,2003,SA_277@2003-02-14,group:SA_277,2004-02-14
fold_4,train,NB_1593,2003-03-19,0,2003,NB_1593@2003-03-19,group:NB_1593,2004-03-19
fold_4,train,SA_140,2003-03-19,1,2003,SA_140@2003-03-19,group:SA_140,2004-03-19
fold_4,train,NB_873,2003-03-29,0,2003,NB_873@2003-03-29,group:NB_873,2004-03-29
fold_4,train,SA_105,2003-03-29,1,2003,SA_105@2003-03-29,group:SA_105,2004-03-29
fold_4,train,NB_2778,2003-03-31,0,2003,NB_2778@2003-03-31,group:NB_2778,2004-03-31
fold_4,train,SA_203,2003-03-31,1,2003,SA_203@2003-03-31,group:SA_203,2004-03-31
fold_4,train,NB_1047,2003-05-22,0,2003,NB_1047@2003-05-22,group:NB_1047,2004-05-22
fold_4,train,NB_1623,2003-05-22,0,2003,NB_1623@2003-05-22,group:NB_1623,2004-05-22
fold_4,train,NB_2815,2003-05-22,0,2003,NB_2815@2003-05-22,group:NB_2815,2004-05-22
fold_4,train,SA_117,2003-05-22,1,2003,SA_117@2003-05-22,group:SA_117,2004-05-22
fold_4,train,SA_68,2003-06-16,1,2003,SA_68@2003-06-16,group:SA_68,2004-06-16
fold_4,train,NB_590,2003-06-26,0,2003,NB_590@2003-06-26,group:NB_590,2004-06-26
fold_4,train,SA_251,2003-06-26,1,2003,SA_251@2003-06-26,group:SA_251,2004-06-26
fold_4,train,SA_47,2003-07-25,1,2003,SA_47@2003-07-25,group:SA_47,2004-07-25
fold_4,train,NB_1548,2003-11-06,0,2003,NB_1548@2003-11-06,group:NB_1548,2004-11-06
fold_4,train,NB_170,2003-11-06,0,2003,NB_170@2003-11-06,group:NB_170,2004-11-06
fold_4,train,NB_2140,2003-11-06,0,2003,NB_2140@2003-11-06,group:NB_2140,2004-11-06
fold_4,train,NB_706,2003-11-06,0,2003,NB_706@2003-11-06,group:NB_706,2004-11-06
fold_4,train,SA_0,2003-11-06,1,2003,SA_0@2003-11-06,group:SA_0,2004-11-06
fold_4,train,NB_1195,2004-02-27,0,2004,NB_1195@2004-02-27,group:NB_1195,2005-02-27
fold_4,train,NB_1746,2004-02-27,0,2004,NB_1746@2004-02-27,group:NB_1746,2005-02-27
fold_4,train,NB_2059,2004-02-27,0,2004,NB_2059@2004-02-27,group:NB_2059,2005-02-27
fold_4,train,NB_2068,2004-02-27,0,2004,NB_2068@2004-02-27,group:NB_2068,2005-02-27
fold_4,train,SA_268,2004-02-27,1,2004,SA_268@2004-02-27,group:SA_268,2005-02-27
fold_4,train,SA_13,2004-07-07,1,2004,SA_13@2004-07-07,group:SA_13,2005-07-07
fold_4,train,SA_70,2004-07-22,1,2004,SA_70@2004-07-22,group:SA_70,2005-07-22
fold_4,train,NB_1775,2004-07-28,0,2004,NB_1775@2004-07-28,group:NB_1775,2005-07-28
fold_4,train,NB_745,2004-07-28,0,2004,NB_745@2004-07-28,group:NB_745,2005-07-28
fold_4,train,SA_165,2004-07-28,1,2004,SA_165@2004-07-28,group:SA_165,2005-07-28
fold_4,train,NB_2478,2004-09-01,0,2004,NB_2478@2004-09-01,group:NB_2478,2005-09-01
fold_4,train,NB_2603,2004-09-01,0,2004,NB_2603@2004-09-01,group:NB_2603,2005-09-01
fold_4,train,NB_261,2004-09-01,0,2004,NB_261@2004-09-01,group:NB_261,2005-09-01
fold_4,train,SA_287,2004-09-01,1,2004,SA_287@2004-09-01,group:SA_287,2005-09-01
fold_4,train,NB_2660,2004-11-02,0,2004,NB_2660@2004-11-02,group:NB_2660,2005-11-02
fold_4,train,SA_207,2004-11-02,1,2004,SA_207@2004-11-02,group:SA_207,2005-11-02
fold_4,train,NB_2626,2004-11-04,0,2004,NB_2626@2004-11-04,group:NB_2626,2005-11-04
fold_4,train,SA_182,2004-11-04,1,2004,SA_182@2004-11-04,group:SA_182,2005-11-04
fold_4,train,NB_1482,2004-12-07,0,2004,NB_1482@2004-12-07,group:NB_1482,2005-12-07
fold_4,train,NB_194,2004-12-07,0,2004,NB_194@2004-12-07,group:NB_194,2005-12-07
fold_4,train,NB_99,2004-12-07,0,2004,NB_99@2004-12-07,group:NB_99,2005-12-07
fold_4,train,NB_998,2004-12-07,0,2004,NB_998@2004-12-07,group:NB_998,2005-12-07
fold_4,train,SA_158,2004-12-07,1,2004,SA_158@2004-12-07,group:SA_158,2005-12-07
fold_4,train,NB_1305,2005-02-16,0,2005,NB_1305@2005-02-16,group:NB_1305,2006-02-16
fold_4,train,SA_88,2005-02-16,1,2005,SA_88@2005-02-16,group:SA_88,2006-02-16
fold_4,train,NB_1305,2005-06-16,0,2005,NB_1305@2005-06-16,group:NB_1305,2006-06-16
fold_4,train,NB_836,2005-06-16,0,2005,NB_836@2005-06-16,group:NB_836,2006-06-16
fold_4,train,SA_267,2005-06-16,1,2005,SA_267@2005-06-16,group:SA_267,2006-06-16
fold_4,train,SA_5,2005-06-16,1,2005,SA_5@2005-06-16,group:SA_5,2006-06-16
fold_4,train,NB_2059,2005-08-09,0,2005,NB_2059@2005-08-09,group:NB_2059,2006-08-09
fold_4,train,NB_2492,2005-08-09,0,2005,NB_2492@2005-08-09,group:NB_2492,2006-08-09
fold_4,train,NB_2942,2005-08-09,0,2005,NB_2942@2005-08-09,group:NB_2942,2006-08-09
fold_4,train,NB_99,2005-08-09,0,2005,NB_99@2005-08-09,group:NB_99,2006-08-09
fold_4,train,SA_79,2005-08-09,1,2005,SA_79@2005-08-09,group:SA_79,2006-08-09
fold_4,train,NB_1574,2006-06-30,0,2006,NB_1574@2006-06-30,group:NB_1574,2007-06-30
fold_4,train,NB_2034,2006-06-30,0,2006,NB_2034@2006-06-30,group:NB_2034,2007-06-30
fold_4,train,NB_494,2006-06-30,0,2006,NB_494@2006-06-30,group:NB_494,2007-06-30
fold_4,train,SA_190,2006-06-30,1,2006,SA_190@2006-06-30,group:SA_190,2007-06-30
fold_4,train,NB_2430,2006-09-12,0,2006,NB_2430@2006-09-12,group:NB_2430,2007-09-12
fold_4,train,NB_2671,2006-09-12,0,2006,NB_2671@2006-09-12,group:NB_2671,2007-09-12
fold_4,train,SA_71,2006-09-12,1,2006,SA_71@2006-09-12,group:SA_71,2007-09-12
fold_4,train,NB_1964,2006-12-21,0,2006,NB_1964@2006-12-21,group:NB_1964,2007-12-21
fold_4,train,SA_49,2006-12-21,1,2006,SA_49@2006-12-21,group:SA_49,2007-12-21
fold_4,train,SA_93,2007-08-21,1,2007,SA_93@2007-08-21,group:SA_93,2008-08-21
fold_4,train,NB_1730,2007-10-31,0,2007,NB_1730@2007-10-31,group:NB_1730,2008-10-31
fold_4,train,NB_2778,2007-10-31,0,2007,NB_2778@2007-10-31,group:NB_2778,2008-10-31
fold_4,train,NB_733,2007-10-31,0,2007,NB_733@2007-10-31,group:NB_733,2008-10-31
fold_4,train,SA_39,2007-10-31,1,2007,SA_39@2007-10-31,group:SA_39,2008-10-31
fold_4,train,NB_1398,2008-08-08,0,2008,NB_1398@2008-08-08,group:NB_1398,2009-08-08
fold_4,train,NB_1404,2008-08-08,0,2008,NB_1404@2008-08-08,group:NB_1404,2009-08-08
fold_4,train,SA_153,2008-08-08,1,2008,SA_153@2008-08-08,group:SA_153,2009-08-08
fold_4,train,NB_390,2008-11-20,0,2008,NB_390@2008-11-20,group:NB_390,2009-11-20
fold_4,train,SA_211,2008-11-20,1,2008,SA_211@2008-11-20,group:SA_211,2009-11-20
fold_4,train,NB_2797,2008-11-23,0,2008,NB_2797@2008-11-23,group:NB_2797,2009-11-23
fold_4,train,NB_2798,2008-11-23,0,2008,NB_2798@2008-11-23,group:NB_2798,2009-11-23
fold_4,train,NB_283,2008-11-23,0,2008,NB_283@2008-11-23,group:NB_283,2009-11-23
fold_4,train,NB_607,2008-11-23,0,2008,NB_607@2008-11-23,group:NB_607,2009-11-23
fold_4,train,SA_27,2008-11-23,1,2008,SA_27@2008-11-23,group:SA_27,2009-11-23
fold_4,train,NB_1385,2008-12-18,0,2008,NB_1385@2008-12-18,group:NB_1385,2009-12-18
fold_4,train,NB_2105,2008-12-18,0,2008,NB_2105@2008-12-18,group:NB_2105,2009-12-18
fold_4,train,NB_591,2008-12-18,0,2008,NB_591@2008-12-18,group:NB_591,2009-12-18
fold_4,train,SA_171,2008-12-18,1,2008,SA_171@2008-12-18,group:SA_171,2009-12-18
fold_4,train,NB_2458,2008-12-27,0,2008,NB_2458@2008-12-27,group:NB_2458,2009-12-27
fold_4,train,SA_243,2008-12-27,1,2008,SA_243@2008-12-27,group:SA_243,2009-12-27
fold_4,train,NB_968,2008-12-31,0,2008,NB_968@2008-12-31,group:NB_968,2009-12-31
fold_4,train,SA_309,2008-12-31,1,2008,SA_309@2008-12-31,group:SA_309,2009-12-31
fold_4,train,SA_115,2009-01-19,1,2009,SA_115@2009-01-19,group:SA_115,2010-01-19
fold_4,train,NB_2212,2009-01-20,0,2009,NB_2212@2009-01-20,group:NB_2212,2010-01-20
fold_4,train,SA_7,2009-01-20,1,2009,SA_7@2009-01-20,group:SA_7,2010-01-20
fold_4,train,NB_1775,2009-02-27,0,2009,NB_1775@2009-02-27,group:NB_1775,2010-02-27
fold_4,train,NB_1830,2009-02-27,0,2009,NB_1830@2009-02-27,group:NB_1830,2010-02-27
fold_4,train,NB_61,2009-02-27,0,2009,NB_61@2009-02-27,group:NB_61,2010-02-27
fold_4,train,NB_780,2009-02-27,0,2009,NB_780@2009-02-27,group:NB_780,2010-02-27
fold_4,train,SA_129,2009-02-27,1,2009,SA_129@2009-02-27,group:SA_129,2010-02-27
fold_4,train,SA_202,2009-02-27,1,2009,SA_202@2009-02-27,group:SA_202,2010-02-27
fold_4,train,NB_2587,2009-04-08,0,2009,NB_2587@2009-04-08,group:NB_2587,2010-04-08
fold_4,train,NB_476,2009-04-08,0,2009,NB_476@2009-04-08,group:NB_476,2010-04-08
fold_4,train,NB_968,2009-04-08,0,2009,NB_968@2009-04-08,group:NB_968,2010-04-08
fold_4,train,SA_102,2009-04-08,1,2009,SA_102@2009-04-08,group:SA_102,2010-04-08
fold_4,train,NB_1197,2009-07-03,0,2009,NB_1197@2009-07-03,group:NB_1197,2010-07-03
fold_4,train,NB_904,2009-07-03,0,2009,NB_904@2009-07-03,group:NB_904,2010-07-03
fold_4,train,SA_248,2009-07-03,1,2009,SA_248@2009-07-03,group:SA_248,2010-07-03
fold_4,train,NB_1398,2009-08-17,0,2009,NB_1398@2009-08-17,group:NB_1398,2010-08-17
fold_4,train,NB_998,2009-08-17,0,2009,NB_998@2009-08-17,group:NB_998,2010-08-17
fold_4,train,SA_164,2009-08-17,1,2009,SA_164@2009-08-17,group:SA_164,2010-08-17
fold_4,train,NB_2671,2010-06-25,0,2010,NB_2671@2010-06-25,group:NB_2671,2011-06-25
fold_4,train,NB_446,2010-06-25,0,2010,NB_446@2010-06-25,group:NB_446,2011-06-25
fold_4,train,SA_40,2010-06-25,1,2010,SA_40@2010-06-25,group:SA_40,2011-06-25
fold_4,train,NB_2944,2011-02-23,0,2011,NB_2944@2011-02-23,group:NB_2944,2012-02-23
fold_4,train,NB_335,2011-02-23,0,2011,NB_335@2011-02-23,group:NB_335,2012-02-23
fold_4,train,SA_209,2011-02-23,1,2011,SA_209@2011-02-23,group:SA_209,2012-02-23
fold_4,train,SA_307,2011-08-04,1,2011,SA_307@2011-08-04,group:SA_307,2012-08-04
fold_4,train,NB_206,2011-08-09,0,2011,NB_206@2011-08-09,group:NB_206,2012-08-09
fold_4,train,SA_186,2011-08-09,1,2011,SA_186@2011-08-09,group:SA_186,2012-08-09
fold_4,train,NB_1325,2011-10-06,0,2011,NB_1325@2011-10-06,group:NB_1325,2012-10-06
fold_4,train,NB_1352,2011-10-06,0,2011,NB_1352@2011-10-06,group:NB_1352,2012-10-06
fold_4,train,NB_2021,2011-10-06,0,2011,NB_2021@2011-10-06,group:NB_2021,2012-10-06
fold_4,train,NB_249,2011-10-06,0,2011,NB_249@2011-10-06,group:NB_249,2012-10-06
fold_4,train,NB_2775,2011-10-06,0,2011,NB_2775@2011-10-06,group:NB_2775,2012-10-06
fold_4,train,SA_274,2011-10-06,1,2011,SA_274@2011-10-06,group:SA_274,2012-10-06
fold_4,train,NB_2041,2011-11-16,0,2011,NB_2041@2011-11-16,group:NB_2041,2012-11-16
fold_4,train,NB_252,2011-11-16,0,2011,NB_252@2011-11-16,group:NB_252,2012-11-16
fold_4,train,SA_64,2011-11-16,1,2011,SA_64@2011-11-16,group:SA_64,2012-11-16
fold_4,train,NB_2378,2012-01-13,0,2012,NB_2378@2012-01-13,group:NB_2378,2013-01-13
fold_4,train,NB_2704,2012-01-13,0,2012,NB_2704@2012-01-13,group:NB_2704,2013-01-13
fold_4,train,NB_2972,2012-01-13,0,2012,NB_2972@2012-01-13,group:NB_2972,2013-01-13
fold_4,train,NB_594,2012-01-13,0,2012,NB_594@2012-01-13,group:NB_594,2013-01-13
fold_4,train,SA_113,2012-01-13,1,2012,SA_113@2012-01-13,group:SA_113,2013-01-13
fold_4,train,NB_1975,2012-05-19,0,2012,NB_1975@2012-05-19,group:NB_1975,2013-05-19
fold_4,train,NB_390,2012-05-19,0,2012,NB_390@2012-05-19,group:NB_390,2013-05-19
fold_4,train,SA_29,2012-05-19,1,2012,SA_29@2012-05-19,group:SA_29,2013-05-19
fold_4,train,SA_65,2012-08-16,1,2012,SA_65@2012-08-16,group:SA_65,2013-08-16
fold_4,train,NB_212,2012-10-30,0,2012,NB_212@2012-10-30,group:NB_212,2013-10-30
fold_4,train,NB_40,2012-10-30,0,2012,NB_40@2012-10-30,group:NB_40,2013-10-30
fold_4,train,NB_544,2012-10-30,0,2012,NB_544@2012-10-30,group:NB_544,2013-10-30
fold_4,train,SA_72,2012-10-30,1,2012,SA_72@2012-10-30,group:SA_72,2013-10-30
fold_4,train,SA_74,2012-10-30,1,2012,SA_74@2012-10-30,group:SA_74,2013-10-30
fold_4,train,NB_160,2013-01-08,0,2013,NB_160@2013-01-08,group:NB_160,2014-01-08
fold_4,train,NB_2020,2013-01-08,0,2013,NB_2020@2013-01-08,group:NB_2020,2014-01-08
fold_4,train,NB_248,2013-01-08,0,2013,NB_248@2013-01-08,group:NB_248,2014-01-08
fold_4,train,NB_704,2013-01-08,0,2013,NB_704@2013-01-08,group:NB_704,2014-01-08
fold_4,train,SA_18,2013-01-08,1,2013,SA_18@2013-01-08,group:SA_18,2014-01-08
fold_4,train,NB_1728,2013-06-19,0,2013,NB_1728@2013-06-19,group:NB_1728,2014-06-19
fold_4,train,SA_205,2013-06-19,1,2013,SA_205@2013-06-19,group:SA_205,2014-06-19
fold_4,train,NB_1596,2013-12-23,0,2013,NB_1596@2013-12-23,group:NB_1596,2014-12-23
fold_4,train,SA_41,2013-12-23,1,2013,SA_41@2013-12-23,group:SA_41,2014-12-23
fold_4,train,NB_2105,2014-01-11,0,2014,NB_2105@2014-01-11,group:NB_2105,2015-01-11
fold_4,train,NB_2944,2014-01-11,0,2014,NB_2944@2014-01-11,group:NB_2944,2015-01-11
fold_4,train,SA_137,2014-01-11,1,2014,SA_137@2014-01-11,group:SA_137,2015-01-11
fold_4,train,NB_2671,2014-11-07,0,2014,NB_2671@2014-11-07,group:NB_2671,2015-11-07
fold_4,train,SA_76,2014-11-07,1,2014,SA_76@2014-11-07,group:SA_76,2015-11-07
fold_4,train,NB_2434,2014-12-03,0,2014,NB_2434@2014-12-03,group:NB_2434,2015-12-03
fold_4,train,NB_868,2014-12-03,0,2014,NB_868@2014-12-03,group:NB_868,2015-12-03
fold_4,train,SA_191,2014-12-03,1,2014,SA_191@2014-12-03,group:SA_191,2015-12-03
fold_4,train,SA_149,2014-12-12,1,2014,SA_149@2014-12-12,group:SA_149,2015-12-12
fold_4,train,SA_6,2014-12-17,1,2014,SA_6@2014-12-17,group:SA_6,2015-12-17
fold_4,validation,NB_1026,2016-01-22,0,2016,NB_1026@2016-01-22,group:NB_1026,2017-01-22
fold_4,validation,NB_1193,2016-01-22,0,2016,NB_1193@2016-01-22,group:NB_1193,2017-01-22
fold_4,validation,SA_55,2016-01-22,1,2016,SA_55@2016-01-22,group:SA_55,2017-01-22
fold_4,validation,SA_180,2016-02-02,1,2016,SA_180@2016-02-02,group:SA_180,2017-02-02
fold_4,validation,NB_1455,2016-02-04,0,2016,NB_1455@2016-02-04,group:NB_1455,2017-02-04
fold_4,validation,SA_224,2016-02-04,1,2016,SA_224@2016-02-04,group:SA_224,2017-02-04
fold_4,validation,NB_2967,2016-02-15,0,2016,NB_2967@2016-02-15,group:NB_2967,2017-02-15
fold_4,validation,SA_256,2016-02-15,1,2016,SA_256@2016-02-15,group:SA_256,2017-02-15
fold_4,validation,NB_1707,2016-02-16,0,2016,NB_1707@2016-02-16,group:NB_1707,2017-02-16
fold_4,validation,NB_1732,2016-02-16,0,2016,NB_1732@2016-02-16,group:NB_1732,2017-02-16
fold_4,validation,SA_282,2016-02-16,1,2016,SA_282@2016-02-16,group:SA_282,2017-02-16
fold_4,validation,NB_3012,2016-03-09,0,2016,NB_3012@2016-03-09,group:NB_3012,2017-03-09
fold_4,validation,NB_424,2016-03-09,0,2016,NB_424@2016-03-09,group:NB_424,2017-03-09
fold_4,validation,NB_468,2016-03-09,0,2016,NB_468@2016-03-09,group:NB_468,2017-03-09
fold_4,validation,NB_762,2016-03-09,0,2016,NB_762@2016-03-09,group:NB_762,2017-03-09
fold_4,validation,NB_941,2016-03-09,0,2016,NB_941@2016-03-09,group:NB_941,2017-03-09
fold_4,validation,SA_109,2016-03-09,1,2016,SA_109@2016-03-09,group:SA_109,2017-03-09
fold_4,validation,NB_1814,2016-05-03,0,2016,NB_1814@2016-05-03,group:NB_1814,2017-05-03
fold_4,validation,NB_2477,2016-05-03,0,2016,NB_2477@2016-05-03,group:NB_2477,2017-05-03
fold_4,validation,NB_2860,2016-05-03,0,2016,NB_2860@2016-05-03,group:NB_2860,2017-05-03
fold_4,validation,SA_304,2016-05-03,1,2016,SA_304@2016-05-03,group:SA_304,2017-05-03
fold_4,validation,NB_1167,2016-06-18,0,2016,NB_1167@2016-06-18,group:NB_1167,2017-06-18
fold_4,validation,NB_1875,2016-06-18,0,2016,NB_1875@2016-06-18,group:NB_1875,2017-06-18
fold_4,validation,SA_81,2016-06-18,1,2016,SA_81@2016-06-18,group:SA_81,2017-06-18
fold_4,validation,NB_2240,2017-05-28,0,2017,NB_2240@2017-05-28,group:NB_2240,2018-05-28
fold_4,validation,SA_236,2017-05-28,1,2017,SA_236@2017-05-28,group:SA_236,2018-05-28
fold_4,validation,SA_292,2017-09-15,1,2017,SA_292@2017-09-15,group:SA_292,2018-09-15
fold_4,validation,NB_1664,2017-09-20,0,2017,NB_1664@2017-09-20,group:NB_1664,2018-09-20
fold_4,validation,NB_2997,2017-09-20,0,2017,NB_2997@2017-09-20,group:NB_2997,2018-09-20
fold_4,validation,NB_340,2017-09-20,0,2017,NB_340@2017-09-20,group:NB_340,2018-09-20
fold_4,validation,NB_899,2017-09-20,0,2017,NB_899@2017-09-20,group:NB_899,2018-09-20
fold_4,validation,SA_62,2017-09-20,1,2017,SA_62@2017-09-20,group:SA_62,2018-09-20
fold_4,validation,NB_1048,2017-10-17,0,2017,NB_1048@2017-10-17,group:NB_1048,2018-10-17
fold_4,validation,NB_1487,2017-10-17,0,2017,NB_1487@2017-10-17,group:NB_1487,2018-10-17
fold_4,validation,NB_1814,2017-10-17,0,2017,NB_1814@2017-10-17,group:NB_1814,2018-10-17
fold_4,validation,NB_1898,2017-10-17,0,2017,NB_1898@2017-10-17,group:NB_1898,2018-10-17
fold_4,validation,NB_678,2017-10-17,0,2017,NB_678@2017-10-17,group:NB_678,2018-10-17
fold_4,validation,SA_232,2017-10-17,1,2017,SA_232@2017-10-17,group:SA_232,2018-10-17
fold_4,validation,NB_698,2017-11-04,0,2017,NB_698@2017-11-04,group:NB_698,2018-11-04
fold_4,validation,SA_151,2017-11-04,1,2017,SA_151@2017-11-04,group:SA_151,2018-11-04
fold_4,validation,SA_250,2017-12-12,1,2017,SA_250@2017-12-12,group:SA_250,2018-12-12
fold_4,validation,NB_1538,2018-02-17,0,2018,NB_1538@2018-02-17,group:NB_1538,2019-02-17
fold_4,validation,SA_46,2018-02-17,1,2018,SA_46@2018-02-17,group:SA_46,2019-02-17
fold_4,validation,NB_1732,2018-07-17,0,2018,NB_1732@2018-07-17,group:NB_1732,2019-07-17
fold_4,validation,NB_2097,2018-07-17,0,2018,NB_2097@2018-07-17,group:NB_2097,2019-07-17
fold_4,validation,SA_288,2018-07-17,1,2018,SA_288@2018-07-17,group:SA_288,2019-07-17
fold_4,validation,NB_2097,2018-08-02,0,2018,NB_2097@2018-08-02,group:NB_2097,2019-08-02
fold_4,validation,NB_416,2018-08-02,0,2018,NB_416@2018-08-02,group:NB_416,2019-08-02
fold_4,validation,NB_447,2018-08-02,0,2018,NB_447@2018-08-02,group:NB_447,2019-08-02
fold_4,validation,SA_112,2018-08-02,1,2018,SA_112@2018-08-02,group:SA_112,2019-08-02
fold_4,validation,NB_1343,2018-11-27,0,2018,NB_1343@2018-11-27,group:NB_1343,2019-11-27
fold_4,validation,SA_289,2018-11-27,1,2018,SA_289@2018-11-27,group:SA_289,2019-11-27
fold_4,validation,NB_1089,2018-12-14,0,2018,NB_1089@2018-12-14,group:NB_1089,2019-12-14
fold_4,validation,NB_1912,2018-12-14,0,2018,NB_1912@2018-12-14,group:NB_1912,2019-12-14
fold_4,validation,NB_468,2018-12-14,0,2018,NB_468@2018-12-14,group:NB_468,2019-12-14
fold_4,validation,SA_69,2018-12-14,1,2018,SA_69@2018-12-14,group:SA_69,2019-12-14
final_test,test,NB_87,2019-01-01,0,2019,NB_87@2019-01-01,group:NB_87,2020-01-01
final_test,test,SA_194,2019-01-01,1,2019,SA_194@2019-01-01,group:SA_194,2020-01-01
final_test,test,NB_1814,2019-01-14,0,2019,NB_1814@2019-01-14,group:NB_1814,2020-01-14
final_test,test,NB_3004,2019-01-14,0,2019,NB_3004@2019-01-14,group:NB_3004,2020-01-14
final_test,test,SA_227,2019-01-14,1,2019,SA_227@2019-01-14,group:SA_227,2020-01-14
final_test,test,SA_50,2019-02-09,1,2019,SA_50@2019-02-09,group:SA_50,2020-02-09
final_test,test,NB_2097,2019-02-10,0,2019,NB_2097@2019-02-10,group:NB_2097,2020-02-10
final_test,test,NB_681,2019-02-10,0,2019,NB_681@2019-02-10,group:NB_681,2020-02-10
final_test,test,SA_193,2019-02-10,1,2019,SA_193@2019-02-10,group:SA_193,2020-02-10
final_test,test,NB_1567,2019-03-20,0,2019,NB_1567@2019-03-20,group:NB_1567,2020-03-20
final_test,test,NB_447,2019-03-20,0,2019,NB_447@2019-03-20,group:NB_447,2020-03-20
final_test,test,SA_218,2019-03-20,1,2019,SA_218@2019-03-20,group:SA_218,2020-03-20
final_test,test,NB_2324,2019-05-13,0,2019,NB_2324@2019-05-13,group:NB_2324,2020-05-13
final_test,test,NB_438,2019-05-13,0,2019,NB_438@2019-05-13,group:NB_438,2020-05-13
final_test,test,NB_967,2019-05-13,0,2019,NB_967@2019-05-13,group:NB_967,2020-05-13
final_test,test,SA_241,2019-05-13,1,2019,SA_241@2019-05-13,group:SA_241,2020-05-13
final_test,test,NB_1025,2019-07-05,0,2019,NB_1025@2019-07-05,group:NB_1025,2020-07-05
final_test,test,NB_2180,2019-07-05,0,2019,NB_2180@2019-07-05,group:NB_2180,2020-07-05
final_test,test,SA_104,2019-07-05,1,2019,SA_104@2019-07-05,group:SA_104,2020-07-05
final_test,test,NB_904,2019-08-20,0,2019,NB_904@2019-08-20,group:NB_904,2020-08-20
final_test,test,SA_2,2019-08-20,1,2019,SA_2@2019-08-20,group:SA_2,2020-08-20
final_test,test,NB_1487,2019-10-23,0,2019,NB_1487@2019-10-23,group:NB_1487,2020-10-23
final_test,test,NB_2505,2019-10-23,0,2019,NB_2505@2019-10-23,group:NB_2505,2020-10-23
final_test,test,SA_119,2019-10-23,1,2019,SA_119@2019-10-23,group:SA_119,2020-10-23
final_test,test,NB_2482,2019-11-19,0,2019,NB_2482@2019-11-19,group:NB_2482,2020-11-19
final_test,test,NB_438,2019-11-19,0,2019,NB_438@2019-11-19,group:NB_438,2020-11-19
final_test,test,SA_252,2019-11-19,1,2019,SA_252@2019-11-19,group:SA_252,2020-11-19
final_test,test,NB_2265,2019-12-11,0,2019,NB_2265@2019-12-11,group:NB_2265,2020-12-11
final_test,test,NB_2271,2019-12-11,0,2019,NB_2271@2019-12-11,group:NB_2271,2020-12-11
final_test,test,NB_2771,2019-12-11,0,2019,NB_2771@2019-12-11,group:NB_2771,2020-12-11
final_test,test,NB_936,2019-12-11,0,2019,NB_936@2019-12-11,group:NB_936,2020-12-11
final_test,test,SA_214,2019-12-11,1,2019,SA_214@2019-12-11,group:SA_214,2020-12-11
final_test,test,NB_1551,2020-01-08,0,2020,NB_1551@2020-01-08,group:NB_1551,2021-01-08
final_test,test,SA_262,2020-01-08,1,2020,SA_262@2020-01-08,group:SA_262,2021-01-08
final_test,test,NB_1548,2020-02-18,0,2020,NB_1548@2020-02-18,group:NB_1548,2021-02-18
final_test,test,NB_1630,2020-02-18,0,2020,NB_1630@2020-02-18,group:NB_1630,2021-02-18
final_test,test,SA_198,2020-02-18,1,2020,SA_198@2020-02-18,group:SA_198,2021-02-18
final_test,test,NB_1989,2020-02-19,0,2020,NB_1989@2020-02-19,group:NB_1989,2021-02-19
final_test,test,SA_56,2020-02-19,1,2020,SA_56@2020-02-19,group:SA_56,2021-02-19
final_test,test,NB_2402,2020-02-20,0,2020,NB_2402@2020-02-20,group:NB_2402,2021-02-20
final_test,test,SA_144,2020-02-20,1,2020,SA_144@2020-02-20,group:SA_144,2021-02-20
final_test,test,NB_1482,2020-03-03,0,2020,NB_1482@2020-03-03,group:NB_1482,2021-03-03
final_test,test,NB_728,2020-03-03,0,2020,NB_728@2020-03-03,group:NB_728,2021-03-03
final_test,test,SA_31,2020-03-03,1,2020,SA_31@2020-03-03,group:SA_31,2021-03-03
final_test,test,NB_3017,2020-03-17,0,2020,NB_3017@2020-03-17,group:NB_3017,2021-03-17
final_test,test,SA_188,2020-03-17,1,2020,SA_188@2020-03-17,group:SA_188,2021-03-17
final_test,test,SA_231,2020-03-22,1,2020,SA_231@2020-03-22,group:SA_231,2021-03-22
final_test,test,SA_8,2020-03-25,1,2020,SA_8@2020-03-25,group:SA_8,2021-03-25
final_test,test,SA_286,2020-03-26,1,2020,SA_286@2020-03-26,group:SA_286,2021-03-26
final_test,test,SA_100,2020-03-31,1,2020,SA_100@2020-03-31,group:SA_100,2021-03-31
final_test,test,NB_1025,2020-04-13,0,2020,NB_1025@2020-04-13,group:NB_1025,2021-04-13
final_test,test,NB_1206,2020-04-13,0,2020,NB_1206@2020-04-13,group:NB_1206,2021-04-13
final_test,test,NB_1841,2020-04-13,0,2020,NB_1841@2020-04-13,group:NB_1841,2021-04-13
final_test,test,NB_1850,2020-04-13,0,2020,NB_1850@2020-04-13,group:NB_1850,2021-04-13
final_test,test,NB_2199,2020-04-13,0,2020,NB_2199@2020-04-13,group:NB_2199,2021-04-13
final_test,test,NB_2854,2020-04-13,0,2020,NB_2854@2020-04-13,group:NB_2854,2021-04-13
final_test,test,NB_2875,2020-04-13,0,2020,NB_2875@2020-04-13,group:NB_2875,2021-04-13
final_test,test,NB_553,2020-04-13,0,2020,NB_553@2020-04-13,group:NB_553,2021-04-13
final_test,test,NB_868,2020-04-13,0,2020,NB_868@2020-04-13,group:NB_868,2021-04-13
final_test,test,SA_95,2020-04-13,1,2020,SA_95@2020-04-13,group:SA_95,2021-04-13
final_test,test,NB_156,2020-04-27,0,2020,NB_156@2020-04-27,group:NB_156,2021-04-27
final_test,test,NB_1912,2020-04-27,0,2020,NB_1912@2020-04-27,group:NB_1912,2021-04-27
final_test,test,SA_38,2020-04-27,1,2020,SA_38@2020-04-27,group:SA_38,2021-04-27
final_test,test,NB_1168,2020-05-04,0,2020,NB_1168@2020-05-04,group:NB_1168,2021-05-04
final_test,test,NB_1440,2020-05-04,0,2020,NB_1440@2020-05-04,group:NB_1440,2021-05-04
final_test,test,NB_1570,2020-05-04,0,2020,NB_1570@2020-05-04,group:NB_1570,2021-05-04
final_test,test,NB_2182,2020-05-04,0,2020,NB_2182@2020-05-04,group:NB_2182,2021-05-04
final_test,test,NB_416,2020-05-04,0,2020,NB_416@2020-05-04,group:NB_416,2021-05-04
final_test,test,NB_446,2020-05-04,0,2020,NB_446@2020-05-04,group:NB_446,2021-05-04
final_test,test,NB_626,2020-05-04,0,2020,NB_626@2020-05-04,group:NB_626,2021-05-04
final_test,test,SA_226,2020-05-04,1,2020,SA_226@2020-05-04,group:SA_226,2021-05-04
final_test,test,NB_1464,2021-06-02,0,2021,NB_1464@2021-06-02,group:NB_1464,2022-06-02
final_test,test,NB_2219,2021-06-02,0,2021,NB_2219@2021-06-02,group:NB_2219,2022-06-02
final_test,test,NB_2866,2021-06-02,0,2021,NB_2866@2021-06-02,group:NB_2866,2022-06-02
final_test,test,NB_2908,2021-06-02,0,2021,NB_2908@2021-06-02,group:NB_2908,2022-06-02
final_test,test,SA_54,2021-06-02,1,2021,SA_54@2021-06-02,group:SA_54,2022-06-02
