model,split,top_fraction,n_scored,n_screened,bankruptcies_total,bankruptcies_captured,capture_rate,precision,current_dataset_key_overlap,current_dataset_key_mismatches
Elastic Net,validation,0.01,172,2,58,2,0.034482758620689655,1.0,172,0
Elastic Net,validation,0.05,172,9,58,8,0.13793103448275862,0.8888888888888888,172,0
Elastic Net,validation,0.1,172,18,58,14,0.2413793103448276,0.7777777777777778,172,0
Elastic Net,test,0.01,76,1,25,1,0.04,1.0,76,0
Elastic Net,test,0.05,76,4,25,4,0.16,1.0,76,0
Elastic Net,test,0.1,76,8,25,8,0.32,1.0,76,0
Random Forest,validation,0.01,172,2,58,2,0.034482758620689655,1.0,172,0
Random Forest,validation,0.05,172,9,58,8,0.13793103448275862,0.8888888888888888,172,0
Random Forest,validation,0.1,172,18,58,15,0.25862068965517243,0.8333333333333334,172,0
Random Forest,test,0.01,76,1,25,1,0.04,1.0,76,0
Random Forest,test,0.05,76,4,25,4,0.16,1.0,76,0
Random Forest,test,0.1,76,8,25,8,0.32,1.0,76,0
