scenario,comparison,feature_set,matching_ratio,control_replacement,horizon_months,missing_indicators,primary_candidate,split,events,companies,bankrupt_events,prevalence,predictor_count,selected_C,mean_fold_validation_pr_auc,pooled_oof_pr_auc,roc_auc,pr_auc_average_precision,balanced_accuracy,sensitivity,specificity,f1,brier_score
financial_only,feature_family,financial_only,2,True,12,True,False,oof_validation,172,152,58,0.3372093023255814,352,0.1,0.7978742304154316,0.7063369587564032,0.8915607985480943,0.7063369587564032,0.8346944948578343,0.8448275862068966,0.8245614035087719,0.7716535433070866,0.1293268744929476
financial_plus_market,feature_family,financial_plus_market,2,True,12,True,False,oof_validation,172,152,58,0.3372093023255814,425,0.1,0.7998458977969329,0.7231977625282126,0.8926194797338172,0.7231977625282126,0.8693284936479129,0.896551724137931,0.8421052631578947,0.8125,0.1309595035579122
financial_plus_macro,feature_family,financial_plus_macro,2,True,12,True,False,oof_validation,172,152,58,0.3372093023255814,433,0.1,0.7980881272264245,0.7065028458165301,0.8917120387174834,0.7065028458165301,0.8346944948578343,0.8448275862068966,0.8245614035087719,0.7716535433070866,0.12956488776410646
original_levels_only,feature_family,original_levels_only,2,True,12,True,False,oof_validation,172,152,58,0.3372093023255814,75,1.0,0.91590798638496,0.864308233205254,0.9296733212341197,0.864308233205254,0.8694797338173019,0.8793103448275862,0.8596491228070176,0.816,0.10899342678547201
derived_ratios_only,feature_family,derived_ratios_only,2,True,12,True,False,oof_validation,172,152,58,0.3372093023255814,19,0.1,0.7314322223197918,0.6901774313676974,0.8395341802782819,0.6901774313676974,0.7395644283121597,0.6896551724137931,0.7894736842105263,0.6557377049180327,0.17866411986195188
trends_only,feature_family,trends_only,2,True,12,True,False,oof_validation,172,152,58,0.3372093023255814,343,0.1,0.654479246612288,0.5846597951864033,0.7728372655777374,0.5846597951864033,0.7475801572897762,0.7758620689655172,0.7192982456140351,0.6666666666666666,0.20586690985330702
trends_1y,feature_family,trends_1y,2,True,12,True,False,oof_validation,172,152,58,0.3372093023255814,118,0.1,0.7419653619946255,0.6611759542663306,0.8176043557168784,0.6611759542663306,0.7347247428917121,0.7413793103448276,0.7280701754385965,0.6515151515151515,0.18507643708587593
trends_2y,feature_family,trends_2y,2,True,12,True,False,oof_validation,172,152,58,0.3372093023255814,116,0.1,0.6740185997037961,0.6284838686293841,0.7563520871143375,0.6284838686293841,0.7133998790078645,0.6724137931034483,0.7543859649122807,0.624,0.20552997660555686
trends_3y,feature_family,trends_3y,2,True,12,True,False,oof_validation,172,152,58,0.3372093023255814,161,0.1,0.617658213209228,0.5578012328216495,0.765426497277677,0.5578012328216495,0.7003932244404114,0.6551724137931034,0.7456140350877193,0.608,0.214231711779313
trends_1to3y,feature_family,trends_1to3y,2,True,12,True,False,oof_validation,172,152,58,0.3372093023255814,343,0.1,0.654479246612288,0.5846597951864033,0.7728372655777374,0.5846597951864033,0.7475801572897762,0.7758620689655172,0.7192982456140351,0.6666666666666666,0.20586690985330702
compact_specification,feature_specification,compact_features,2,True,12,False,False,oof_validation,172,152,58,0.3372093023255814,22,1.0,0.8890567405989582,0.7280329374576555,0.8883847549909256,0.7280329374576555,0.8563218390804598,0.8793103448275862,0.8333333333333334,0.796875,0.12935606789488618
full_specification,feature_specification,all_features,2,True,12,True,False,oof_validation,172,152,58,0.3372093023255814,506,0.1,0.8004996134005206,0.7258728070300968,0.8927707199032063,0.7258728070300968,0.8950393224440412,0.9655172413793104,0.8245614035087719,0.835820895522388,0.13310934226859064
all_features_with_missing_indicators,missingness,all_features,2,True,12,True,False,oof_validation,172,152,58,0.3372093023255814,506,0.1,0.8004996134005206,0.7258728070300968,0.8927707199032063,0.7258728070300968,0.8950393224440412,0.9655172413793104,0.8245614035087719,0.835820895522388,0.13310934226859064
all_features_without_missing_indicators,missingness,all_features,2,True,12,False,False,oof_validation,172,152,58,0.3372093023255814,480,0.1,0.7980254793474392,0.724638368352362,0.8935269207501512,0.724638368352362,0.8906533575317604,0.9655172413793104,0.8157894736842105,0.8296296296296296,0.13406932676446426
matching_1to1,matching_ratio,all_features,1,True,12,True,False,oof_validation,114,109,57,0.5,506,0.1,0.9185797955303616,0.8546006459578921,0.9027393044013542,0.8546006459578921,0.9035087719298245,0.9473684210526315,0.8596491228070176,0.907563025210084,0.1163395950448196
matching_1to1_with_replacement,control_replacement,all_features,1,True,12,True,False,oof_validation,114,109,57,0.5,506,0.1,0.9185797955303616,0.8546006459578921,0.9027393044013542,0.8546006459578921,0.9035087719298245,0.9473684210526315,0.8596491228070176,0.907563025210084,0.1163395950448196
matching_1to1_without_replacement,control_replacement,all_features,1,False,12,True,False,oof_validation,110,107,55,0.5,506,0.1,0.9039126173230844,0.8483092800586208,0.8985123966942149,0.8483092800586208,0.8999999999999999,0.9272727272727272,0.8727272727272727,0.9026548672566371,0.12076882623160036
matching_1to2,matching_ratio,all_features,2,True,12,True,False,oof_validation,172,152,58,0.3372093023255814,506,0.1,0.8004996134005206,0.7258728070300968,0.8927707199032063,0.7258728070300968,0.8950393224440412,0.9655172413793104,0.8245614035087719,0.835820895522388,0.13310934226859064
matching_1to2_with_replacement,control_replacement,all_features,2,True,12,True,False,oof_validation,172,152,58,0.3372093023255814,506,0.1,0.8004996134005206,0.7258728070300968,0.8927707199032063,0.7258728070300968,0.8950393224440412,0.9655172413793104,0.8245614035087719,0.835820895522388,0.13310934226859064
matching_1to2_without_replacement,control_replacement,all_features,2,False,12,True,False,oof_validation,164,152,58,0.35365853658536583,506,0.1,0.8499629196340199,0.7850750976982546,0.8960637605725439,0.7850750976982546,0.8939492517891998,0.9482758620689655,0.839622641509434,0.8461538461538461,0.13182790923684523
matching_1to3,matching_ratio,all_features,3,True,12,True,False,oof_validation,172,152,58,0.3372093023255814,506,0.1,0.7932927883628131,0.7207996817382067,0.8920145190562614,0.7207996817382067,0.8950393224440412,0.9655172413793104,0.8245614035087719,0.835820895522388,0.1333735717551942
matching_1to3_with_replacement,control_replacement,all_features,3,True,12,True,False,oof_validation,172,152,58,0.3372093023255814,506,0.1,0.7932927883628131,0.7207996817382067,0.8920145190562614,0.7207996817382067,0.8950393224440412,0.9655172413793104,0.8245614035087719,0.835820895522388,0.1333735717551942
matching_1to3_without_replacement,control_replacement,all_features,3,False,12,True,False,oof_validation,164,152,58,0.35365853658536583,506,0.1,0.8499629196340199,0.7850750976982546,0.8960637605725439,0.7850750976982546,0.8939492517891998,0.9482758620689655,0.839622641509434,0.8461538461538461,0.13182790923684523
compact_features,primary_feature_specification,compact_features,2,True,12,False,True,oof_validation,172,152,58,0.3372093023255814,22,1.0,0.8890567405989582,0.7280329374576555,0.8883847549909256,0.7280329374576555,0.8563218390804598,0.8793103448275862,0.8333333333333334,0.796875,0.12935606789488618
full_features,primary_feature_specification,full_features,2,True,12,False,True,oof_validation,172,152,58,0.3372093023255814,480,0.1,0.7980254793474392,0.724638368352362,0.8935269207501512,0.724638368352362,0.8906533575317604,0.9655172413793104,0.8157894736842105,0.8296296296296296,0.13406932676446426
levels_only,feature_family,levels_only,2,True,12,True,False,oof_validation,172,152,58,0.3372093023255814,75,1.0,0.91590798638496,0.864308233205254,0.9296733212341197,0.864308233205254,0.8694797338173019,0.8793103448275862,0.8596491228070176,0.816,0.10899342678547201
outcome_6m,outcome_horizon,all_features,2,True,6,True,False,oof_validation,172,152,58,0.3372093023255814,506,0.1,0.8004996134005206,0.7258728070300968,0.8927707199032063,0.7258728070300968,0.8950393224440412,0.9655172413793104,0.8245614035087719,0.835820895522388,0.13310934226859064
outcome_12m,outcome_horizon,all_features,2,True,12,True,False,oof_validation,172,152,58,0.3372093023255814,506,0.1,0.8004996134005206,0.7258728070300968,0.8927707199032063,0.7258728070300968,0.8950393224440412,0.9655172413793104,0.8245614035087719,0.835820895522388,0.13310934226859064
financial_only,feature_family,financial_only,2,True,12,True,False,test_final_table_only,74,72,25,0.33783783783783783,352,,,0.7063369587564032,0.9469387755102041,0.911257900462489,0.8885714285714286,0.92,0.8571428571428571,0.8363636363636363,0.10851025972648691
financial_plus_market,feature_family,financial_plus_market,2,True,12,True,False,test_final_table_only,74,72,25,0.33783783783783783,425,,,0.7231977625282126,0.9265306122448979,0.8072937928131272,0.8171428571428572,0.92,0.7142857142857143,0.7419354838709677,0.13723512968071866
financial_plus_macro,feature_family,financial_plus_macro,2,True,12,True,False,test_final_table_only,74,72,25,0.33783783783783783,433,,,0.7065028458165301,0.9510204081632654,0.9190893698857806,0.8885714285714286,0.92,0.8571428571428571,0.8363636363636363,0.10714650605117211
original_levels_only,feature_family,original_levels_only,2,True,12,True,False,test_final_table_only,74,72,25,0.33783783783783783,75,,,0.864308233205254,0.937142857142857,0.8985390336858368,0.8681632653061224,0.92,0.8163265306122449,0.8070175438596491,0.10468986639134133
derived_ratios_only,feature_family,derived_ratios_only,2,True,12,True,False,test_final_table_only,74,72,25,0.33783783783783783,19,,,0.6901774313676974,0.8906122448979592,0.7211961986287474,0.8077551020408162,0.84,0.7755102040816326,0.7368421052631579,0.16194856926241044
trends_only,feature_family,trends_only,2,True,12,True,False,test_final_table_only,74,72,25,0.33783783783783783,343,,,0.5846597951864033,0.8326530612244899,0.7299992332963796,0.7261224489795919,0.84,0.6122448979591837,0.6461538461538462,0.19181773270103547
trends_1y,feature_family,trends_1y,2,True,12,True,False,test_final_table_only,74,72,25,0.33783783783783783,118,,,0.6611759542663306,0.8571428571428571,0.7708369524963722,0.7355102040816326,0.92,0.5510204081632653,0.6571428571428571,0.19309772791180568
trends_2y,feature_family,trends_2y,2,True,12,True,False,test_final_table_only,74,72,25,0.33783783783783783,116,,,0.6284838686293841,0.7779591836734694,0.6658376843804146,0.7155102040816326,0.88,0.5510204081632653,0.6376811594202898,0.22774308691261502
trends_3y,feature_family,trends_3y,2,True,12,True,False,test_final_table_only,74,72,25,0.33783783783783783,161,,,0.5578012328216495,0.8587755102040816,0.8136417666534783,0.7669387755102041,0.84,0.6938775510204082,0.6885245901639344,0.1770576066042784
trends_1to3y,feature_family,trends_1to3y,2,True,12,True,False,test_final_table_only,74,72,25,0.33783783783783783,343,,,0.5846597951864033,0.8326530612244899,0.7299992332963796,0.7261224489795919,0.84,0.6122448979591837,0.6461538461538462,0.19181773270103547
compact_specification,feature_specification,compact_features,2,True,12,False,False,test_final_table_only,74,72,25,0.33783783783783783,22,,,0.7280329374576555,0.9257142857142856,0.7860492543450592,0.8983673469387755,0.96,0.8367346938775511,0.8421052631578947,0.11510454021476475
full_specification,feature_specification,all_features,2,True,12,True,False,test_final_table_only,74,72,25,0.33783783783783783,506,,,0.7258728070300968,0.9322448979591837,0.8145333719928686,0.8069387755102041,0.92,0.6938775510204082,0.7301587301587301,0.13764711614456615
all_features_with_missing_indicators,missingness,all_features,2,True,12,True,False,test_final_table_only,74,72,25,0.33783783783783783,506,,,0.7258728070300968,0.9322448979591837,0.8145333719928686,0.8069387755102041,0.92,0.6938775510204082,0.7301587301587301,0.13764711614456615
all_features_without_missing_indicators,missingness,all_features,2,True,12,False,False,test_final_table_only,74,72,25,0.33783783783783783,480,,,0.724638368352362,0.9322448979591837,0.8145333719928686,0.8069387755102041,0.92,0.6938775510204082,0.7301587301587301,0.13747132921925548
matching_1to1,matching_ratio,all_features,1,True,12,True,False,test_final_table_only,48,47,24,0.5,506,,,0.8546006459578921,0.9166666666666666,0.8469234689107401,0.8125,0.9166666666666666,0.7083333333333334,0.8301886792452831,0.12244793789811152
matching_1to1_with_replacement,control_replacement,all_features,1,True,12,True,False,test_final_table_only,48,47,24,0.5,506,,,0.8546006459578921,0.9166666666666666,0.8469234689107401,0.8125,0.9166666666666666,0.7083333333333334,0.8301886792452831,0.12244793789811152
matching_1to1_without_replacement,control_replacement,all_features,1,False,12,True,False,test_final_table_only,46,46,23,0.5,506,,,0.8483092800586208,0.9073724007561437,0.8327047527070363,0.8043478260869565,0.9130434782608695,0.6956521739130435,0.8235294117647058,0.12565182364162283
matching_1to2,matching_ratio,all_features,2,True,12,True,False,test_final_table_only,74,72,25,0.33783783783783783,506,,,0.7258728070300968,0.9322448979591837,0.8145333719928686,0.8069387755102041,0.92,0.6938775510204082,0.7301587301587301,0.13764711614456615
matching_1to2_with_replacement,control_replacement,all_features,2,True,12,True,False,test_final_table_only,74,72,25,0.33783783783783783,506,,,0.7258728070300968,0.9322448979591837,0.8145333719928686,0.8069387755102041,0.92,0.6938775510204082,0.7301587301587301,0.13764711614456615
matching_1to2_without_replacement,control_replacement,all_features,2,False,12,True,False,test_final_table_only,72,72,25,0.3472222222222222,506,,,0.7850750976982546,0.9268085106382978,0.8110856194837199,0.8110638297872341,0.92,0.7021276595744681,0.7419354838709677,0.13413792529604596
matching_1to3,matching_ratio,all_features,3,True,12,True,False,test_final_table_only,74,72,25,0.33783783783783783,506,,,0.7207996817382067,0.9322448979591837,0.8145333719928686,0.8069387755102041,0.92,0.6938775510204082,0.7301587301587301,0.13797699023104118
matching_1to3_with_replacement,control_replacement,all_features,3,True,12,True,False,test_final_table_only,74,72,25,0.33783783783783783,506,,,0.7207996817382067,0.9322448979591837,0.8145333719928686,0.8069387755102041,0.92,0.6938775510204082,0.7301587301587301,0.13797699023104118
matching_1to3_without_replacement,control_replacement,all_features,3,False,12,True,False,test_final_table_only,72,72,25,0.3472222222222222,506,,,0.7850750976982546,0.9268085106382978,0.8110856194837199,0.8110638297872341,0.92,0.7021276595744681,0.7419354838709677,0.13413792529604596
compact_features,primary_feature_specification,compact_features,2,True,12,False,True,test_final_table_only,74,72,25,0.33783783783783783,22,,,0.7280329374576555,0.9257142857142856,0.7860492543450592,0.8983673469387755,0.96,0.8367346938775511,0.8421052631578947,0.11510454021476475
full_features,primary_feature_specification,full_features,2,True,12,False,True,test_final_table_only,74,72,25,0.33783783783783783,480,,,0.724638368352362,0.9322448979591837,0.8145333719928686,0.8069387755102041,0.92,0.6938775510204082,0.7301587301587301,0.13747132921925548
levels_only,feature_family,levels_only,2,True,12,True,False,test_final_table_only,74,72,25,0.33783783783783783,75,,,0.864308233205254,0.937142857142857,0.8985390336858368,0.8681632653061224,0.92,0.8163265306122449,0.8070175438596491,0.10468986639134133
outcome_6m,outcome_horizon,all_features,2,True,6,True,False,test_final_table_only,74,72,25,0.33783783783783783,506,,,0.7258728070300968,0.9322448979591837,0.8145333719928686,0.8069387755102041,0.92,0.6938775510204082,0.7301587301587301,0.13764711614456615
outcome_12m,outcome_horizon,all_features,2,True,12,True,False,test_final_table_only,74,72,25,0.33783783783783783,506,,,0.7258728070300968,0.9322448979591837,0.8145333719928686,0.8069387755102041,0.92,0.6938775510204082,0.7301587301587301,0.13764711614456615
