date,inflation_cpi_yoy,real_gdp_growth,unemployment_rate,effective_federal_funds_rate,treasury_3m_rate,treasury_10y_rate,credit_spread,vix,yield_curve_slope,yield_curve_inverted,real_policy_rate,credit_spread_change,vix_change
1993-06-30,3.0,2.3,7.0,3.92,3.08,5.776,679.27,11.26,2.6959999999999997,0.0,0.9199999999999999,,
1993-07-31,2.8,2.3,6.9,3.07,3.1,5.807,684.19,11.73,2.7070000000000003,0.0,0.27,4.920000000000073,0.47000000000000064
1993-08-31,2.8,2.3,6.8,3.19,3.07,5.448,701.2,11.85,2.3780000000000006,0.0,0.3900000000000001,17.00999999999999,0.11999999999999922
1993-09-30,2.7,1.9,6.7,3.99,2.977,5.382,702.87,12.99,2.405,0.0,1.29,1.669999999999959,1.1400000000000006
1993-10-31,2.8,1.9,6.8,3.03,3.1,5.427,706.41,11.46,2.3269999999999995,0.0,0.22999999999999998,3.5399999999999636,-1.5299999999999994
1993-11-30,2.7,1.9,6.6,3.16,3.204,5.819,697.74,13.76,2.6149999999999998,0.0,0.45999999999999996,-8.669999999999959,2.299999999999999
1993-12-31,2.7,5.6,6.5,2.85,3.059,5.794,701.84,11.66,2.7349999999999994,0.0,0.1499999999999999,4.100000000000023,-2.0999999999999996
1994-01-31,2.5,5.6,6.6,3.68,3.027,5.642,715.46,10.63,2.615,0.0,1.1800000000000002,13.620000000000005,-1.0299999999999994
1994-02-28,2.5,5.6,6.6,3.49,3.429,6.129,698.57,14.87,2.6999999999999997,0.0,0.9900000000000002,-16.889999999999986,4.239999999999998
1994-03-31,2.5,3.9,6.5,4.18,3.553,6.738,677.13,20.45,3.1850000000000005,0.0,1.6799999999999997,-21.440000000000055,5.58
1994-04-30,2.4,3.9,6.4,3.73,3.945,7.042,670.61,13.77,3.097,0.0,1.33,-6.519999999999982,-6.68
1994-05-31,2.3,3.9,6.1,4.6,4.244,7.147,668.14,13.03,2.9030000000000005,0.0,2.3,-2.4700000000000273,-0.7400000000000002
1994-06-30,2.5,5.5,6.1,5.96,4.215,7.32,666.5,14.97,3.1050000000000004,0.0,3.46,-1.6399999999999864,1.9400000000000013
1994-07-31,2.8,5.5,6.1,4.29,4.359,7.111,683.33,11.13,2.752,0.0,1.4900000000000002,16.83000000000004,-3.84
1994-08-31,2.9,5.5,6.0,4.7,4.661,7.173,684.1,11.97,2.5120000000000005,0.0,1.8000000000000003,0.7699999999999818,0.8399999999999999
1994-09-30,3.0,2.4,5.9,5.44,4.773,7.603,671.35,14.28,2.83,0.0,2.4400000000000004,-12.75,2.3099999999999987
1994-10-31,2.6,2.4,5.8,4.9,5.146,7.807,669.81,14.56,2.6610000000000005,0.0,2.3000000000000003,-1.5400000000000773,0.28000000000000114
1994-11-30,2.7,2.4,5.6,5.66,5.712,7.906,668.71,15.95,2.194,0.0,2.96,-1.099999999999909,1.3899999999999988
1994-12-31,2.7,4.7,5.5,4.94,5.687,7.822,674.24,13.2,2.135,0.0,2.24,5.529999999999973,-2.75
1995-01-31,2.8,4.7,5.6,5.86,5.995,7.581,688.54,11.96,1.5860000000000003,0.0,3.0600000000000005,14.299999999999955,-1.2399999999999984
1995-02-28,2.9,4.7,5.4,6.1,5.938,7.201,708.39,11.75,1.263,0.0,3.1999999999999997,19.850000000000023,-0.21000000000000085
1995-03-31,2.9,1.4,5.4,6.3,5.87,7.196,714.17,13.37,1.3259999999999996,0.0,3.4,5.779999999999973,1.6199999999999992
1995-04-30,3.1,1.4,5.8,6.06,5.86,7.055,726.22,11.75,1.1949999999999994,0.0,2.9599999999999995,12.050000000000068,-1.6199999999999992
1995-05-31,3.2,1.4,5.6,6.17,5.801,6.284,760.45,12.85,0.48299999999999965,0.0,2.9699999999999998,34.23000000000002,1.0999999999999996
1995-06-30,3.0,1.2,5.6,6.11,5.568,6.203,767.3,11.38,0.6350000000000007,0.0,3.1100000000000003,6.849999999999909,-1.4699999999999989
1995-07-31,2.8,1.2,5.7,5.97,5.577,6.426,763.91,13.49,0.8490000000000002,0.0,3.17,-3.3899999999999864,2.1099999999999994
1995-08-31,2.6,1.2,5.7,5.93,5.445,6.284,776.22,11.52,0.8389999999999995,0.0,3.3299999999999996,12.31000000000006,-1.9700000000000006
1995-09-30,2.5,3.5,5.6,6.2,5.411,6.182,785.42,12.74,0.7710000000000008,0.0,3.7,9.199999999999932,1.2200000000000006
1995-10-31,2.8,3.5,5.5,5.97,5.509,6.02,795.64,13.83,0.5109999999999992,0.0,3.17,10.220000000000027,1.0899999999999999
1995-11-30,2.6,3.5,5.6,6.11,5.487,5.741,810.87,11.58,0.25399999999999956,0.0,3.5100000000000002,15.230000000000018,-2.25
1995-12-31,2.5,2.7,5.6,4.73,5.077,5.572,824.23,12.52,0.4950000000000001,0.0,2.2300000000000004,13.360000000000014,0.9399999999999995
1996-01-31,2.7,2.7,5.6,5.71,5.049,5.58,829.55,12.53,0.5309999999999997,0.0,3.01,5.319999999999936,0.009999999999999787
1996-02-29,2.7,2.7,5.5,6.05,5.028,6.098,809.84,17.04,1.0700000000000003,0.0,3.3499999999999996,-19.709999999999923,4.51
1996-03-31,2.8,3.0,5.5,5.25,5.14,6.327,802.94,18.88,1.1870000000000003,0.0,2.45,-6.899999999999977,1.8399999999999999
1996-04-30,2.9,3.0,5.6,5.5,5.154,6.67,796.28,15.83,1.516,0.0,2.6,-6.660000000000082,-3.049999999999999
1996-05-31,2.9,3.0,5.6,5.31,5.182,6.852,794.89,16.07,1.67,0.0,2.4099999999999997,-1.3899999999999864,0.2400000000000002
1996-06-30,2.8,6.8,5.3,5.0,5.157,6.711,806.55,13.68,1.5540000000000003,0.0,2.2,11.659999999999968,-2.3900000000000006
1996-07-31,3.0,6.8,5.5,6.75,5.306,6.794,808.11,19.46,1.4879999999999995,0.0,3.75,1.5600000000000591,5.780000000000001
1996-08-31,2.9,6.8,5.1,5.28,5.281,6.943,805.62,17.01,1.662,0.0,2.3800000000000003,-2.490000000000009,-2.4499999999999993
1996-09-30,3.0,3.6,5.2,6.09,5.032,6.703,822.7,16.95,1.6710000000000003,0.0,3.09,17.08000000000004,-0.060000000000002274
1996-10-31,3.0,3.6,5.2,5.63,5.149,6.339,845.16,18.11,1.1900000000000004,0.0,2.63,22.459999999999923,1.1600000000000001
1996-11-30,3.3,3.6,5.4,5.44,5.125,6.044,863.22,17.14,0.9189999999999996,0.0,2.1400000000000006,18.06000000000006,-0.9699999999999989
1996-12-31,3.3,4.2,5.4,6.26,5.171,6.418,851.3,20.92,1.2469999999999999,0.0,2.96,-11.920000000000073,3.780000000000001
1997-01-31,3.0,4.2,5.3,5.37,5.147,6.494,852.5,19.47,1.3469999999999995,0.0,2.37,1.2000000000000455,-1.4500000000000028
1997-02-28,3.0,4.2,5.2,5.5,5.22,6.552,856.07,21.1,1.3319999999999999,0.0,2.5,3.57000000000005,1.6300000000000026
1997-03-31,2.8,2.6,5.2,7.07,5.322,6.903,842.74,22.14,1.5809999999999995,0.0,4.2700000000000005,-13.330000000000041,1.0399999999999991
1997-04-30,2.5,2.6,5.1,5.82,5.233,6.718,855.52,20.06,1.4850000000000003,0.0,3.3200000000000003,12.779999999999973,-2.080000000000002
1997-05-31,2.2,2.6,4.9,5.58,4.94,6.659,865.2,19.19,1.7189999999999994,0.0,3.38,9.680000000000064,-0.8699999999999974
1997-06-30,2.3,6.8,5.0,6.87,5.167,6.5,877.45,21.53,1.3330000000000002,0.0,4.57,12.25,2.34
1997-07-31,2.2,6.8,4.9,5.96,5.233,6.011,909.56,21.48,0.7780000000000005,0.0,3.76,32.1099999999999,-0.05000000000000071
1997-08-31,2.2,6.8,4.8,5.52,5.22,6.339,896.13,24.76,1.1190000000000007,0.0,3.3199999999999994,-13.42999999999995,3.280000000000001
1997-09-30,2.2,5.1,4.9,5.81,5.1,6.103,911.81,22.91,1.0030000000000001,0.0,3.6099999999999994,15.67999999999995,-1.8500000000000014
1997-10-31,2.1,5.1,4.7,5.56,5.199,5.831,923.37,35.09,0.6320000000000006,0.0,3.4599999999999995,11.56000000000006,12.180000000000003
1997-11-30,1.8,5.1,4.6,5.5,5.198,5.874,928.58,27.43,0.6759999999999993,0.0,3.7,5.210000000000036,-7.660000000000004
1997-12-31,1.7,3.5,4.7,5.84,5.347,5.742,938.42,24.01,0.3949999999999996,0.0,4.14,9.839999999999918,-3.419999999999998
1998-01-31,1.6,3.5,4.6,5.48,5.178,5.505,949.55,21.47,0.32699999999999996,0.0,3.8800000000000003,11.129999999999995,-2.5400000000000027
1998-02-28,1.4,3.5,4.6,5.57,5.314,5.622,949.24,18.55,0.30799999999999983,0.0,4.17,-0.30999999999994543,-2.919999999999998
1998-03-31,1.4,4.1,4.7,5.88,5.12,5.654,952.75,24.22,0.5339999999999998,0.0,4.48,3.509999999999991,5.669999999999998
1998-04-30,1.4,4.1,4.3,5.59,4.973,5.671,958.77,21.18,0.6980000000000004,0.0,4.1899999999999995,6.019999999999982,-3.039999999999999
1998-05-31,1.7,4.1,4.4,5.63,5.012,5.552,970.15,21.32,0.54,0.0,3.9299999999999997,11.379999999999995,0.14000000000000057
1998-06-30,1.7,3.8,4.5,7.06,5.078,5.446,977.32,19.71,0.36799999999999944,0.0,5.359999999999999,7.170000000000073,-1.6099999999999994
1998-07-31,1.7,3.8,4.5,5.63,5.075,5.494,976.4,24.8,0.4189999999999996,0.0,3.9299999999999997,-0.9200000000000728,5.09
1998-08-31,1.6,3.8,4.5,5.89,4.825,4.976,980.97,44.28,0.1509999999999998,0.0,4.289999999999999,4.57000000000005,19.48
1998-09-30,1.5,5.1,4.6,6.14,4.361,4.42,1012.75,40.95,0.05900000000000016,0.0,4.64,31.779999999999973,-3.3299999999999983
1998-10-31,1.5,5.1,4.5,5.35,4.318,4.605,997.13,28.05,0.2870000000000008,0.0,3.8499999999999996,-15.620000000000005,-12.900000000000002
1998-11-30,1.5,5.1,4.4,5.11,4.483,4.714,1015.92,26.01,0.23100000000000076,0.0,3.6100000000000003,18.789999999999964,-2.039999999999999
1998-12-31,1.6,6.6,4.4,4.07,4.452,4.648,1018.87,24.42,0.19599999999999973,0.0,2.47,2.9500000000000455,-1.5899999999999999
1999-01-31,1.7,6.6,4.3,4.79,4.452,4.651,1028.94,26.25,0.19899999999999984,0.0,3.09,10.07000000000005,1.8299999999999983
1999-02-28,1.6,6.6,4.4,4.84,4.67,5.287,1004.52,27.88,0.617,0.0,3.2399999999999998,-24.420000000000073,1.629999999999999
1999-03-31,1.7,3.8,4.2,4.98,4.475,5.242,1011.63,23.26,0.7670000000000003,0.0,3.2800000000000002,7.110000000000014,-4.619999999999997
1999-04-30,2.3,3.8,4.3,5.03,4.535,5.348,1014.59,25.07,0.8129999999999997,0.0,2.7300000000000004,2.9600000000000364,1.8099999999999987
1999-05-31,2.1,3.8,4.2,4.61,4.627,5.622,1001.02,25.39,0.9950000000000001,0.0,2.5100000000000002,-13.57000000000005,0.3200000000000003
1999-06-30,2.0,3.4,4.3,5.12,4.779,5.78,995.8,21.09,1.0010000000000003,0.0,3.12,-5.220000000000027,-4.300000000000001
1999-07-31,2.1,3.4,4.3,5.07,4.745,5.903,990.29,24.64,1.1579999999999995,0.0,2.97,-5.509999999999991,3.5500000000000007
1999-08-31,2.3,3.4,4.2,5.57,4.967,5.97,987.88,24.45,1.0030000000000001,0.0,3.2700000000000005,-2.409999999999968,-0.19000000000000128
1999-09-30,2.6,5.4,4.2,5.51,4.851,5.877,998.61,25.41,1.0259999999999998,0.0,2.9099999999999997,10.730000000000018,0.9600000000000009
1999-10-31,2.6,5.4,4.1,5.27,5.088,6.024,1003.2,22.2,0.9359999999999999,0.0,2.6699999999999995,4.590000000000032,-3.210000000000001
1999-11-30,2.6,5.4,4.1,5.63,5.301,6.191,1004.27,24.18,0.8899999999999997,0.0,3.03,1.0699999999999363,1.9800000000000004
1999-12-31,2.7,6.7,4.0,3.99,5.328,6.442,998.95,24.64,1.1139999999999999,0.0,1.29,-5.319999999999936,0.46000000000000085
2000-01-31,2.7,6.7,4.0,5.87,5.692,6.665,995.43,24.95,0.9729999999999999,0.0,3.17,-3.5200000000000955,0.3099999999999987
2000-02-29,3.2,6.7,4.1,5.85,5.781,6.409,1004.66,23.37,0.6280000000000001,0.0,2.6499999999999995,9.230000000000018,-1.5799999999999983
2000-03-31,3.8,1.5,4.0,6.17,5.871,6.004,1013.22,24.11,0.13299999999999912,0.0,2.37,8.56000000000006,0.7399999999999984
2000-04-30,3.1,1.5,3.8,6.06,5.829,6.212,1004.33,26.2,0.383,0.0,2.9599999999999995,-8.889999999999986,2.09
2000-05-31,3.2,1.5,4.0,6.83,5.619,6.272,1000.58,23.65,0.6530000000000005,0.0,3.63,-3.75,-2.5500000000000007
2000-06-30,3.7,7.5,4.0,6.86,5.855,6.031,1025.71,19.54,0.17599999999999927,0.0,3.16,25.129999999999995,-4.109999999999999
2000-07-31,3.7,7.5,4.0,6.64,6.219,6.031,1038.15,20.74,-0.1880000000000006,1.0,2.9399999999999995,12.440000000000055,1.1999999999999993
2000-08-31,3.4,7.5,4.1,6.65,6.307,5.725,1051.14,16.84,-0.5820000000000007,1.0,3.2500000000000004,12.990000000000009,-3.8999999999999986
2000-09-30,3.5,0.4,3.9,6.6,6.21,5.802,1056.9,20.57,-0.40800000000000036,1.0,3.0999999999999996,5.759999999999991,3.7300000000000004
2000-10-31,3.4,0.4,3.9,6.59,6.389,5.751,1057.16,23.63,-0.6379999999999999,1.0,3.19,0.2599999999999909,3.0599999999999987
2000-11-30,3.4,0.4,3.9,6.62,6.202,5.468,1069.71,29.65,-0.734,1.0,3.22,12.549999999999955,6.02
2000-12-31,3.4,2.4,3.9,5.41,5.895,5.112,1089.65,26.85,-0.7829999999999995,1.0,2.0100000000000002,19.940000000000055,-2.799999999999997
2001-01-31,3.7,2.4,4.2,5.74,4.994,5.114,1120.84,22.02,0.1200000000000001,0.0,2.04,31.189999999999827,-4.830000000000002
2001-02-28,3.5,2.4,4.2,5.59,4.859,4.896,1130.31,28.35,0.03699999999999992,0.0,2.09,9.470000000000027,6.330000000000002
2001-03-31,2.9,-1.3,4.3,5.29,4.286,4.917,1137.24,28.64,0.6310000000000002,0.0,2.39,6.930000000000064,0.28999999999999915
2001-04-30,3.3,-1.3,4.4,4.67,3.883,5.338,1133.53,25.48,1.455,0.0,1.37,-3.7100000000000364,-3.16
2001-05-31,3.6,-1.3,4.3,4.24,3.616,5.381,1143.59,22.64,1.7650000000000001,0.0,0.6400000000000001,10.059999999999945,-2.84
2001-06-30,3.2,2.5,4.5,3.95,3.656,5.412,1149.31,19.06,1.7559999999999998,0.0,0.75,5.720000000000027,-3.580000000000002
2001-07-31,2.7,2.5,4.6,3.82,3.524,5.054,1180.46,21.62,1.5300000000000002,0.0,1.1199999999999997,31.15000000000009,2.5600000000000023
2001-08-31,2.7,2.5,4.9,3.66,3.367,4.832,1195.79,24.92,1.4649999999999999,0.0,0.96,15.329999999999927,3.3000000000000007
2001-09-30,2.6,-1.6,5.0,2.75,2.371,4.588,1191.78,31.93,2.217,0.0,0.1499999999999999,-4.009999999999991,7.009999999999998
2001-10-31,2.1,-1.6,5.3,2.66,2.012,4.232,1221.11,33.56,2.22,0.0,0.56,29.329999999999927,1.6300000000000026
2001-11-30,1.9,-1.6,5.5,2.06,1.726,4.752,1210.79,23.84,3.026,0.0,0.16000000000000014,-10.319999999999936,-9.720000000000002
2001-12-31,1.6,1.1,5.7,1.52,1.725,5.051,1202.03,23.8,3.326,0.0,-0.08000000000000007,-8.759999999999991,-0.03999999999999915
2002-01-31,1.1,1.1,5.7,1.85,1.757,5.033,1212.23,21.09,3.2760000000000007,0.0,0.75,10.200000000000045,-2.710000000000001
2002-02-28,1.1,1.1,5.7,1.83,1.757,4.877,1220.23,21.59,3.12,0.0,0.73,8.0,0.5
2002-03-31,1.5,3.4,5.7,1.74,1.777,5.396,1197.56,17.4,3.6189999999999998,0.0,0.24,-22.670000000000073,-4.190000000000001
2002-04-30,1.6,3.4,5.9,1.82,1.7618,5.0847,1212.66,21.91,3.3228999999999997,0.0,0.21999999999999997,15.100000000000136,4.510000000000002
2002-05-31,1.2,3.4,5.8,1.79,1.7205,5.0427,1229.72,19.98,3.3222,0.0,0.5900000000000001,17.059999999999945,-1.9299999999999997
2002-06-30,1.1,2.5,5.8,1.73,1.6796,4.7965,1229.84,25.4,3.1169000000000002,0.0,0.6299999999999999,0.11999999999989086,5.419999999999998
2002-07-31,1.5,2.5,5.8,1.76,1.6901,4.4588,1225.37,32.03,2.7687,0.0,0.26,-4.470000000000027,6.630000000000003
2002-08-31,1.8,2.5,5.7,1.81,1.6694,4.1409,1257.87,32.64,2.4715000000000003,0.0,0.010000000000000009,32.5,0.6099999999999994
2002-09-30,1.5,1.6,5.7,1.85,1.5467,3.5942,1281.86,39.69,2.0475,0.0,0.3500000000000001,23.99000000000001,7.049999999999997
2002-10-31,2.0,1.6,5.7,1.82,1.4449,3.8925,1264.65,31.14,2.4476,0.0,-0.17999999999999994,-17.20999999999981,-8.549999999999997
2002-11-30,2.2,1.6,5.9,1.23,1.21,4.2052,1284.43,27.5,2.9951999999999996,0.0,-0.9700000000000002,19.779999999999973,-3.6400000000000006
2002-12-31,2.4,0.5,6.0,1.16,1.1898,3.816,1323.64,28.62,2.6262,0.0,-1.24,39.210000000000036,1.120000000000001
2003-01-31,2.6,0.5,5.8,1.33,1.1692,3.9625,1329.21,31.17,2.7933,0.0,-1.27,5.569999999999936,2.5500000000000007
2003-02-28,3.0,0.5,5.9,1.33,1.1896,3.6897,1356.52,29.63,2.5001,0.0,-1.67,27.309999999999945,-1.5400000000000027
2003-03-31,3.0,2.1,5.9,1.38,1.108,3.796,1357.1,29.15,2.6879999999999997,0.0,-1.62,0.5799999999999272,-0.4800000000000004
2003-04-30,2.2,2.1,6.0,1.31,1.1082,3.8359,1384.19,21.21,2.7277,0.0,-0.8900000000000001,27.090000000000146,-7.939999999999998
2003-05-31,2.1,2.1,6.1,1.28,1.0979,3.3699,1429.05,19.47,2.272,0.0,-0.8200000000000001,44.8599999999999,-1.740000000000002
2003-06-30,2.1,3.6,6.3,1.45,0.8455,3.5133,1425.79,19.52,2.6678,0.0,-0.6500000000000001,-3.259999999999991,0.05000000000000071
2003-07-31,2.1,3.6,6.2,1.04,0.9375,4.4055,1363.85,19.49,3.468,0.0,-1.06,-61.940000000000055,-0.030000000000001137
2003-08-31,2.2,3.6,6.1,1.01,0.9681,4.4636,1375.19,18.63,3.4955,0.0,-1.1900000000000002,11.340000000000146,-0.8599999999999994
2003-09-30,2.3,6.8,6.1,1.17,0.9376,3.9376,1424.43,22.72,3.0,0.0,-1.13,49.24000000000001,4.09
2003-10-31,2.0,6.8,6.0,1.03,0.9476,4.2927,1409.45,16.1,3.3451,0.0,-0.97,-14.980000000000018,-6.619999999999997
2003-11-30,1.8,6.8,5.8,1.01,0.9272,4.3316,1416.61,16.32,3.4044,0.0,-0.79,7.1599999999998545,0.21999999999999886
2003-12-31,1.9,4.7,5.7,0.94,0.9171,4.2455,1432.74,18.31,3.3284,0.0,-0.96,16.13000000000011,1.9899999999999984
2004-01-31,1.9,4.7,5.7,1.03,0.9068,4.1319,1447.76,16.63,3.2251,0.0,-0.8699999999999999,15.019999999999982,-1.6799999999999997
2004-02-29,1.7,4.7,5.6,1.04,0.9374,3.9711,1465.79,14.55,3.0336999999999996,0.0,-0.6599999999999999,18.029999999999973,-2.0799999999999983
2004-03-31,1.7,2.3,5.8,1.05,0.9375,3.8348,1479.63,16.74,2.8973,0.0,-0.6499999999999999,13.840000000000146,2.1899999999999977
2004-04-30,2.3,2.3,5.6,1.03,0.9578,4.5053,1433.11,17.19,3.5475000000000003,0.0,-1.2699999999999998,-46.52000000000021,0.45000000000000284
2004-05-31,3.1,2.3,5.6,1.02,1.0599,4.6468,1422.74,15.5,3.5869,0.0,-2.08,-10.36999999999989,-1.6900000000000013
2004-06-30,3.3,3.1,5.6,1.38,1.2612,4.5806,1429.02,14.34,3.3193999999999995,0.0,-1.92,6.279999999999973,-1.1600000000000001
2004-07-31,3.0,3.1,5.5,1.29,1.4345,4.4747,1446.8,15.32,3.0402000000000005,0.0,-1.71,17.779999999999973,0.9800000000000004
2004-08-31,2.7,3.1,5.4,1.55,1.5778,4.1167,1481.2,15.29,2.5389,0.0,-1.1500000000000001,34.40000000000009,-0.030000000000001137
2004-09-30,2.5,3.8,5.4,1.94,1.7003,4.1194,1490.32,13.34,2.4191,0.0,-0.56,9.11999999999989,-1.9499999999999993
2004-10-31,3.2,3.8,5.5,1.79,1.8943,4.0235,1504.87,16.27,2.1292,0.0,-1.4100000000000001,14.549999999999955,2.9299999999999997
2004-11-30,3.5,3.8,5.4,2.02,2.2227,4.3492,1489.56,13.24,2.1264999999999996,0.0,-1.48,-15.309999999999945,-3.0299999999999994
2004-12-31,3.3,4.1,5.4,1.97,2.2117,4.2182,1509.94,13.29,2.0065000000000004,0.0,-1.3299999999999998,20.38000000000011,0.049999999999998934
2005-01-31,3.0,4.1,5.3,2.5,2.4576,4.128,1521.97,12.82,1.6704000000000003,0.0,-0.5,12.029999999999973,-0.46999999999999886
2005-02-28,3.0,4.1,5.4,2.52,2.745,4.3766,1512.9,12.08,1.6315999999999997,0.0,-0.48,-9.069999999999936,-0.7400000000000002
2005-03-31,3.1,4.5,5.2,2.96,2.7664,4.4815,1492.85,14.02,1.7150999999999996,0.0,-0.14000000000000012,-20.050000000000182,1.9399999999999995
2005-04-30,3.5,4.5,5.2,2.97,2.8891,4.1976,1512.21,15.31,1.3085000000000004,0.0,-0.5299999999999998,19.360000000000127,1.290000000000001
2005-05-31,2.8,4.5,5.1,3.09,2.9398,3.981,1533.0,13.29,1.0412,0.0,0.29000000000000004,20.789999999999964,-2.0200000000000014
2005-06-30,2.5,2.0,5.0,3.35,3.1161,3.913,1545.57,12.04,0.7968999999999999,0.0,0.8500000000000001,12.569999999999936,-1.25
2005-07-31,3.2,2.0,5.0,3.31,3.3933,4.276,1530.31,11.57,0.8826999999999998,0.0,0.10999999999999988,-15.259999999999991,-0.46999999999999886
2005-08-31,3.6,2.0,4.9,3.63,3.4977,4.0137,1553.74,12.6,0.516,0.0,0.029999999999999805,23.430000000000064,1.0299999999999994
2005-09-30,4.7,3.2,5.0,3.93,3.5376,4.324,1528.65,11.92,0.7864,0.0,-0.77,-25.089999999999918,-0.6799999999999997
2005-10-31,4.3,3.2,5.0,4.02,3.8777,4.5506,1511.0,15.32,0.6729000000000003,0.0,-0.28000000000000025,-17.65000000000009,3.4000000000000004
2005-11-30,3.5,3.2,5.0,4.03,3.9315,4.484,1519.88,12.06,0.5524999999999998,0.0,0.5300000000000002,8.88000000000011,-3.26
2005-12-31,3.4,2.2,4.9,4.09,4.074,4.3911,1535.25,12.07,0.31709999999999994,0.0,0.69,15.36999999999989,0.009999999999999787
2006-01-31,4.0,2.2,4.7,4.47,4.46,4.5152,1532.02,12.95,0.05520000000000014,0.0,0.46999999999999975,-3.230000000000018,0.879999999999999
2006-02-28,3.6,2.2,4.8,4.52,4.6156,4.551,1538.94,12.34,-0.06459999999999955,1.0,0.9199999999999995,6.920000000000073,-0.6099999999999994
2006-03-31,3.4,5.5,4.7,5.0,4.6023,4.8472,1517.25,11.39,0.24490000000000034,0.0,1.6,-21.690000000000055,-0.9499999999999993
2006-04-30,3.5,5.5,4.7,4.86,4.7578,5.0505,1511.94,11.59,0.29270000000000085,0.0,1.3600000000000003,-5.309999999999945,0.1999999999999993
2006-05-31,4.2,5.5,4.6,5.05,4.833,5.1186,1509.39,16.44,0.28559999999999963,0.0,0.8499999999999996,-2.5499999999999545,4.850000000000001
2006-06-30,4.3,1.0,4.6,5.05,4.9757,5.1364,1511.29,13.08,0.1607000000000003,0.0,0.75,1.8999999999998636,-3.360000000000001
2006-07-31,4.1,1.0,4.7,5.31,5.0684,4.9794,1533.37,14.95,-0.08899999999999952,1.0,1.21,22.079999999999927,1.8699999999999992
2006-08-31,3.8,1.0,4.7,5.31,5.0297,4.7258,1561.94,12.31,-0.3039000000000005,1.0,1.5099999999999998,28.570000000000164,-2.639999999999999
2006-09-30,2.1,0.6,4.5,5.34,4.8719,4.6276,1579.83,11.98,-0.24429999999999996,1.0,3.2399999999999998,17.889999999999873,-0.33000000000000007
2006-10-31,1.3,0.6,4.4,5.31,5.0727,4.5981,1592.61,11.1,-0.4746000000000006,1.0,4.01,12.779999999999973,-0.8800000000000008
2006-11-30,2.0,0.6,4.5,5.31,5.0193,4.4581,1615.96,10.91,-0.5612000000000004,1.0,3.3099999999999996,23.350000000000136,-0.1899999999999995
2006-12-31,2.5,3.5,4.4,5.17,5.0061,4.7022,1601.26,11.56,-0.3038999999999996,1.0,2.67,-14.700000000000045,0.6500000000000004
2007-01-31,2.1,3.5,4.6,5.33,5.1031,4.808,1601.38,10.42,-0.2951000000000006,1.0,3.23,0.12000000000011823,-1.1400000000000006
2007-02-28,2.4,3.5,4.5,5.41,5.1239,4.5657,1634.36,15.42,-0.5582000000000003,1.0,3.0100000000000002,32.97999999999979,5.0
2007-03-31,2.8,1.2,4.4,5.3,5.0276,4.6443,1624.99,14.64,-0.3832999999999993,1.0,2.5,-9.36999999999989,-0.7799999999999994
2007-04-30,2.6,1.2,4.5,5.29,4.8401,4.6222,1636.91,14.22,-0.21789999999999932,1.0,2.69,11.920000000000073,-0.41999999999999993
2007-05-31,2.7,1.2,4.4,5.28,4.7311,4.8879,1620.55,13.05,0.1568000000000005,0.0,2.58,-16.360000000000127,-1.17
2007-06-30,2.7,2.5,4.6,5.31,4.802,5.0244,1612.62,16.23,0.22240000000000038,0.0,2.6099999999999994,-7.930000000000064,3.1799999999999997
2007-07-31,2.4,2.5,4.7,5.28,4.9406,4.7388,1616.35,23.52,-0.20179999999999954,1.0,2.8800000000000003,3.730000000000018,7.289999999999999
2007-08-31,2.0,2.5,4.6,4.96,4.1059,4.5292,1629.43,23.38,0.42330000000000023,0.0,2.96,13.080000000000155,-0.14000000000000057
2007-09-30,2.8,2.3,4.7,4.58,3.7956,4.5865,1641.98,18.0,0.7909000000000002,0.0,1.7800000000000002,12.549999999999955,-5.379999999999999
2007-10-31,3.5,2.3,4.7,4.6,3.9112,4.4708,1661.7,18.53,0.5595999999999997,0.0,1.0999999999999996,19.720000000000027,0.5300000000000011
2007-11-30,4.3,2.3,4.7,4.66,3.1445,3.9379,1671.65,22.87,0.7934000000000001,0.0,0.3600000000000003,9.950000000000045,4.34
2007-12-31,4.1,2.5,5.0,3.06,3.2368,4.0232,1674.29,22.5,0.7864,0.0,-1.0399999999999996,2.6399999999998727,-0.370000000000001
2008-01-31,4.3,2.5,5.0,3.22,1.9409,3.5931,1691.33,26.2,1.6522000000000001,0.0,-1.0799999999999996,17.039999999999964,3.6999999999999993
2008-02-29,4.0,2.5,4.9,3.01,1.838,3.5092,1693.21,26.54,1.6711999999999998,0.0,-0.9900000000000002,1.8800000000001091,0.33999999999999986
2008-03-31,4.0,-1.7,5.1,2.51,1.3156,3.4096,1671.7,25.61,2.0940000000000003,0.0,-1.4900000000000002,-21.50999999999999,-0.9299999999999997
2008-04-30,3.9,-1.7,5.0,2.37,1.3772,3.7279,1686.99,20.79,2.3507,0.0,-1.5299999999999998,15.289999999999964,-4.82
2008-05-31,4.2,-1.7,5.4,1.98,1.879,4.0595,1670.89,17.83,2.1805,0.0,-2.22,-16.09999999999991,-2.960000000000001
2008-06-30,5.0,2.4,5.6,2.47,1.7306,3.969,1660.2,23.95,2.2384,0.0,-2.53,-10.690000000000055,6.120000000000001
2008-07-31,5.6,2.4,5.8,2.09,1.6594,3.9462,1647.79,22.94,2.2868000000000004,0.0,-3.51,-12.410000000000082,-1.009999999999998
2008-08-31,5.4,2.4,6.1,1.94,1.7103,3.8116,1659.64,20.65,2.1013,0.0,-3.4600000000000004,11.850000000000136,-2.2900000000000027
2008-09-30,4.9,-2.1,6.1,2.03,0.9044,3.8234,1530.7,39.39,2.919,0.0,-2.8700000000000006,-128.94000000000005,18.740000000000002
2008-10-31,3.7,-2.1,6.5,0.22,0.436,3.953,1432.06,59.89,3.517,0.0,-3.48,-98.6400000000001,20.5
2008-11-30,1.1,-2.1,6.8,0.52,0.0406,2.92,1490.33,55.84,2.8794,0.0,-0.5800000000000001,58.26999999999998,-4.049999999999997
2008-12-31,0.1,-8.5,7.3,0.14,0.0761,2.2123,1591.62,40.0,2.1362,0.0,0.04000000000000001,101.28999999999996,-15.840000000000003
2009-01-31,0.0,-8.5,7.8,0.23,0.2262,2.8403,1598.84,44.84,2.6141,0.0,0.23,7.220000000000027,4.840000000000003
2009-02-28,0.2,-8.5,8.3,0.22,0.2465,3.0131,1567.39,46.35,2.7666,0.0,0.01999999999999999,-31.449999999999818,1.509999999999998
2009-03-31,-0.4,-4.5,8.7,0.16,0.2009,2.6629,1560.91,44.14,2.462,0.0,0.56,-6.480000000000018,-2.210000000000001
2009-04-30,-0.7,-4.5,9.0,0.2,0.1247,3.1187,1615.1,36.5,2.994,0.0,0.8999999999999999,54.18999999999983,-7.640000000000001
2009-05-31,-1.3,-4.5,9.4,0.19,0.1298,3.4594,1678.15,28.92,3.3296,0.0,1.49,63.05000000000018,-7.579999999999998
2009-06-30,-1.4,-0.7,9.5,0.22,0.1775,3.5326,1723.99,26.35,3.3551,0.0,1.6199999999999999,45.83999999999992,-2.5700000000000003
2009-07-31,-2.1,-0.7,9.5,0.18,0.1755,3.4796,1798.42,25.92,3.3041,0.0,2.2800000000000002,74.43000000000006,-0.4299999999999997
2009-08-31,-1.5,-0.7,9.6,0.15,0.1268,3.3975,1831.4,26.01,3.2707,0.0,1.65,32.98000000000002,0.08999999999999986
2009-09-30,-1.3,1.4,9.8,0.07,0.1075,3.3053,1863.91,25.61,3.1978,0.0,1.37,32.50999999999999,-0.40000000000000213
2009-10-31,-0.2,1.4,10.0,0.11,0.0446,3.3828,1877.01,30.69,3.3382,0.0,0.31,13.099999999999909,5.080000000000002
2009-11-30,1.8,1.4,9.9,0.13,0.0466,3.1978,1903.86,24.51,3.1512,0.0,-1.67,26.84999999999991,-6.18
2009-12-31,2.7,4.4,9.9,0.05,0.0477,3.8368,1889.0,21.68,3.7891000000000004,0.0,-2.6500000000000004,-14.8599999999999,-2.830000000000002
2010-01-31,2.6,4.4,9.8,0.12,0.069,3.5844,1919.82,24.62,3.5154,0.0,-2.48,30.819999999999936,2.9400000000000013
2010-02-28,2.1,4.4,9.8,0.13,0.1146,3.6117,1926.64,19.5,3.4971,0.0,-1.9700000000000002,6.820000000000164,-5.120000000000001
2010-03-31,2.3,1.9,9.9,0.09,0.1501,3.8257,1932.4,17.59,3.6755999999999998,0.0,-2.21,5.759999999999991,-1.9100000000000001
2010-04-30,2.2,1.9,9.9,0.2,0.1542,3.6532,1967.57,22.05,3.499,0.0,-2.0,35.169999999999845,4.460000000000001
2010-05-31,2.0,1.9,9.6,0.19,0.1521,3.2848,1956.73,32.07,3.1327000000000003,0.0,-1.81,-10.839999999999918,10.02
2010-06-30,1.1,3.9,9.4,0.09,0.1704,2.9311,1998.43,34.54,2.7607,0.0,-1.01,41.700000000000045,2.469999999999999
2010-07-31,1.2,3.9,9.4,0.18,0.14,2.9052,2037.58,23.5,2.7651999999999997,0.0,-1.02,39.149999999999864,-11.04
2010-08-31,1.1,3.9,9.5,0.21,0.1268,2.4683,2077.99,26.05,2.3415000000000004,0.0,-0.8900000000000001,40.409999999999854,2.5500000000000007
2010-09-30,1.1,3.1,9.5,0.15,0.1532,2.5098,2092.52,23.7,2.3566,0.0,-0.9500000000000001,14.5300000000002,-2.3500000000000014
2010-10-31,1.2,3.1,9.4,0.2,0.1105,2.5993,2094.99,21.2,2.4888,0.0,-1.0,2.4699999999998,-2.5
2010-11-30,1.1,3.1,9.8,0.2,0.1552,2.7968,2077.99,23.54,2.6416000000000004,0.0,-0.9000000000000001,-17.0,2.34
2010-12-31,1.5,2.1,9.3,0.13,0.1197,3.2935,2058.93,17.75,3.1738,0.0,-1.37,-19.059999999999945,-5.789999999999999
2011-01-31,1.6,2.1,9.1,0.17,0.145,3.3704,2063.03,19.53,3.2254,0.0,-1.4300000000000002,4.100000000000364,1.7800000000000011
2011-02-28,2.1,2.1,9.0,0.16,0.1349,3.4272,2079.38,18.35,3.2923,0.0,-1.9400000000000002,16.34999999999991,-1.1799999999999997
2011-03-31,2.7,-0.9,9.0,0.1,0.0913,3.4703,2076.6,17.74,3.379,0.0,-2.6,-2.7800000000002,-0.610000000000003
2011-04-30,3.2,-0.9,9.1,0.09,0.0355,3.2863,2112.31,14.75,3.2508000000000004,0.0,-3.1100000000000003,35.710000000000036,-2.9899999999999984
2011-05-31,3.6,-0.9,9.0,0.1,0.0456,3.0607,2142.82,15.45,3.0151000000000003,0.0,-3.5,30.51000000000022,0.6999999999999993
2011-06-30,3.6,2.7,9.1,0.07,0.0102,3.16,2124.04,16.52,3.1498,0.0,-3.5300000000000002,-18.7800000000002,1.0700000000000003
2011-07-31,3.6,2.7,9.0,0.11,0.0915,2.7961,2177.6,25.25,2.7046,0.0,-3.49,53.559999999999945,8.73
2011-08-31,3.8,2.7,9.0,0.08,0.0102,2.2234,2179.02,31.62,2.2131999999999996,0.0,-3.7199999999999998,1.4200000000000728,6.370000000000001
2011-09-30,3.9,-0.1,9.0,0.06,0.0203,1.9154,2184.58,42.96,1.8951,0.0,-3.84,5.559999999999945,11.34
2011-10-31,3.5,-0.1,8.8,0.09,-0.0152,2.1133,2223.63,29.96,2.1285000000000003,0.0,-3.41,39.05000000000018,-13.0
2011-11-30,3.4,-0.1,8.6,0.1,0.0,2.068,2180.05,27.8,2.068,0.0,-3.3,-43.57999999999993,-2.16
2011-12-31,3.0,4.6,8.5,0.04,0.0102,1.8762,2226.65,23.4,1.866,0.0,-2.96,46.59999999999991,-4.400000000000002
2012-01-31,2.9,4.6,8.3,0.11,0.0508,1.7971,2275.95,19.44,1.7463,0.0,-2.79,49.29999999999973,-3.9599999999999973
2012-02-29,2.9,4.6,8.3,0.1,0.0763,1.9705,2295.11,18.43,1.8941999999999999,0.0,-2.8,19.16000000000031,-1.0100000000000016
2012-03-31,2.7,3.4,8.2,0.09,0.0661,2.2088,2272.94,15.5,2.1427,0.0,-2.6100000000000003,-22.170000000000073,-2.9299999999999997
2012-04-30,2.3,3.4,8.2,0.16,0.0915,1.9137,2304.67,17.15,1.8222,0.0,-2.1399999999999997,31.730000000000018,1.6499999999999986
2012-05-31,1.7,3.4,8.2,0.16,0.0659,1.5578,2322.07,24.06,1.4919,0.0,-1.54,17.40000000000009,6.91
2012-06-30,1.7,1.8,8.2,0.09,0.0811,1.6449,2330.3,17.08,1.5638,0.0,-1.6099999999999999,8.230000000000018,-6.98
2012-07-31,1.4,1.8,8.2,0.13,0.0963,1.4679,2397.35,18.93,1.3716,0.0,-1.27,67.04999999999973,1.8500000000000014
2012-08-31,1.7,1.8,8.1,0.13,0.071,1.5484,2402.68,17.47,1.4774,0.0,-1.5699999999999998,5.329999999999927,-1.4600000000000009
2012-09-30,2.0,0.6,7.8,0.09,0.0913,1.6335,2419.55,15.73,1.5422,0.0,-1.91,16.870000000000346,-1.7399999999999984
2012-10-31,2.2,0.6,7.8,0.18,0.1065,1.6901,2450.71,18.6,1.5836,0.0,-2.02,31.159999999999854,2.870000000000001
2012-11-30,1.8,0.6,7.7,0.16,0.0761,1.6156,2446.81,15.87,1.5394999999999999,0.0,-1.6400000000000001,-3.900000000000091,-2.730000000000002
2012-12-31,1.7,0.5,7.9,0.09,0.0406,1.7574,2445.25,18.02,1.7168,0.0,-1.6099999999999999,-1.5599999999999454,2.1500000000000004
2013-01-31,1.6,0.5,8.0,0.15,0.071,1.9849,2423.5,14.28,1.9139000000000002,0.0,-1.4500000000000002,-21.75,-3.74
2013-02-28,2.0,0.5,7.7,0.14,0.1014,1.8756,2442.16,15.51,1.7742,0.0,-1.8599999999999999,18.659999999999854,1.2300000000000004
2013-03-31,1.5,4.0,7.5,0.09,0.071,1.8486,2442.63,12.7,1.7776,0.0,-1.41,0.47000000000025466,-2.8100000000000005
2013-04-30,1.1,4.0,7.6,0.14,0.0456,1.6717,2487.23,13.52,1.6260999999999999,0.0,-0.9600000000000001,44.59999999999991,0.8200000000000003
2013-05-31,1.4,4.0,7.5,0.09,0.0253,2.1282,2428.94,16.3,2.1029,0.0,-1.3099999999999998,-58.289999999999964,2.780000000000001
2013-06-30,1.8,1.1,7.5,0.07,0.0304,2.4857,2361.89,16.86,2.4553,0.0,-1.73,-67.05000000000018,0.5599999999999987
2013-07-31,2.0,1.1,7.3,0.09,0.0355,2.5762,2381.57,13.45,2.5407,0.0,-1.91,19.68000000000029,-3.41
2013-08-31,1.5,1.1,7.2,0.07,0.0203,2.7839,2364.84,17.01,2.7636,0.0,-1.43,-16.730000000000018,3.5600000000000023
2013-09-30,1.2,3.5,7.2,0.06,0.0051,2.61,2381.27,16.6,2.6048999999999998,0.0,-1.14,16.429999999999836,-0.41000000000000014
2013-10-31,1.0,3.5,7.2,0.07,0.0355,2.5542,2416.48,13.75,2.5187,0.0,-0.9299999999999999,35.210000000000036,-2.8500000000000014
2013-11-30,1.2,3.5,6.9,0.07,0.0558,2.7445,2411.69,13.7,2.6887,0.0,-1.13,-4.789999999999964,-0.05000000000000071
2013-12-31,1.5,3.5,6.7,0.07,0.0659,3.0282,2407.75,13.72,2.9623,0.0,-1.43,-3.9400000000000546,0.02000000000000135
2014-01-31,1.6,3.5,6.6,0.07,0.0203,2.644,2451.39,18.41,2.6237,0.0,-1.53,43.63999999999987,4.6899999999999995
2014-02-28,1.1,3.5,6.7,0.06,0.0456,2.6476,2476.88,14.0,2.6020000000000003,0.0,-1.04,25.490000000000236,-4.41
2014-03-31,1.5,-1.4,6.7,0.06,0.0304,2.718,2478.53,13.88,2.6875999999999998,0.0,-1.44,1.650000000000091,-0.11999999999999922
2014-04-30,2.0,-1.4,6.2,0.09,0.0253,2.6459,2508.22,13.41,2.6206,0.0,-1.91,29.6899999999996,-0.47000000000000064
2014-05-31,2.1,-1.4,6.3,0.08,0.0304,2.4759,2542.51,11.4,2.4455,0.0,-2.02,34.29000000000042,-2.01
2014-06-30,2.1,5.3,6.1,0.09,0.0203,2.5304,2544.49,11.57,2.5101,0.0,-2.0100000000000002,1.9799999999995634,0.16999999999999993
2014-07-31,2.0,5.3,6.2,0.08,0.0203,2.5578,2543.07,16.95,2.5374999999999996,0.0,-1.92,-1.419999999999618,5.379999999999999
2014-08-31,1.7,5.3,6.1,0.07,0.0203,2.3431,2579.75,11.98,2.3228,0.0,-1.63,36.679999999999836,-4.969999999999999
2014-09-30,1.7,5.0,5.9,0.07,0.0152,2.4888,2542.53,16.31,2.4736,0.0,-1.63,-37.2199999999998,4.329999999999998
2014-10-31,1.7,5.0,5.7,0.07,0.0051,2.3353,2568.56,14.03,2.3302,0.0,-1.63,26.029999999999745,-2.2799999999999994
2014-11-30,1.3,5.0,5.8,0.08,0.0101,2.164,2585.87,13.33,2.1539,0.0,-1.22,17.309999999999945,-0.6999999999999993
2014-12-31,0.8,2.0,5.6,0.06,0.0355,2.1712,2587.44,19.2,2.1357,0.0,-0.74,1.5700000000001637,5.869999999999999
2015-01-31,-0.1,2.0,5.7,0.06,0.0,1.6407,2665.94,20.97,1.6407,0.0,0.16,78.5,1.7699999999999996
2015-02-28,0.0,2.0,5.5,0.06,0.0101,1.993,2638.92,13.34,1.9829,0.0,0.06,-27.019999999999982,-7.629999999999999
2015-03-31,-0.1,3.6,5.4,0.06,0.0203,1.9231,2647.34,15.29,1.9028,0.0,0.16,8.420000000000073,1.9499999999999993
2015-04-30,-0.2,3.6,5.4,0.08,0.0,2.0317,2628.8,14.55,2.0317,0.0,0.28,-18.539999999999964,-0.7399999999999984
2015-05-31,0.0,3.6,5.6,0.08,0.0,2.1214,2611.64,13.84,2.1214,0.0,0.08,-17.16000000000031,-0.7100000000000009
2015-06-30,0.1,2.5,5.3,0.08,0.0051,2.3531,2563.65,18.23,2.348,0.0,-0.020000000000000004,-47.98999999999978,4.390000000000001
2015-07-31,0.2,2.5,5.2,0.08,0.061,2.1801,2580.95,12.12,2.1191,0.0,-0.12000000000000001,17.299999999999727,-6.110000000000001
2015-08-31,0.2,2.5,5.1,0.08,0.0,2.2179,2565.67,28.43,2.2179,0.0,-0.12000000000000001,-15.279999999999745,16.310000000000002
2015-09-30,0.0,1.6,5.0,0.07,-0.0203,2.0368,2584.8,24.5,2.0571,0.0,0.07,19.13000000000011,-3.9299999999999997
2015-10-31,0.2,1.6,5.0,0.07,0.0712,2.1421,2595.6,15.07,2.0709,0.0,-0.13,10.799999999999727,-9.43
2015-11-30,0.5,1.6,5.1,0.08,0.1678,2.206,2589.92,16.13,2.0382,0.0,-0.42,-5.679999999999836,1.0599999999999987
2015-12-31,0.7,0.7,5.0,0.2,0.1627,2.2694,2569.73,18.21,2.1067,0.0,-0.49999999999999994,-20.190000000000055,2.080000000000002
2016-01-31,1.4,0.7,4.8,0.29,0.3103,1.9209,2578.84,20.2,1.6106,0.0,-1.1099999999999999,9.110000000000127,1.9899999999999984
2016-02-29,1.0,0.7,4.9,0.29,0.3154,1.7347,2599.67,20.55,1.4192999999999998,0.0,-0.71,20.829999999999927,0.3500000000000014
2016-03-31,0.9,2.3,5.0,0.25,0.1983,1.7687,2671.78,13.95,1.5704,0.0,-0.65,72.11000000000013,-6.600000000000001
2016-04-30,1.1,2.3,5.1,0.3,0.2085,1.8333,2708.36,15.7,1.6248,0.0,-0.8,36.57999999999993,1.75
2016-05-31,1.0,2.3,4.8,0.29,0.2849,1.8458,2706.27,14.19,1.5609000000000002,0.0,-0.71,-2.0900000000001455,-1.5099999999999998
2016-06-30,1.0,1.3,4.9,0.3,0.2587,1.4697,2767.19,15.63,1.211,0.0,-0.7,60.92000000000007,1.4400000000000013
2016-07-31,0.8,1.3,4.8,0.3,0.2536,1.4531,2807.62,11.87,1.1995,0.0,-0.5,40.429999999999836,-3.7600000000000016
2016-08-31,1.1,1.3,4.9,0.3,0.3298,1.58,2813.12,13.42,1.2502,0.0,-0.8,5.5,1.5500000000000007
2016-09-30,1.5,2.9,5.0,0.29,0.2739,1.5944,2806.15,13.29,1.3205,0.0,-1.21,-6.9699999999998,-0.13000000000000078
2016-10-31,1.6,2.9,4.9,0.31,0.2993,1.8255,2783.32,17.06,1.5261999999999998,0.0,-1.29,-22.829999999999927,3.7699999999999996
2016-11-30,1.7,2.9,4.7,0.31,0.4771,2.3809,2708.65,13.33,1.9038,0.0,-1.39,-74.67000000000007,-3.7299999999999986
2016-12-31,2.1,2.2,4.7,0.55,0.4974,2.4443,2726.78,14.04,1.9469,0.0,-1.55,18.13000000000011,0.7099999999999991
2017-01-31,2.5,2.2,4.7,0.56,0.5127,2.4531,2735.18,11.99,1.9404,0.0,-1.94,8.399999999999636,-2.049999999999999
2017-02-28,2.7,2.2,4.6,0.57,0.6042,2.3899,2766.55,12.92,1.7856999999999998,0.0,-2.1300000000000003,31.370000000000346,0.9299999999999997
2017-03-31,2.4,2.0,4.4,0.82,0.7516,2.3874,2760.12,12.37,1.6358,0.0,-1.58,-6.430000000000291,-0.5500000000000007
2017-04-30,2.2,2.0,4.4,0.83,0.7923,2.2802,2789.61,10.82,1.4878999999999998,0.0,-1.37,29.490000000000236,-1.549999999999999
2017-05-31,1.9,2.0,4.4,0.83,0.9706,2.2028,2821.69,10.41,1.2321999999999997,0.0,-1.0699999999999998,32.07999999999993,-0.41000000000000014
2017-06-30,1.6,2.3,4.3,1.06,1.0113,2.3037,2830.31,11.18,1.2924,0.0,-0.54,8.61999999999989,0.7699999999999996
2017-07-31,1.7,2.3,4.3,1.07,1.0724,2.2942,2851.01,10.26,1.2218,0.0,-0.6299999999999999,20.700000000000273,-0.9199999999999999
2017-08-31,1.9,2.3,4.4,1.07,0.991,2.117,2873.15,10.59,1.126,0.0,-0.8299999999999998,22.139999999999873,0.33000000000000007
2017-09-30,2.2,3.2,4.3,1.06,1.0405,2.3336,2868.16,9.51,1.2931000000000001,0.0,-1.1400000000000001,-4.9900000000002365,-1.08
2017-10-31,2.0,3.2,4.2,1.07,1.1312,2.3793,2879.74,10.18,1.2481000000000002,0.0,-0.9299999999999999,11.579999999999927,0.6699999999999999
2017-11-30,2.2,3.2,4.2,1.07,1.256,2.4097,2875.55,11.28,1.1537,0.0,-1.1300000000000001,-4.1899999999996,1.0999999999999996
2017-12-31,2.1,4.6,4.1,1.33,1.3757,2.4054,2901.78,11.04,1.0297000000000003,0.0,-0.77,26.230000000000018,-0.2400000000000002
2018-01-31,2.1,4.6,4.0,1.34,1.4551,2.705,2874.04,13.54,1.2499,0.0,-0.76,-27.740000000000236,2.5
2018-02-28,2.2,4.6,4.1,1.35,1.6518,2.8606,2827.38,19.85,1.2087999999999999,0.0,-0.8500000000000001,-46.659999999999854,6.310000000000002
2018-03-31,2.4,3.3,4.0,1.67,1.7001,2.7389,2834.54,19.97,1.0388000000000002,0.0,-0.73,7.1599999999998545,0.11999999999999744
2018-04-30,2.5,3.3,4.0,1.69,1.7996,2.9531,2808.25,15.93,1.1535,0.0,-0.81,-26.289999999999964,-4.039999999999999
2018-05-31,2.8,3.3,3.8,1.7,1.8946,2.8586,2823.29,15.43,0.964,0.0,-1.0999999999999999,15.039999999999964,-0.5
2018-06-30,2.9,2.1,4.0,1.91,1.9123,2.8601,2806.89,16.09,0.9478,0.0,-0.99,-16.40000000000009,0.6600000000000001
2018-07-31,2.9,2.1,3.8,1.91,2.0203,2.9598,2830.22,12.83,0.9394999999999998,0.0,-0.99,23.329999999999927,-3.26
2018-08-31,2.7,2.1,3.8,1.91,2.0938,2.8604,2844.2,12.86,0.7666,0.0,-0.7900000000000003,13.980000000000018,0.02999999999999936
2018-09-30,2.3,2.5,3.7,2.18,2.1964,3.0612,2834.06,12.12,0.8647999999999998,0.0,-0.11999999999999966,-10.139999999999873,-0.7400000000000002
2018-10-31,2.5,2.5,3.8,2.2,2.3251,3.1435,2792.67,21.23,0.8184,0.0,-0.2999999999999998,-41.38999999999987,9.110000000000001
2018-11-30,2.2,2.5,3.8,2.2,2.3424,2.9879,2788.02,18.07,0.6454999999999997,0.0,0.0,-4.650000000000091,-3.16
2018-12-31,1.9,0.6,3.9,2.4,2.3549,2.6842,2829.02,25.42,0.3292999999999999,0.0,0.5,41.0,7.350000000000001
2019-01-31,1.6,0.6,4.0,2.4,2.3839,2.6293,2895.56,16.57,0.24540000000000006,0.0,0.7999999999999998,66.53999999999996,-8.850000000000001
2019-02-28,1.5,0.6,3.8,2.4,2.4326,2.715,2901.84,14.78,0.2824,0.0,0.8999999999999999,6.2800000000002,-1.790000000000001
2019-03-31,1.9,2.5,3.8,2.43,2.3809,2.405,2974.53,13.71,0.024099999999999788,0.0,0.5300000000000002,72.69000000000005,-1.0699999999999985
2019-04-30,2.0,2.5,3.7,2.45,2.4099,2.5018,2990.68,13.12,0.09189999999999987,0.0,0.4500000000000002,16.149999999999636,-0.5900000000000016
2019-05-31,1.8,2.5,3.6,2.4,2.3399,2.1246,3033.54,18.71,-0.21530000000000005,1.0,0.5999999999999999,42.86000000000013,5.590000000000002
2019-06-30,1.6,3.4,3.6,2.4,2.0868,2.0051,3107.73,15.08,-0.0817000000000001,1.0,0.7999999999999998,74.19000000000005,-3.630000000000001
2019-07-31,1.8,3.4,3.7,2.4,2.0616,2.0144,3125.11,16.12,-0.04719999999999969,1.0,0.5999999999999999,17.38000000000011,1.040000000000001
2019-08-31,1.7,3.4,3.6,2.13,1.9765,1.4961,3223.39,18.98,-0.48039999999999994,1.0,0.42999999999999994,98.27999999999975,2.8599999999999994
2019-09-30,1.7,4.8,3.5,1.9,1.8071,1.6646,3202.42,16.24,-0.14249999999999985,1.0,0.19999999999999996,-20.9699999999998,-2.740000000000002
2019-10-31,1.8,4.8,3.6,1.58,1.524,1.691,3221.86,13.22,0.16700000000000004,0.0,-0.21999999999999997,19.440000000000055,-3.019999999999998
2019-11-30,2.1,4.8,3.6,1.56,1.5672,1.7758,3229.97,12.62,0.20860000000000012,0.0,-0.54,8.109999999999673,-0.6000000000000014
2019-12-31,2.3,2.8,3.6,1.55,1.5436,1.9175,3240.3,13.78,0.3738999999999999,0.0,-0.7499999999999998,10.330000000000382,1.1600000000000001
2020-01-31,2.5,2.8,3.6,1.59,1.5382,1.5068,3316.29,18.84,-0.031400000000000095,1.0,-0.9099999999999999,75.98999999999978,5.0600000000000005
2020-02-29,2.3,2.8,3.5,1.58,1.267,1.1486,3360.66,40.11,-0.11839999999999984,1.0,-0.7199999999999998,44.36999999999989,21.27
2020-03-31,1.5,-5.2,4.4,0.08,0.061,0.6695,3122.54,53.54,0.6085,0.0,-1.42,-238.1199999999999,13.43
2020-04-30,0.3,-5.2,14.8,0.05,0.0788,0.6393,3286.26,34.15,0.5605,0.0,-0.25,163.72000000000025,-19.39
2020-05-31,0.1,-5.2,13.2,0.05,0.1246,0.6526,3337.67,27.51,0.5279999999999999,0.0,-0.05,51.409999999999854,-6.639999999999997
2020-06-30,0.6,-28.0,11.0,0.08,0.1293,0.6561,3403.1,30.43,0.5268,0.0,-0.52,65.42999999999984,2.919999999999998
2020-07-31,1.0,-28.0,10.2,0.1,0.0837,0.5282,3513.73,24.46,0.4445,0.0,-0.9,110.63000000000011,-5.969999999999999
2020-08-31,1.3,-28.0,8.4,0.09,0.0938,0.7048,3465.28,26.41,0.611,0.0,-1.21,-48.44999999999982,1.9499999999999993
2020-09-30,1.4,34.9,7.8,0.09,0.0915,0.684,3455.36,26.37,0.5925,0.0,-1.3099999999999998,-9.920000000000073,-0.03999999999999915
2020-10-31,1.2,34.9,6.9,0.09,0.0864,0.8737,3449.14,38.02,0.7873,0.0,-1.1099999999999999,-6.220000000000255,11.650000000000002
2020-11-30,1.2,34.9,6.7,0.09,0.0712,0.8389,3545.23,20.57,0.7676999999999999,0.0,-1.1099999999999999,96.09000000000015,-17.450000000000003
2020-12-31,1.4,4.6,6.7,0.09,0.0583,0.9132,3560.67,22.75,0.8549,0.0,-1.3099999999999998,15.440000000000055,2.1799999999999997
2021-01-31,1.4,4.6,6.4,0.07,0.0482,1.0655,3514.98,33.09,1.0172999999999999,0.0,-1.3299999999999998,-45.690000000000055,10.340000000000003
2021-02-28,1.7,4.6,6.2,0.07,0.033,1.4049,3454.43,27.95,1.3719000000000001,0.0,-1.63,-60.55000000000018,-5.140000000000004
2021-03-31,2.6,6.2,6.1,0.06,0.0152,1.7404,3395.15,19.4,1.7251999999999998,0.0,-2.54,-59.279999999999745,-8.55
2021-04-30,4.2,6.2,6.1,0.05,0.0025,1.6259,3432.76,18.61,1.6234,0.0,-4.15,37.61000000000013,-0.7899999999999991
2021-05-31,5.0,6.2,5.8,0.05,0.0025,1.5943,3459.13,16.76,1.5918,0.0,-4.95,26.36999999999989,-1.8499999999999979
2021-06-30,5.4,7.1,5.9,0.08,0.0406,1.468,3515.56,15.83,1.4274,0.0,-5.32,56.429999999999836,-0.9300000000000015
2021-07-31,5.4,7.1,5.4,0.07,0.0406,1.2223,3563.68,18.24,1.1817,0.0,-5.33,48.11999999999989,2.4099999999999984
2021-08-31,5.3,7.1,5.1,0.06,0.0355,1.3088,3552.9,16.48,1.2732999999999999,0.0,-5.24,-10.779999999999745,-1.759999999999998
2021-09-30,5.4,3.2,4.7,0.06,0.033,1.4873,3515.5,23.14,1.4543000000000001,0.0,-5.340000000000001,-37.40000000000009,6.66
2021-10-31,6.2,3.2,4.5,0.07,0.0482,1.5521,3524.22,16.26,1.5039,0.0,-6.13,8.7199999999998,-6.879999999999999
2021-11-30,6.8,3.2,4.1,0.07,0.0456,1.4443,3526.39,27.19,1.3986999999999998,0.0,-6.7299999999999995,2.1700000000000728,10.93
2021-12-31,7.0,6.8,3.9,0.07,0.0304,1.5101,3523.57,17.22,1.4797,0.0,-6.93,-2.819999999999709,-9.970000000000002
2022-01-31,7.5,6.8,4.0,0.08,0.18,1.7767,3404.96,24.83,1.5967,0.0,-7.42,-118.61000000000013,7.609999999999999
2022-02-28,7.9,6.8,3.9,0.08,0.2917,1.825,3336.85,30.15,1.5332999999999999,0.0,-7.82,-68.11000000000013,5.32
2022-03-31,8.5,-1.0,3.7,0.33,0.4822,2.338,3252.71,20.56,1.8558000000000001,0.0,-8.17,-84.13999999999987,-9.59
2022-04-30,8.3,-1.0,3.7,0.33,0.8229,2.9336,3074.85,33.4,2.1107000000000005,0.0,-7.970000000000001,-177.86000000000013,12.84
2022-05-31,8.6,-1.0,3.6,0.83,1.0392,2.8441,3103.56,26.19,1.8049000000000002,0.0,-7.77,28.710000000000036,-7.209999999999997
2022-06-30,9.1,0.6,3.6,1.58,1.6262,3.0129,3016.66,28.71,1.3867,0.0,-7.52,-86.90000000000009,2.5199999999999996
2022-07-31,8.5,0.6,3.5,2.32,2.3168,2.6487,3114.32,21.33,0.33189999999999964,0.0,-6.18,97.66000000000031,-7.380000000000003
2022-08-31,8.3,0.6,3.6,2.33,2.9003,3.1926,3022.99,25.87,0.2923,0.0,-5.970000000000001,-91.33000000000038,4.540000000000003
2022-09-30,8.2,2.7,3.5,3.08,3.2466,3.8286,2864.12,31.62,0.5819999999999999,0.0,-5.119999999999999,-158.8699999999999,5.75
2022-10-31,7.7,2.7,3.6,3.08,4.0559,4.0478,2834.5,25.88,-0.008100000000000662,1.0,-4.62,-29.61999999999989,-5.740000000000002
2022-11-30,7.1,2.7,3.6,3.83,4.3196,3.6054,2981.28,20.58,-0.7142000000000004,1.0,-3.2699999999999996,146.7800000000002,-5.300000000000001
2022-12-31,6.5,2.7,3.5,4.33,4.3429,3.8748,2968.2,21.67,-0.4681000000000002,1.0,-2.17,-13.080000000000382,1.0900000000000034
2023-01-31,6.4,2.7,3.5,4.33,4.6415,3.5069,3087.13,19.4,-1.1345999999999998,1.0,-2.0700000000000003,118.93000000000029,-2.270000000000003
2023-02-28,6.0,2.7,3.6,4.57,4.7687,3.92,2988.93,20.7,-0.8487,1.0,-1.4299999999999997,-98.20000000000027,1.3000000000000007
2023-03-31,5.0,3.4,3.5,4.83,4.693,3.4676,3072.15,18.7,-1.2253999999999996,1.0,-0.16999999999999993,83.22000000000025,-2.0
2023-04-30,4.9,3.4,3.4,4.83,5.0302,3.422,3095.67,15.78,-1.6081999999999996,1.0,-0.07000000000000028,23.519999999999982,-2.92
2023-05-31,4.0,3.4,3.6,5.08,5.3884,3.6426,3050.83,17.94,-1.7458,1.0,1.08,-44.840000000000146,2.160000000000002
2023-06-30,3.0,2.2,3.6,5.08,5.2836,3.8367,3063.39,13.59,-1.4468999999999999,1.0,2.08,12.559999999999945,-4.350000000000001
2023-07-31,3.2,2.2,3.5,5.33,5.4001,3.9588,3073.95,13.63,-1.4413,1.0,2.13,10.559999999999945,0.040000000000000924
2023-08-31,3.7,2.2,3.7,5.33,5.4354,4.1081,3050.07,13.57,-1.3272999999999993,1.0,1.63,-23.879999999999654,-0.0600000000000005
2023-09-30,3.7,4.5,3.7,5.33,5.4459,4.5711,2968.65,17.52,-0.8747999999999996,1.0,1.63,-81.42000000000007,3.9499999999999993
2023-10-31,3.2,4.5,3.9,5.33,5.4623,4.9307,2913.06,18.14,-0.5316000000000001,1.0,2.13,-55.590000000000146,0.620000000000001
2023-11-30,3.1,4.5,3.7,5.33,5.3876,4.3264,3087.21,12.92,-1.0612000000000004,1.0,2.23,174.1500000000001,-5.220000000000001
2023-12-31,3.4,3.6,3.8,5.33,5.3323,3.8791,3221.05,12.45,-1.4531999999999998,1.0,1.9300000000000002,133.84000000000015,-0.47000000000000064
2024-01-31,3.1,3.6,3.7,5.33,5.3597,3.9124,3215.57,14.35,-1.4473000000000003,1.0,2.23,-5.480000000000018,1.9000000000000004
2024-02-29,3.2,3.6,3.9,5.33,5.3798,4.2502,3167.24,13.4,-1.1296,1.0,2.13,-48.33000000000038,-0.9499999999999993
2024-03-31,3.5,1.4,3.9,5.33,5.3618,4.2003,3208.19,13.01,-1.1614999999999993,1.0,1.83,40.95000000000027,-0.39000000000000057
2024-04-30,3.4,1.4,3.9,5.33,5.3918,4.6798,3126.55,15.65,-0.7119999999999997,1.0,1.9300000000000002,-81.63999999999987,2.6400000000000006
2024-05-31,3.3,1.4,3.9,5.33,5.4009,4.4985,3185.11,12.92,-0.9024000000000001,1.0,2.0300000000000002,58.559999999999945,-2.7300000000000004
2024-06-30,3.0,3.6,4.1,5.33,5.3549,4.3961,3205.37,12.44,-0.9588000000000001,1.0,2.33,20.259999999999764,-0.4800000000000004
2024-07-31,2.9,3.6,4.2,5.33,5.284,4.0296,3281.77,16.36,-1.2543999999999995,1.0,2.43,76.40000000000009,3.92
2024-08-31,2.5,3.6,4.2,5.33,5.1117,3.9034,3333.38,15.0,-1.2083,1.0,2.83,51.61000000000013,-1.3599999999999994
2024-09-30,2.4,3.2,4.1,4.83,4.6169,3.7809,3392.48,16.73,-0.8360000000000003,1.0,2.43,59.09999999999991,1.7300000000000004
2024-10-31,2.6,3.2,4.1,4.83,4.5418,4.2844,3310.14,23.16,-0.2574000000000005,1.0,2.23,-82.34000000000015,6.43
2024-11-30,2.7,3.2,4.2,4.58,4.4858,4.1685,3354.42,13.51,-0.31730000000000036,1.0,1.88,44.2800000000002,-9.65
2024-12-31,2.9,2.4,4.1,4.33,4.3144,4.569,3289.5,17.35,0.25459999999999994,0.0,1.4300000000000002,-64.92000000000007,3.8400000000000016
2025-01-31,3.0,2.4,4.0,4.33,4.2839,4.5387,3307.68,16.43,0.25480000000000036,0.0,1.33,18.179999999999836,-0.9200000000000017
2025-02-28,2.8,2.4,4.2,4.33,4.2942,4.2082,3375.11,19.63,-0.0860000000000003,1.0,1.5300000000000002,67.43000000000029,3.1999999999999993
2025-03-31,2.4,0.1,4.2,4.33,4.2937,4.2053,3365.38,22.28,-0.08840000000000003,1.0,1.9300000000000002,-9.730000000000018,2.650000000000002
2025-04-30,2.3,0.1,4.2,4.33,4.2859,4.1619,3364.28,24.7,-0.12399999999999967,1.0,2.0300000000000002,-1.099999999999909,2.419999999999998
2025-05-31,2.4,0.1,4.3,4.33,4.333,4.4004,3363.9,18.57,0.06740000000000013,0.0,1.9300000000000002,-0.38000000000010914,-6.129999999999999
2025-06-30,2.7,4.0,4.1,4.33,4.2911,4.228,3426.76,16.73,-0.06310000000000038,1.0,1.63,62.86000000000013,-1.8399999999999999
2025-07-31,2.7,4.0,4.3,4.33,4.3372,4.374,3429.0,16.72,0.0367999999999995,0.0,1.63,2.2399999999997817,-0.010000000000001563
2025-08-31,2.9,4.0,4.3,4.33,4.1391,4.2284,3463.74,15.36,0.08929999999999971,0.0,1.4300000000000002,34.73999999999978,-1.3599999999999994
2025-09-30,3.0,3.9,4.4,4.09,3.9323,4.1503,3515.73,16.28,0.21799999999999953,0.0,1.0899999999999999,51.99000000000024,0.9200000000000017
2025-10-31,3.0,3.9,4.4,3.86,3.8007,4.0775,3529.23,17.44,0.2767999999999997,0.0,0.8599999999999999,13.5,1.1600000000000001
2025-11-30,2.7,3.9,4.5,3.89,3.7956,4.0132,3552.3,16.35,0.21760000000000046,0.0,1.19,23.070000000000164,-1.0899999999999999
2025-12-31,2.7,0.2,4.4,3.64,3.6264,4.167,3545.18,14.95,0.5406,0.0,0.94,-7.120000000000346,-1.4000000000000021
2026-01-31,2.4,0.2,4.3,3.64,3.6537,4.2355,3551.52,17.44,0.5817999999999999,0.0,1.2400000000000002,6.3400000000001455,2.490000000000002
2026-02-28,2.4,0.2,4.4,3.64,3.6562,3.9375,3597.34,19.86,0.2812999999999999,0.0,1.2400000000000002,45.820000000000164,2.419999999999998
2026-03-31,3.3,2.5,4.3,3.64,3.6718,4.3166,3526.16,25.25,0.6448,0.0,0.3400000000000003,-71.18000000000029,5.390000000000001
2026-04-30,3.8,2.5,4.3,3.64,3.6604,4.3706,3542.11,16.89,0.7101999999999995,0.0,-0.1599999999999997,15.950000000000273,-8.36
2026-05-31,3.8,2.5,4.3,,,,3542.11,,,,,0.0,
