column,missing_count,missing_fraction,missing_fraction_label_0,missing_fraction_label_1
beta_lag_1y,538,1.0,1.0,1.0
beta_lag_2y,538,1.0,1.0,1.0
beta_lag_3y,538,1.0,1.0,1.0
bid_ask_spread_lag_1y,538,1.0,1.0,1.0
bid_ask_spread_lag_2y,538,1.0,1.0,1.0
bid_ask_spread_lag_3y,538,1.0,1.0,1.0
shares_outstanding_pct_change_3y_lag_3y,363,0.6747211895910781,0.35687732342007433,0.9925650557620818
market_cap_pct_change_3y_lag_3y,362,0.6728624535315985,0.35315985130111527,0.9925650557620818
volume_pct_change_3y_lag_3y,362,0.6728624535315985,0.35315985130111527,0.9925650557620818
adjusted_price_pct_change_3y_lag_3y,361,0.671003717472119,0.34944237918215615,0.9925650557620818
inventory_pct_change_lag_3y,243,0.4516728624535316,0.4758364312267658,0.4275092936802974
depreciation_amortization_pct_change_lag_3y,238,0.4423791821561338,0.42379182156133827,0.46096654275092935
inventory_pct_change_lag_2y,227,0.42193308550185876,0.45353159851301117,0.3903345724907063
short_term_debt_pct_change_lag_3y,227,0.42193308550185876,0.5092936802973977,0.3345724907063197
inventory_pct_change_lag_1y,224,0.4163568773234201,0.4349442379182156,0.39776951672862454
depreciation_amortization_pct_change_lag_2y,218,0.4052044609665427,0.37174721189591076,0.43866171003717475
short_term_debt_pct_change_lag_2y,208,0.38661710037174724,0.4721189591078067,0.30111524163568776
book_to_market_lag_3y,203,0.37732342007434944,0.31970260223048325,0.4349442379182156
market_to_book_lag_3y,203,0.37732342007434944,0.31970260223048325,0.4349442379182156
depreciation_amortization_lag_3y,200,0.37174721189591076,0.35315985130111527,0.3903345724907063
interest_expense_pct_change_lag_3y,197,0.36617100371747213,0.44609665427509293,0.2862453531598513
shareholders_equity_pct_change_lag_3y,197,0.36617100371747213,0.30855018587360594,0.42379182156133827
depreciation_amortization_pct_change_lag_1y,196,0.3643122676579926,0.3308550185873606,0.39776951672862454
book_to_market_lag_2y,191,0.3550185873605948,0.2936802973977695,0.4163568773234201
market_to_book_lag_2y,191,0.3550185873605948,0.2936802973977695,0.4163568773234201
interest_expense_pct_change_lag_2y,182,0.3382899628252788,0.4349442379182156,0.241635687732342
depreciation_amortization_lag_2y,181,0.33643122676579923,0.3159851301115242,0.35687732342007433
ebitda_interest_coverage_lag_3y,181,0.33643122676579923,0.4312267657992565,0.241635687732342
cash_flow_interest_coverage_lag_3y,178,0.3308550185873606,0.42379182156133827,0.2379182156133829
interest_coverage_lag_3y,178,0.3308550185873606,0.42379182156133827,0.2379182156133829
long_term_debt_pct_change_lag_3y,173,0.3215613382899628,0.4423791821561338,0.20074349442379183
shareholders_equity_pct_change_lag_2y,171,0.31784386617100374,0.2527881040892193,0.3828996282527881
book_to_market_lag_1y,170,0.3159851301115242,0.21933085501858737,0.41263940520446096
market_to_book_lag_1y,170,0.3159851301115242,0.21933085501858737,0.41263940520446096
return_on_equity_lag_3y,169,0.3141263940520446,0.2527881040892193,0.3754646840148699
debt_to_equity_lag_3y,167,0.3104089219330855,0.24907063197026022,0.37174721189591076
depreciation_amortization_lag_1y,167,0.3104089219330855,0.2862453531598513,0.3345724907063197
interest_expense_pct_change_lag_1y,167,0.3104089219330855,0.3940520446096654,0.22676579925650558
liabilities_to_equity_lag_3y,167,0.3104089219330855,0.24907063197026022,0.37174721189591076
shareholders_equity_lag_3y,167,0.3104089219330855,0.24907063197026022,0.37174721189591076
volume_pct_change_2y_lag_3y,166,0.30855018587360594,0.31970260223048325,0.29739776951672864
volume_pct_change_3y_lag_2y,165,0.3066914498141264,0.31970260223048325,0.2936802973977695
shareholders_equity_pct_change_lag_1y,162,0.30111524163568776,0.21561338289962825,0.38661710037174724
shares_outstanding_pct_change_2y_lag_3y,162,0.30111524163568776,0.31970260223048325,0.2825278810408922
shares_outstanding_pct_change_3y_lag_2y,162,0.30111524163568776,0.31970260223048325,0.2825278810408922
adjusted_price_pct_change_2y_lag_3y,160,0.29739776951672864,0.3159851301115242,0.2788104089219331
adjusted_price_pct_change_3y_lag_2y,159,0.2955390334572491,0.3159851301115242,0.275092936802974
market_cap_pct_change_3y_lag_2y,159,0.2955390334572491,0.31970260223048325,0.27137546468401486
ebitda_interest_coverage_lag_2y,158,0.2936802973977695,0.3903345724907063,0.1970260223048327
market_cap_pct_change_2y_lag_3y,158,0.2936802973977695,0.31970260223048325,0.26765799256505574
cash_flow_interest_coverage_lag_2y,157,0.29182156133828996,0.38661710037174724,0.1970260223048327
interest_coverage_lag_2y,157,0.29182156133828996,0.38661710037174724,0.1970260223048327
total_debt_pct_change_lag_3y,157,0.29182156133828996,0.4052044609665427,0.17843866171003717
accounts_receivable_pct_change_lag_3y,155,0.28810408921933084,0.35687732342007433,0.21933085501858737
interest_expense_lag_3y,154,0.2862453531598513,0.3680297397769517,0.20446096654275092
long_term_debt_pct_change_lag_2y,154,0.2862453531598513,0.4275092936802974,0.1449814126394052
maximum_drawdown_12m_lag_3y,154,0.2862453531598513,0.3159851301115242,0.25650557620817843
return_on_equity_lag_2y,154,0.2862453531598513,0.21561338289962825,0.35687732342007433
debt_to_equity_lag_2y,153,0.2843866171003718,0.21189591078066913,0.35687732342007433
liabilities_to_equity_lag_2y,153,0.2843866171003718,0.21189591078066913,0.35687732342007433
shareholders_equity_lag_2y,153,0.2843866171003718,0.21189591078066913,0.35687732342007433
ebitda_interest_coverage_lag_1y,146,0.27137546468401486,0.34944237918215615,0.19330855018587362
return_on_equity_lag_1y,146,0.27137546468401486,0.1821561338289963,0.36059479553903345
cash_flow_interest_coverage_lag_1y,145,0.2695167286245353,0.34572490706319703,0.19330855018587362
interest_coverage_lag_1y,145,0.2695167286245353,0.34572490706319703,0.19330855018587362
short_term_debt_pct_change_lag_1y,142,0.26394052044609667,0.26765799256505574,0.26022304832713755
short_term_debt_to_total_debt_lag_3y,142,0.26394052044609667,0.3828996282527881,0.1449814126394052
volume_pct_change_3y_lag_1y,142,0.26394052044609667,0.30111524163568776,0.22676579925650558
debt_to_equity_lag_1y,141,0.2620817843866171,0.16728624535315986,0.35687732342007433
liabilities_to_equity_lag_1y,141,0.2620817843866171,0.16728624535315986,0.35687732342007433
volume_pct_change_1y_lag_3y,141,0.2620817843866171,0.30111524163568776,0.22304832713754646
volume_pct_change_2y_lag_2y,141,0.2620817843866171,0.30111524163568776,0.22304832713754646
adjusted_price_pct_change_3y_lag_1y,140,0.26022304832713755,0.29739776951672864,0.22304832713754646
market_cap_pct_change_2y_lag_2y,140,0.26022304832713755,0.30111524163568776,0.21933085501858737
market_cap_pct_change_3y_lag_1y,140,0.26022304832713755,0.30111524163568776,0.21933085501858737
shareholders_equity_lag_1y,140,0.26022304832713755,0.16356877323420074,0.35687732342007433
volatility_12m_lag_3y,140,0.26022304832713755,0.30111524163568776,0.21933085501858737
adjusted_price_pct_change_1y_lag_3y,139,0.258364312267658,0.29739776951672864,0.21933085501858737
adjusted_price_pct_change_2y_lag_2y,139,0.258364312267658,0.29739776951672864,0.21933085501858737
drawdown_12m_lag_3y,139,0.258364312267658,0.29739776951672864,0.21933085501858737
maximum_drawdown_12m_lag_2y,139,0.258364312267658,0.2936802973977695,0.22304832713754646
return_12m_lag_3y,139,0.258364312267658,0.29739776951672864,0.21933085501858737
rolling_max_price_12m_lag_3y,139,0.258364312267658,0.29739776951672864,0.21933085501858737
shares_outstanding_pct_change_1y_lag_3y,139,0.258364312267658,0.30111524163568776,0.21561338289962825
shares_outstanding_pct_change_2y_lag_2y,139,0.258364312267658,0.30111524163568776,0.21561338289962825
shares_outstanding_pct_change_3y_lag_1y,139,0.258364312267658,0.30111524163568776,0.21561338289962825
total_debt_pct_change_lag_2y,139,0.258364312267658,0.3828996282527881,0.13382899628252787
average_volume_12m_lag_3y,138,0.25650557620817843,0.2936802973977695,0.21933085501858737
free_cash_flow_to_debt_lag_3y,138,0.25650557620817843,0.3828996282527881,0.13011152416356878
volume_volatility_12m_lag_3y,138,0.25650557620817843,0.2936802973977695,0.21933085501858737
accounts_receivable_pct_change_lag_2y,137,0.25464684014869887,0.32342007434944237,0.18587360594795538
interest_expense_lag_2y,137,0.25464684014869887,0.3345724907063197,0.17472118959107807
long_term_debt_to_total_debt_lag_3y,137,0.25464684014869887,0.379182156133829,0.13011152416356878
market_cap_growth_12m_lag_3y,137,0.25464684014869887,0.30111524163568776,0.20817843866171004
market_cap_pct_change_1y_lag_3y,137,0.25464684014869887,0.30111524163568776,0.20817843866171004
operating_cash_flow_to_debt_lag_3y,137,0.25464684014869887,0.379182156133829,0.13011152416356878
average_market_cap_12m_lag_3y,136,0.2527881040892193,0.29739776951672864,0.20817843866171004
accounts_receivable_pct_change_lag_1y,133,0.24721189591078066,0.29739776951672864,0.1970260223048327
return_6m_lag_3y,132,0.24535315985130113,0.2862453531598513,0.20446096654275092
volatility_6m_lag_3y,132,0.24535315985130113,0.2862453531598513,0.20446096654275092
capital_expenditures_pct_change_lag_3y,129,0.23977695167286245,0.3159851301115242,0.16356877323420074
interest_expense_lag_1y,128,0.2379182156133829,0.2936802973977695,0.1821561338289963
revenue_pct_change_lag_3y,128,0.2379182156133829,0.30855018587360594,0.16728624535315986
enterprise_value_to_ebitda_lag_3y,127,0.23605947955390336,0.2936802973977695,0.17843866171003717
return_3m_lag_3y,126,0.2342007434944238,0.2788104089219331,0.1895910780669145
volatility_3m_lag_3y,126,0.2342007434944238,0.2788104089219331,0.1895910780669145
inventory_to_revenue_lag_3y,123,0.22862453531598512,0.31970260223048325,0.137546468401487
volume_pct_change_2y_lag_1y,123,0.22862453531598512,0.2825278810408922,0.17472118959107807
monthly_return_lag_3y,122,0.22676579925650558,0.2788104089219331,0.17472118959107807
volume_pct_change_1y_lag_2y,122,0.22676579925650558,0.2825278810408922,0.17100371747211895
adjusted_price_pct_change_2y_lag_1y,121,0.22490706319702602,0.2788104089219331,0.17100371747211895
enterprise_value_to_assets_lag_3y,121,0.22490706319702602,0.2862453531598513,0.16356877323420074
market_cap_to_assets_lag_3y,121,0.22490706319702602,0.2862453531598513,0.16356877323420074
adjusted_price_pct_change_1y_lag_2y,120,0.22304832713754646,0.2788104089219331,0.16728624535315986
maximum_drawdown_12m_lag_1y,120,0.22304832713754646,0.2788104089219331,0.16728624535315986
return_12m_lag_2y,120,0.22304832713754646,0.2788104089219331,0.16728624535315986
turnover_lag_3y,120,0.22304832713754646,0.2788104089219331,0.16728624535315986
volatility_12m_lag_2y,120,0.22304832713754646,0.2788104089219331,0.16728624535315986
adjusted_price_lag_3y,119,0.2211895910780669,0.2788104089219331,0.16356877323420074
drawdown_12m_lag_2y,119,0.2211895910780669,0.2788104089219331,0.16356877323420074
market_cap_growth_12m_lag_2y,119,0.2211895910780669,0.2825278810408922,0.15985130111524162
market_cap_pct_change_1y_lag_2y,119,0.2211895910780669,0.2825278810408922,0.15985130111524162
market_cap_pct_change_2y_lag_1y,119,0.2211895910780669,0.2825278810408922,0.15985130111524162
rolling_max_price_12m_lag_2y,119,0.2211895910780669,0.2788104089219331,0.16356877323420074
average_market_cap_12m_lag_2y,118,0.21933085501858737,0.2788104089219331,0.15985130111524162
average_volume_12m_lag_2y,118,0.21933085501858737,0.2788104089219331,0.15985130111524162
ebitda_absolute_change_lag_3y,118,0.21933085501858737,0.29739776951672864,0.1412639405204461
shares_outstanding_pct_change_1y_lag_2y,118,0.21933085501858737,0.2825278810408922,0.15613382899628253
shares_outstanding_pct_change_2y_lag_1y,118,0.21933085501858737,0.2825278810408922,0.15613382899628253
volume_lag_3y,118,0.21933085501858737,0.2788104089219331,0.15985130111524162
volume_volatility_12m_lag_2y,118,0.21933085501858737,0.2788104089219331,0.15985130111524162
market_cap_lag_3y,116,0.21561338289962825,0.2825278810408922,0.14869888475836432
shares_outstanding_lag_3y,116,0.21561338289962825,0.2825278810408922,0.14869888475836432
current_assets_pct_change_lag_3y,115,0.2137546468401487,0.31970260223048325,0.10780669144981413
receivables_to_revenue_lag_3y,115,0.2137546468401487,0.2862453531598513,0.1412639405204461
current_liabilities_pct_change_lag_3y,114,0.21189591078066913,0.32342007434944237,0.10037174721189591
working_capital_absolute_change_lag_3y,113,0.2100371747211896,0.31970260223048325,0.10037174721189591
ebitda_margin_lag_3y,111,0.20631970260223048,0.2788104089219331,0.13382899628252787
long_term_debt_pct_change_lag_1y,111,0.20631970260223048,0.2788104089219331,0.13382899628252787
return_6m_lag_2y,111,0.20631970260223048,0.26765799256505574,0.1449814126394052
volatility_6m_lag_2y,111,0.20631970260223048,0.26765799256505574,0.1449814126394052
enterprise_value_to_ebitda_lag_2y,110,0.20446096654275092,0.26765799256505574,0.1412639405204461
capital_expenditure_to_revenue_lag_3y,108,0.20074349442379183,0.26765799256505574,0.13382899628252787
volatility_3m_lag_2y,108,0.20074349442379183,0.26394052044609667,0.137546468401487
cash_short_term_investments_pct_change_lag_3y,107,0.19888475836431227,0.275092936802974,0.12267657992565056
ebit_margin_lag_3y,107,0.19888475836431227,0.26765799256505574,0.13011152416356878
free_cash_flow_absolute_change_lag_3y,107,0.19888475836431227,0.27137546468401486,0.12639405204460966
return_3m_lag_2y,107,0.19888475836431227,0.26394052044609667,0.13382899628252787
revenue_pct_change_lag_2y,107,0.19888475836431227,0.26765799256505574,0.13011152416356878
enterprise_value_to_assets_lag_2y,106,0.1970260223048327,0.26022304832713755,0.13382899628252787
market_cap_to_assets_lag_2y,106,0.1970260223048327,0.26022304832713755,0.13382899628252787
net_income_margin_lag_3y,106,0.1970260223048327,0.26765799256505574,0.12639405204460966
average_volume_12m_lag_1y,105,0.19516728624535315,0.25650557620817843,0.13382899628252787
drawdown_12m_lag_1y,105,0.19516728624535315,0.25650557620817843,0.13382899628252787
rolling_max_price_12m_lag_1y,105,0.19516728624535315,0.25650557620817843,0.13382899628252787
volatility_12m_lag_1y,105,0.19516728624535315,0.25650557620817843,0.13382899628252787
volume_volatility_12m_lag_1y,105,0.19516728624535315,0.25650557620817843,0.13382899628252787
ebit_absolute_change_lag_3y,104,0.19330855018587362,0.27137546468401486,0.11524163568773234
inventory_to_revenue_lag_2y,104,0.19330855018587362,0.275092936802974,0.11152416356877323
market_cap_growth_12m_lag_1y,104,0.19330855018587362,0.26022304832713755,0.12639405204460966
market_cap_pct_change_1y_lag_1y,104,0.19330855018587362,0.26022304832713755,0.12639405204460966
monthly_return_lag_2y,104,0.19330855018587362,0.26022304832713755,0.12639405204460966
operating_cash_flow_absolute_change_lag_3y,104,0.19330855018587362,0.27137546468401486,0.11524163568773234
volume_pct_change_1y_lag_1y,104,0.19330855018587362,0.26022304832713755,0.12639405204460966
adjusted_price_pct_change_1y_lag_1y,103,0.19144981412639406,0.25650557620817843,0.12639405204460966
average_market_cap_12m_lag_1y,103,0.19144981412639406,0.26022304832713755,0.12267657992565056
market_cap_lag_2y,103,0.19144981412639406,0.26022304832713755,0.12267657992565056
net_income_absolute_change_lag_3y,103,0.19144981412639406,0.27137546468401486,0.11152416356877323
return_12m_lag_1y,103,0.19144981412639406,0.25650557620817843,0.12639405204460966
adjusted_price_lag_2y,102,0.1895910780669145,0.25650557620817843,0.12267657992565056
total_assets_pct_change_lag_3y,102,0.1895910780669145,0.275092936802974,0.10408921933085502
turnover_lag_2y,102,0.1895910780669145,0.25650557620817843,0.12267657992565056
volume_lag_2y,102,0.1895910780669145,0.25650557620817843,0.12267657992565056
shares_outstanding_pct_change_1y_lag_1y,101,0.18773234200743494,0.26022304832713755,0.11524163568773234
total_liabilities_pct_change_lag_3y,101,0.18773234200743494,0.275092936802974,0.10037174721189591
capital_expenditures_pct_change_lag_2y,100,0.18587360594795538,0.25650557620817843,0.11524163568773234
shares_outstanding_lag_2y,100,0.18587360594795538,0.26022304832713755,0.11152416356877323
enterprise_value_to_ebitda_lag_1y,99,0.18401486988847585,0.22304832713754646,0.1449814126394052
inventory_to_revenue_lag_1y,98,0.1821561338289963,0.24907063197026022,0.11524163568773234
total_debt_pct_change_lag_1y,98,0.1821561338289963,0.24535315985130113,0.11895910780669144
receivables_to_revenue_lag_2y,96,0.17843866171003717,0.241635687732342,0.11524163568773234
capital_expenditures_pct_change_lag_1y,95,0.17657992565055763,0.22304832713754646,0.13011152416356878
current_liabilities_pct_change_lag_2y,94,0.17472118959107807,0.26765799256505574,0.08178438661710037
quick_ratio_lag_3y,94,0.17472118959107807,0.26394052044609667,0.08550185873605948
current_assets_pct_change_lag_2y,93,0.17286245353159851,0.26394052044609667,0.08178438661710037
inventory_lag_3y,93,0.17286245353159851,0.26022304832713755,0.08550185873605948
revenue_pct_change_lag_1y,93,0.17286245353159851,0.21561338289962825,0.13011152416356878
working_capital_absolute_change_lag_2y,93,0.17286245353159851,0.26394052044609667,0.08178438661710037
cash_ratio_lag_3y,92,0.17100371747211895,0.26394052044609667,0.07806691449814127
current_ratio_lag_3y,92,0.17100371747211895,0.26394052044609667,0.07806691449814127
current_assets_lag_3y,91,0.1691449814126394,0.26022304832713755,0.07806691449814127
current_liabilities_lag_3y,91,0.1691449814126394,0.26022304832713755,0.07806691449814127
debt_to_ebitda_lag_3y,91,0.1691449814126394,0.241635687732342,0.09665427509293681
ebitda_to_assets_lag_3y,91,0.1691449814126394,0.241635687732342,0.09665427509293681
short_term_debt_to_total_debt_lag_2y,91,0.1691449814126394,0.241635687732342,0.09665427509293681
working_capital_lag_3y,91,0.1691449814126394,0.26022304832713755,0.07806691449814127
working_capital_to_assets_lag_3y,91,0.1691449814126394,0.26022304832713755,0.07806691449814127
working_capital_to_liabilities_lag_3y,91,0.1691449814126394,0.26022304832713755,0.07806691449814127
ebitda_absolute_change_lag_2y,90,0.16728624535315986,0.2379182156133829,0.09665427509293681
ebitda_lag_3y,90,0.16728624535315986,0.2379182156133829,0.09665427509293681
free_cash_flow_to_debt_lag_2y,90,0.16728624535315986,0.24535315985130113,0.08921933085501858
current_assets_pct_change_lag_1y,89,0.1654275092936803,0.23048327137546468,0.10037174721189591
current_liabilities_pct_change_lag_1y,89,0.1654275092936803,0.23048327137546468,0.10037174721189591
enterprise_value_to_assets_lag_1y,89,0.1654275092936803,0.1895910780669145,0.1412639405204461
market_cap_to_assets_lag_1y,89,0.1654275092936803,0.1895910780669145,0.1412639405204461
volatility_6m_lag_1y,89,0.1654275092936803,0.20074349442379183,0.13011152416356878
working_capital_absolute_change_lag_1y,89,0.1654275092936803,0.23048327137546468,0.10037174721189591
long_term_debt_to_total_debt_lag_2y,88,0.16356877323420074,0.2379182156133829,0.08921933085501858
operating_cash_flow_to_debt_lag_2y,88,0.16356877323420074,0.2379182156133829,0.08921933085501858
receivables_to_revenue_lag_1y,88,0.16356877323420074,0.21561338289962825,0.11152416356877323
return_6m_lag_1y,88,0.16356877323420074,0.20074349442379183,0.12639405204460966
capital_expenditure_to_revenue_lag_2y,87,0.16171003717472118,0.21933085501858737,0.10408921933085502
ebitda_margin_lag_2y,87,0.16171003717472118,0.21933085501858737,0.10408921933085502
ebit_margin_lag_2y,86,0.15985130111524162,0.21561338289962825,0.10408921933085502
ebitda_margin_lag_1y,86,0.15985130111524162,0.21189591078066913,0.10780669144981413
accounts_receivable_lag_3y,85,0.1579925650557621,0.22676579925650558,0.08921933085501858
net_income_margin_lag_2y,85,0.1579925650557621,0.21561338289962825,0.10037174721189591
capital_expenditure_to_assets_lag_3y,84,0.15613382899628253,0.22304832713754646,0.08921933085501858
capital_expenditure_to_revenue_lag_1y,84,0.15613382899628253,0.20074349442379183,0.11152416356877323
free_cash_flow_to_assets_lag_3y,84,0.15613382899628253,0.22304832713754646,0.08921933085501858
asset_turnover_lag_3y,83,0.15427509293680297,0.22304832713754646,0.08550185873605948
ebit_margin_lag_1y,83,0.15427509293680297,0.20074349442379183,0.10780669144981413
free_cash_flow_absolute_change_lag_2y,83,0.15427509293680297,0.21933085501858737,0.08921933085501858
return_3m_lag_1y,83,0.15427509293680297,0.1821561338289963,0.12639405204460966
short_term_debt_lag_3y,83,0.15427509293680297,0.21561338289962825,0.09293680297397769
volatility_3m_lag_1y,83,0.15427509293680297,0.1821561338289963,0.12639405204460966
capital_expenditures_lag_3y,82,0.1524163568773234,0.21933085501858737,0.08550185873605948
cash_short_term_investments_pct_change_lag_2y,82,0.1524163568773234,0.21933085501858737,0.08550185873605948
free_cash_flow_lag_3y,82,0.1524163568773234,0.21933085501858737,0.08550185873605948
free_cash_flow_to_debt_lag_1y,82,0.1524163568773234,0.1970260223048327,0.10780669144981413
net_income_margin_lag_1y,82,0.1524163568773234,0.20074349442379183,0.10408921933085502
debt_to_operating_cash_flow_lag_3y,81,0.15055762081784388,0.21561338289962825,0.08550185873605948
market_cap_lag_1y,81,0.15055762081784388,0.1895910780669145,0.11152416356877323
operating_cash_flow_absolute_change_lag_2y,81,0.15055762081784388,0.21561338289962825,0.08550185873605948
operating_cash_flow_to_assets_lag_3y,81,0.15055762081784388,0.21561338289962825,0.08550185873605948
operating_cash_flow_to_liabilities_lag_3y,81,0.15055762081784388,0.21561338289962825,0.08550185873605948
ebit_absolute_change_lag_2y,80,0.14869888475836432,0.21561338289962825,0.08178438661710037
ebit_to_assets_lag_3y,80,0.14869888475836432,0.21561338289962825,0.08178438661710037
ebitda_absolute_change_lag_1y,80,0.14869888475836432,0.1970260223048327,0.10037174721189591
net_income_absolute_change_lag_2y,80,0.14869888475836432,0.21561338289962825,0.08178438661710037
operating_cash_flow_to_debt_lag_1y,80,0.14869888475836432,0.19330855018587362,0.10408921933085502
return_on_assets_lag_3y,80,0.14869888475836432,0.21561338289962825,0.08178438661710037
revenue_lag_3y,80,0.14869888475836432,0.21933085501858737,0.07806691449814127
short_term_debt_to_total_debt_lag_1y,80,0.14869888475836432,0.1895910780669145,0.10780669144981413
total_assets_pct_change_lag_2y,80,0.14869888475836432,0.21561338289962825,0.08178438661710037
total_liabilities_pct_change_lag_2y,80,0.14869888475836432,0.21561338289962825,0.08178438661710037
adjusted_price_lag_1y,79,0.14684014869888476,0.17472118959107807,0.11895910780669144
inventory_lag_2y,79,0.14684014869888476,0.22676579925650558,0.06691449814126393
monthly_return_lag_1y,79,0.14684014869888476,0.17472118959107807,0.11895910780669144
operating_cash_flow_lag_3y,79,0.14684014869888476,0.21189591078066913,0.08178438661710037
quick_ratio_lag_2y,79,0.14684014869888476,0.22676579925650558,0.06691449814126393
turnover_lag_1y,79,0.14684014869888476,0.17472118959107807,0.11895910780669144
volume_lag_1y,79,0.14684014869888476,0.17472118959107807,0.11895910780669144
cash_ratio_lag_2y,78,0.1449814126394052,0.22676579925650558,0.06319702602230483
cash_short_term_investments_lag_3y,78,0.1449814126394052,0.21189591078066913,0.07806691449814127
cash_to_assets_lag_3y,78,0.1449814126394052,0.21189591078066913,0.07806691449814127
current_assets_lag_2y,78,0.1449814126394052,0.22676579925650558,0.06319702602230483
current_liabilities_lag_2y,78,0.1449814126394052,0.22676579925650558,0.06319702602230483
current_ratio_lag_2y,78,0.1449814126394052,0.22676579925650558,0.06319702602230483
debt_to_assets_lag_3y,78,0.1449814126394052,0.21189591078066913,0.07806691449814127
ebit_lag_3y,78,0.1449814126394052,0.21189591078066913,0.07806691449814127
liabilities_to_assets_lag_3y,78,0.1449814126394052,0.21189591078066913,0.07806691449814127
long_term_debt_lag_3y,78,0.1449814126394052,0.21189591078066913,0.07806691449814127
total_assets_lag_3y,78,0.1449814126394052,0.21189591078066913,0.07806691449814127
total_debt_lag_3y,78,0.1449814126394052,0.21189591078066913,0.07806691449814127
total_liabilities_lag_3y,78,0.1449814126394052,0.21189591078066913,0.07806691449814127
working_capital_lag_2y,78,0.1449814126394052,0.22676579925650558,0.06319702602230483
working_capital_to_assets_lag_2y,78,0.1449814126394052,0.22676579925650558,0.06319702602230483
working_capital_to_liabilities_lag_2y,78,0.1449814126394052,0.22676579925650558,0.06319702602230483
cash_short_term_investments_pct_change_lag_1y,77,0.14312267657992564,0.1821561338289963,0.10408921933085502
free_cash_flow_absolute_change_lag_1y,77,0.14312267657992564,0.1821561338289963,0.10408921933085502
long_term_debt_to_total_debt_lag_1y,77,0.14312267657992564,0.18587360594795538,0.10037174721189591
net_income_lag_3y,77,0.14312267657992564,0.21189591078066913,0.07434944237918216
shares_outstanding_lag_1y,76,0.1412639405204461,0.18587360594795538,0.09665427509293681
total_assets_pct_change_lag_1y,76,0.1412639405204461,0.1821561338289963,0.10037174721189591
total_liabilities_pct_change_lag_1y,76,0.1412639405204461,0.1821561338289963,0.10037174721189591
ebit_absolute_change_lag_1y,73,0.13568773234200743,0.17472118959107807,0.09665427509293681
operating_cash_flow_absolute_change_lag_1y,73,0.13568773234200743,0.17472118959107807,0.09665427509293681
debt_to_ebitda_lag_2y,72,0.13382899628252787,0.1970260223048327,0.07063197026022305
ebitda_to_assets_lag_2y,72,0.13382899628252787,0.1970260223048327,0.07063197026022305
accounts_receivable_lag_2y,71,0.13197026022304834,0.19330855018587362,0.07063197026022305
net_income_absolute_change_lag_1y,71,0.13197026022304834,0.17472118959107807,0.08921933085501858
capital_expenditure_to_assets_lag_2y,70,0.13011152416356878,0.19330855018587362,0.06691449814126393
free_cash_flow_to_assets_lag_2y,70,0.13011152416356878,0.19330855018587362,0.06691449814126393
inventory_lag_1y,70,0.13011152416356878,0.1821561338289963,0.07806691449814127
quick_ratio_lag_1y,70,0.13011152416356878,0.1821561338289963,0.07806691449814127
asset_turnover_lag_2y,68,0.12639405204460966,0.1895910780669145,0.06319702602230483
ebitda_lag_2y,68,0.12639405204460966,0.18587360594795538,0.06691449814126393
short_term_debt_lag_2y,68,0.12639405204460966,0.1821561338289963,0.07063197026022305
working_capital_to_assets_lag_1y,68,0.12639405204460966,0.1821561338289963,0.07063197026022305
working_capital_to_liabilities_lag_1y,68,0.12639405204460966,0.1821561338289963,0.07063197026022305
cash_ratio_lag_1y,67,0.12453531598513011,0.17843866171003717,0.07063197026022305
current_assets_lag_1y,67,0.12453531598513011,0.17843866171003717,0.07063197026022305
current_liabilities_lag_1y,67,0.12453531598513011,0.17843866171003717,0.07063197026022305
current_ratio_lag_1y,67,0.12453531598513011,0.17843866171003717,0.07063197026022305
working_capital_lag_1y,67,0.12453531598513011,0.17843866171003717,0.07063197026022305
capital_expenditures_lag_2y,66,0.12267657992565056,0.1821561338289963,0.06319702602230483
debt_to_ebitda_lag_1y,66,0.12267657992565056,0.17100371747211895,0.07434944237918216
debt_to_operating_cash_flow_lag_2y,66,0.12267657992565056,0.1821561338289963,0.06319702602230483
ebit_to_assets_lag_2y,66,0.12267657992565056,0.1821561338289963,0.06319702602230483
ebitda_lag_1y,66,0.12267657992565056,0.17100371747211895,0.07434944237918216
ebitda_to_assets_lag_1y,66,0.12267657992565056,0.17100371747211895,0.07434944237918216
free_cash_flow_lag_2y,66,0.12267657992565056,0.1821561338289963,0.06319702602230483
operating_cash_flow_to_assets_lag_2y,66,0.12267657992565056,0.1821561338289963,0.06319702602230483
operating_cash_flow_to_liabilities_lag_2y,66,0.12267657992565056,0.1821561338289963,0.06319702602230483
return_on_assets_lag_2y,66,0.12267657992565056,0.1821561338289963,0.06319702602230483
cash_short_term_investments_lag_2y,65,0.120817843866171,0.17843866171003717,0.06319702602230483
cash_to_assets_lag_2y,65,0.120817843866171,0.17843866171003717,0.06319702602230483
debt_to_assets_lag_2y,65,0.120817843866171,0.17843866171003717,0.06319702602230483
liabilities_to_assets_lag_2y,65,0.120817843866171,0.17843866171003717,0.06319702602230483
long_term_debt_lag_2y,65,0.120817843866171,0.17843866171003717,0.06319702602230483
total_assets_lag_2y,65,0.120817843866171,0.17843866171003717,0.06319702602230483
total_debt_lag_2y,65,0.120817843866171,0.17843866171003717,0.06319702602230483
total_liabilities_lag_2y,65,0.120817843866171,0.17843866171003717,0.06319702602230483
asset_turnover_lag_1y,64,0.11895910780669144,0.16356877323420074,0.07434944237918216
capital_expenditure_to_assets_lag_1y,63,0.1171003717472119,0.1524163568773234,0.08178438661710037
capital_expenditures_lag_1y,63,0.1171003717472119,0.1524163568773234,0.08178438661710037
free_cash_flow_lag_1y,63,0.1171003717472119,0.1524163568773234,0.08178438661710037
free_cash_flow_to_assets_lag_1y,63,0.1171003717472119,0.1524163568773234,0.08178438661710037
revenue_lag_1y,63,0.1171003717472119,0.16356877323420074,0.07063197026022305
revenue_lag_2y,63,0.1171003717472119,0.17843866171003717,0.055762081784386616
ebit_lag_2y,62,0.11524163568773234,0.17100371747211895,0.05947955390334572
operating_cash_flow_lag_2y,62,0.11524163568773234,0.17100371747211895,0.05947955390334572
net_income_lag_2y,61,0.11338289962825279,0.17100371747211895,0.055762081784386616
accounts_receivable_lag_1y,60,0.11152416356877323,0.14869888475836432,0.07434944237918216
debt_to_operating_cash_flow_lag_1y,60,0.11152416356877323,0.14869888475836432,0.07434944237918216
ebit_lag_1y,60,0.11152416356877323,0.14869888475836432,0.07434944237918216
ebit_to_assets_lag_1y,60,0.11152416356877323,0.14869888475836432,0.07434944237918216
operating_cash_flow_lag_1y,60,0.11152416356877323,0.14869888475836432,0.07434944237918216
operating_cash_flow_to_assets_lag_1y,60,0.11152416356877323,0.14869888475836432,0.07434944237918216
operating_cash_flow_to_liabilities_lag_1y,60,0.11152416356877323,0.14869888475836432,0.07434944237918216
return_on_assets_lag_1y,60,0.11152416356877323,0.14869888475836432,0.07434944237918216
net_income_lag_1y,59,0.10966542750929369,0.14869888475836432,0.07063197026022305
short_term_debt_lag_1y,57,0.10594795539033457,0.13382899628252787,0.07806691449814127
cash_to_assets_lag_1y,55,0.10223048327137546,0.13382899628252787,0.07063197026022305
debt_to_assets_lag_1y,55,0.10223048327137546,0.13382899628252787,0.07063197026022305
liabilities_to_assets_lag_1y,55,0.10223048327137546,0.13382899628252787,0.07063197026022305
long_term_debt_lag_1y,55,0.10223048327137546,0.13382899628252787,0.07063197026022305
total_debt_lag_1y,55,0.10223048327137546,0.13382899628252787,0.07063197026022305
total_liabilities_lag_1y,55,0.10223048327137546,0.13382899628252787,0.07063197026022305
cash_short_term_investments_lag_1y,54,0.10037174721189591,0.13011152416356878,0.07063197026022305
total_assets_lag_1y,54,0.10037174721189591,0.13011152416356878,0.07063197026022305
credit_spread_change_lag_1y,0,0.0,0.0,0.0
credit_spread_change_lag_2y,0,0.0,0.0,0.0
credit_spread_change_lag_3y,0,0.0,0.0,0.0
credit_spread_lag_1y,0,0.0,0.0,0.0
credit_spread_lag_2y,0,0.0,0.0,0.0
credit_spread_lag_3y,0,0.0,0.0,0.0
effective_federal_funds_rate_lag_1y,0,0.0,0.0,0.0
effective_federal_funds_rate_lag_2y,0,0.0,0.0,0.0
effective_federal_funds_rate_lag_3y,0,0.0,0.0,0.0
inflation_cpi_yoy_lag_1y,0,0.0,0.0,0.0
inflation_cpi_yoy_lag_2y,0,0.0,0.0,0.0
inflation_cpi_yoy_lag_3y,0,0.0,0.0,0.0
real_gdp_growth_lag_1y,0,0.0,0.0,0.0
real_gdp_growth_lag_2y,0,0.0,0.0,0.0
real_gdp_growth_lag_3y,0,0.0,0.0,0.0
real_policy_rate_lag_1y,0,0.0,0.0,0.0
real_policy_rate_lag_2y,0,0.0,0.0,0.0
real_policy_rate_lag_3y,0,0.0,0.0,0.0
treasury_10y_rate_lag_1y,0,0.0,0.0,0.0
treasury_10y_rate_lag_2y,0,0.0,0.0,0.0
treasury_10y_rate_lag_3y,0,0.0,0.0,0.0
treasury_3m_rate_lag_1y,0,0.0,0.0,0.0
treasury_3m_rate_lag_2y,0,0.0,0.0,0.0
treasury_3m_rate_lag_3y,0,0.0,0.0,0.0
unemployment_rate_lag_1y,0,0.0,0.0,0.0
unemployment_rate_lag_2y,0,0.0,0.0,0.0
unemployment_rate_lag_3y,0,0.0,0.0,0.0
vix_change_lag_1y,0,0.0,0.0,0.0
vix_change_lag_2y,0,0.0,0.0,0.0
vix_change_lag_3y,0,0.0,0.0,0.0
vix_lag_1y,0,0.0,0.0,0.0
vix_lag_2y,0,0.0,0.0,0.0
vix_lag_3y,0,0.0,0.0,0.0
yield_curve_inverted_lag_1y,0,0.0,0.0,0.0
yield_curve_inverted_lag_2y,0,0.0,0.0,0.0
yield_curve_inverted_lag_3y,0,0.0,0.0,0.0
yield_curve_slope_lag_1y,0,0.0,0.0,0.0
yield_curve_slope_lag_2y,0,0.0,0.0,0.0
yield_curve_slope_lag_3y,0,0.0,0.0,0.0
