column,base_feature,family,lag_label,cutoff_years_before_prediction,formula,units,missing_policy,source_note
total_assets_lag_1y,total_assets,annual_original,1,0,latest fiscal observation at snapshot,Bloomberg source units,NaN retained; zero-denominator ratios and incomplete rolling windows are NaN,
total_liabilities_lag_1y,total_liabilities,annual_original,1,0,latest fiscal observation at snapshot,Bloomberg source units,NaN retained; zero-denominator ratios and incomplete rolling windows are NaN,
total_debt_lag_1y,total_debt,annual_original,1,0,latest fiscal observation at snapshot,Bloomberg source units,NaN retained; zero-denominator ratios and incomplete rolling windows are NaN,
short_term_debt_lag_1y,short_term_debt,annual_original,1,0,latest fiscal observation at snapshot,Bloomberg source units,NaN retained; zero-denominator ratios and incomplete rolling windows are NaN,
long_term_debt_lag_1y,long_term_debt,annual_original,1,0,latest fiscal observation at snapshot,Bloomberg source units,NaN retained; zero-denominator ratios and incomplete rolling windows are NaN,
cash_short_term_investments_lag_1y,cash_short_term_investments,annual_original,1,0,latest fiscal observation at snapshot,Bloomberg source units,NaN retained; zero-denominator ratios and incomplete rolling windows are NaN,
current_assets_lag_1y,current_assets,annual_original,1,0,latest fiscal observation at snapshot,Bloomberg source units,NaN retained; zero-denominator ratios and incomplete rolling windows are NaN,
current_liabilities_lag_1y,current_liabilities,annual_original,1,0,latest fiscal observation at snapshot,Bloomberg source units,NaN retained; zero-denominator ratios and incomplete rolling windows are NaN,
shareholders_equity_lag_1y,shareholders_equity,annual_original,1,0,latest fiscal observation at snapshot,Bloomberg source units,NaN retained; zero-denominator ratios and incomplete rolling windows are NaN,
accounts_receivable_lag_1y,accounts_receivable,annual_original,1,0,latest fiscal observation at snapshot,Bloomberg source units,NaN retained; zero-denominator ratios and incomplete rolling windows are NaN,
inventory_lag_1y,inventory,annual_original,1,0,latest fiscal observation at snapshot,Bloomberg source units,NaN retained; zero-denominator ratios and incomplete rolling windows are NaN,
working_capital_lag_1y,working_capital,annual_original,1,0,latest fiscal observation at snapshot,Bloomberg source units,NaN retained; zero-denominator ratios and incomplete rolling windows are NaN,
revenue_lag_1y,revenue,annual_original,1,0,latest fiscal observation at snapshot,Bloomberg source units,NaN retained; zero-denominator ratios and incomplete rolling windows are NaN,
ebit_lag_1y,ebit,annual_original,1,0,latest fiscal observation at snapshot,Bloomberg source units,NaN retained; zero-denominator ratios and incomplete rolling windows are NaN,
ebitda_lag_1y,ebitda,annual_original,1,0,latest fiscal observation at snapshot,Bloomberg source units,NaN retained; zero-denominator ratios and incomplete rolling windows are NaN,
net_income_lag_1y,net_income,annual_original,1,0,latest fiscal observation at snapshot,Bloomberg source units,NaN retained; zero-denominator ratios and incomplete rolling windows are NaN,
interest_expense_lag_1y,interest_expense,annual_original,1,0,latest fiscal observation at snapshot,Bloomberg source units,NaN retained; zero-denominator ratios and incomplete rolling windows are NaN,
depreciation_amortization_lag_1y,depreciation_amortization,annual_original,1,0,latest fiscal observation at snapshot,Bloomberg source units,NaN retained; zero-denominator ratios and incomplete rolling windows are NaN,
operating_cash_flow_lag_1y,operating_cash_flow,annual_original,1,0,latest fiscal observation at snapshot,Bloomberg source units,NaN retained; zero-denominator ratios and incomplete rolling windows are NaN,
capital_expenditures_lag_1y,capital_expenditures,annual_original,1,0,latest fiscal observation at snapshot,Bloomberg source units,NaN retained; zero-denominator ratios and incomplete rolling windows are NaN,
free_cash_flow_lag_1y,free_cash_flow,annual_original,1,0,latest fiscal observation at snapshot,Bloomberg source units,NaN retained; zero-denominator ratios and incomplete rolling windows are NaN,
total_assets_pct_change_lag_1y,total_assets_pct_change,annual_trend,1,0,total_assets: current / previous - 1; fiscal gap 300-430 days,fractional change,NaN retained; zero-denominator ratios and incomplete rolling windows are NaN,
total_liabilities_pct_change_lag_1y,total_liabilities_pct_change,annual_trend,1,0,total_liabilities: current / previous - 1; fiscal gap 300-430 days,fractional change,NaN retained; zero-denominator ratios and incomplete rolling windows are NaN,
total_debt_pct_change_lag_1y,total_debt_pct_change,annual_trend,1,0,total_debt: current / previous - 1; fiscal gap 300-430 days,fractional change,NaN retained; zero-denominator ratios and incomplete rolling windows are NaN,
short_term_debt_pct_change_lag_1y,short_term_debt_pct_change,annual_trend,1,0,short_term_debt: current / previous - 1; fiscal gap 300-430 days,fractional change,NaN retained; zero-denominator ratios and incomplete rolling windows are NaN,
long_term_debt_pct_change_lag_1y,long_term_debt_pct_change,annual_trend,1,0,long_term_debt: current / previous - 1; fiscal gap 300-430 days,fractional change,NaN retained; zero-denominator ratios and incomplete rolling windows are NaN,
cash_short_term_investments_pct_change_lag_1y,cash_short_term_investments_pct_change,annual_trend,1,0,cash_short_term_investments: current / previous - 1; fiscal gap 300-430 days,fractional change,NaN retained; zero-denominator ratios and incomplete rolling windows are NaN,
current_assets_pct_change_lag_1y,current_assets_pct_change,annual_trend,1,0,current_assets: current / previous - 1; fiscal gap 300-430 days,fractional change,NaN retained; zero-denominator ratios and incomplete rolling windows are NaN,
current_liabilities_pct_change_lag_1y,current_liabilities_pct_change,annual_trend,1,0,current_liabilities: current / previous - 1; fiscal gap 300-430 days,fractional change,NaN retained; zero-denominator ratios and incomplete rolling windows are NaN,
shareholders_equity_pct_change_lag_1y,shareholders_equity_pct_change,annual_trend,1,0,shareholders_equity: current / previous - 1; fiscal gap 300-430 days,fractional change,NaN retained; zero-denominator ratios and incomplete rolling windows are NaN,
accounts_receivable_pct_change_lag_1y,accounts_receivable_pct_change,annual_trend,1,0,accounts_receivable: current / previous - 1; fiscal gap 300-430 days,fractional change,NaN retained; zero-denominator ratios and incomplete rolling windows are NaN,
inventory_pct_change_lag_1y,inventory_pct_change,annual_trend,1,0,inventory: current / previous - 1; fiscal gap 300-430 days,fractional change,NaN retained; zero-denominator ratios and incomplete rolling windows are NaN,
working_capital_absolute_change_lag_1y,working_capital_absolute_change,annual_trend,1,0,working_capital: current - previous; fiscal gap 300-430 days,Bloomberg source units,NaN retained; zero-denominator ratios and incomplete rolling windows are NaN,
revenue_pct_change_lag_1y,revenue_pct_change,annual_trend,1,0,revenue: current / previous - 1; fiscal gap 300-430 days,fractional change,NaN retained; zero-denominator ratios and incomplete rolling windows are NaN,
ebit_absolute_change_lag_1y,ebit_absolute_change,annual_trend,1,0,ebit: current - previous; fiscal gap 300-430 days,Bloomberg source units,NaN retained; zero-denominator ratios and incomplete rolling windows are NaN,
ebitda_absolute_change_lag_1y,ebitda_absolute_change,annual_trend,1,0,ebitda: current - previous; fiscal gap 300-430 days,Bloomberg source units,NaN retained; zero-denominator ratios and incomplete rolling windows are NaN,
net_income_absolute_change_lag_1y,net_income_absolute_change,annual_trend,1,0,net_income: current - previous; fiscal gap 300-430 days,Bloomberg source units,NaN retained; zero-denominator ratios and incomplete rolling windows are NaN,
interest_expense_pct_change_lag_1y,interest_expense_pct_change,annual_trend,1,0,interest_expense: current / previous - 1; fiscal gap 300-430 days,fractional change,NaN retained; zero-denominator ratios and incomplete rolling windows are NaN,
depreciation_amortization_pct_change_lag_1y,depreciation_amortization_pct_change,annual_trend,1,0,depreciation_amortization: current / previous - 1; fiscal gap 300-430 days,fractional change,NaN retained; zero-denominator ratios and incomplete rolling windows are NaN,
operating_cash_flow_absolute_change_lag_1y,operating_cash_flow_absolute_change,annual_trend,1,0,operating_cash_flow: current - previous; fiscal gap 300-430 days,Bloomberg source units,NaN retained; zero-denominator ratios and incomplete rolling windows are NaN,
capital_expenditures_pct_change_lag_1y,capital_expenditures_pct_change,annual_trend,1,0,capital_expenditures: current / previous - 1; fiscal gap 300-430 days,fractional change,NaN retained; zero-denominator ratios and incomplete rolling windows are NaN,
free_cash_flow_absolute_change_lag_1y,free_cash_flow_absolute_change,annual_trend,1,0,free_cash_flow: current - previous; fiscal gap 300-430 days,Bloomberg source units,NaN retained; zero-denominator ratios and incomplete rolling windows are NaN,
debt_to_assets_lag_1y,debt_to_assets,financial_ratio,1,0,total_debt / total_assets,ratio,NaN retained; zero-denominator ratios and incomplete rolling windows are NaN,
liabilities_to_assets_lag_1y,liabilities_to_assets,financial_ratio,1,0,total_liabilities / total_assets,ratio,NaN retained; zero-denominator ratios and incomplete rolling windows are NaN,
debt_to_equity_lag_1y,debt_to_equity,financial_ratio,1,0,total_debt / shareholders_equity,ratio,NaN retained; zero-denominator ratios and incomplete rolling windows are NaN,
liabilities_to_equity_lag_1y,liabilities_to_equity,financial_ratio,1,0,total_liabilities / shareholders_equity,ratio,NaN retained; zero-denominator ratios and incomplete rolling windows are NaN,
short_term_debt_to_total_debt_lag_1y,short_term_debt_to_total_debt,financial_ratio,1,0,short_term_debt / total_debt,ratio,NaN retained; zero-denominator ratios and incomplete rolling windows are NaN,
long_term_debt_to_total_debt_lag_1y,long_term_debt_to_total_debt,financial_ratio,1,0,long_term_debt / total_debt,ratio,NaN retained; zero-denominator ratios and incomplete rolling windows are NaN,
current_ratio_lag_1y,current_ratio,financial_ratio,1,0,current_assets / current_liabilities,ratio,NaN retained; zero-denominator ratios and incomplete rolling windows are NaN,
quick_ratio_lag_1y,quick_ratio,financial_ratio,1,0,(current_assets - inventory) / current_liabilities,ratio,NaN retained; zero-denominator ratios and incomplete rolling windows are NaN,
cash_ratio_lag_1y,cash_ratio,financial_ratio,1,0,cash_short_term_investments / current_liabilities,ratio,NaN retained; zero-denominator ratios and incomplete rolling windows are NaN,
cash_to_assets_lag_1y,cash_to_assets,financial_ratio,1,0,cash_short_term_investments / total_assets,ratio,NaN retained; zero-denominator ratios and incomplete rolling windows are NaN,
working_capital_to_assets_lag_1y,working_capital_to_assets,financial_ratio,1,0,working_capital / total_assets,ratio,NaN retained; zero-denominator ratios and incomplete rolling windows are NaN,
working_capital_to_liabilities_lag_1y,working_capital_to_liabilities,financial_ratio,1,0,working_capital / total_liabilities,ratio,NaN retained; zero-denominator ratios and incomplete rolling windows are NaN,
ebit_margin_lag_1y,ebit_margin,financial_ratio,1,0,ebit / revenue,ratio,NaN retained; zero-denominator ratios and incomplete rolling windows are NaN,
ebitda_margin_lag_1y,ebitda_margin,financial_ratio,1,0,ebitda / revenue,ratio,NaN retained; zero-denominator ratios and incomplete rolling windows are NaN,
net_income_margin_lag_1y,net_income_margin,financial_ratio,1,0,net_income / revenue,ratio,NaN retained; zero-denominator ratios and incomplete rolling windows are NaN,
return_on_assets_lag_1y,return_on_assets,financial_ratio,1,0,net_income / total_assets,ratio,NaN retained; zero-denominator ratios and incomplete rolling windows are NaN,
return_on_equity_lag_1y,return_on_equity,financial_ratio,1,0,net_income / shareholders_equity,ratio,NaN retained; zero-denominator ratios and incomplete rolling windows are NaN,
ebit_to_assets_lag_1y,ebit_to_assets,financial_ratio,1,0,ebit / total_assets,ratio,NaN retained; zero-denominator ratios and incomplete rolling windows are NaN,
ebitda_to_assets_lag_1y,ebitda_to_assets,financial_ratio,1,0,ebitda / total_assets,ratio,NaN retained; zero-denominator ratios and incomplete rolling windows are NaN,
operating_cash_flow_to_assets_lag_1y,operating_cash_flow_to_assets,financial_ratio,1,0,operating_cash_flow / total_assets,ratio,NaN retained; zero-denominator ratios and incomplete rolling windows are NaN,
operating_cash_flow_to_liabilities_lag_1y,operating_cash_flow_to_liabilities,financial_ratio,1,0,operating_cash_flow / total_liabilities,ratio,NaN retained; zero-denominator ratios and incomplete rolling windows are NaN,
operating_cash_flow_to_debt_lag_1y,operating_cash_flow_to_debt,financial_ratio,1,0,operating_cash_flow / total_debt,ratio,NaN retained; zero-denominator ratios and incomplete rolling windows are NaN,
free_cash_flow_to_assets_lag_1y,free_cash_flow_to_assets,financial_ratio,1,0,free_cash_flow / total_assets,ratio,NaN retained; zero-denominator ratios and incomplete rolling windows are NaN,
free_cash_flow_to_debt_lag_1y,free_cash_flow_to_debt,financial_ratio,1,0,free_cash_flow / total_debt,ratio,NaN retained; zero-denominator ratios and incomplete rolling windows are NaN,
interest_coverage_lag_1y,interest_coverage,financial_ratio,1,0,ebit / interest_expense,ratio,NaN retained; zero-denominator ratios and incomplete rolling windows are NaN,
ebitda_interest_coverage_lag_1y,ebitda_interest_coverage,financial_ratio,1,0,ebitda / interest_expense,ratio,NaN retained; zero-denominator ratios and incomplete rolling windows are NaN,
cash_flow_interest_coverage_lag_1y,cash_flow_interest_coverage,financial_ratio,1,0,operating_cash_flow / interest_expense,ratio,NaN retained; zero-denominator ratios and incomplete rolling windows are NaN,
debt_to_ebitda_lag_1y,debt_to_ebitda,financial_ratio,1,0,total_debt / ebitda,ratio,NaN retained; zero-denominator ratios and incomplete rolling windows are NaN,
debt_to_operating_cash_flow_lag_1y,debt_to_operating_cash_flow,financial_ratio,1,0,total_debt / operating_cash_flow,ratio,NaN retained; zero-denominator ratios and incomplete rolling windows are NaN,
asset_turnover_lag_1y,asset_turnover,financial_ratio,1,0,revenue / total_assets,ratio,NaN retained; zero-denominator ratios and incomplete rolling windows are NaN,
receivables_to_revenue_lag_1y,receivables_to_revenue,financial_ratio,1,0,accounts_receivable / revenue,ratio,NaN retained; zero-denominator ratios and incomplete rolling windows are NaN,
inventory_to_revenue_lag_1y,inventory_to_revenue,financial_ratio,1,0,inventory / revenue,ratio,NaN retained; zero-denominator ratios and incomplete rolling windows are NaN,
capital_expenditure_to_assets_lag_1y,capital_expenditure_to_assets,financial_ratio,1,0,capital_expenditures / total_assets,ratio,NaN retained; zero-denominator ratios and incomplete rolling windows are NaN,
capital_expenditure_to_revenue_lag_1y,capital_expenditure_to_revenue,financial_ratio,1,0,capital_expenditures / revenue,ratio,NaN retained; zero-denominator ratios and incomplete rolling windows are NaN,
market_to_book_lag_1y,market_to_book,financial_ratio,1,0,market_cap / shareholders_equity,ratio,NaN retained; zero-denominator ratios and incomplete rolling windows are NaN,
book_to_market_lag_1y,book_to_market,financial_ratio,1,0,shareholders_equity / market_cap,ratio,NaN retained; zero-denominator ratios and incomplete rolling windows are NaN,
market_cap_to_assets_lag_1y,market_cap_to_assets,financial_ratio,1,0,market_cap / total_assets,ratio,NaN retained; zero-denominator ratios and incomplete rolling windows are NaN,
enterprise_value_to_assets_lag_1y,enterprise_value_to_assets,financial_ratio,1,0,(market_cap + total_debt - cash_short_term_investments) / total_assets,ratio,NaN retained; zero-denominator ratios and incomplete rolling windows are NaN,
enterprise_value_to_ebitda_lag_1y,enterprise_value_to_ebitda,financial_ratio,1,0,(market_cap + total_debt - cash_short_term_investments) / ebitda,ratio,NaN retained; zero-denominator ratios and incomplete rolling windows are NaN,
adjusted_price_lag_1y,adjusted_price,market_original,1,0,last observation in the snapshot's complete calendar month,Bloomberg source units,NaN retained; zero-denominator ratios and incomplete rolling windows are NaN,
market_cap_lag_1y,market_cap,market_original,1,0,last observation in the snapshot's complete calendar month,Bloomberg source units,NaN retained; zero-denominator ratios and incomplete rolling windows are NaN,
shares_outstanding_lag_1y,shares_outstanding,market_original,1,0,last observation in the snapshot's complete calendar month,Bloomberg source units,NaN retained; zero-denominator ratios and incomplete rolling windows are NaN,
beta_lag_1y,beta,market_original,1,0,last observation in the snapshot's complete calendar month,Bloomberg source units,NaN retained; zero-denominator ratios and incomplete rolling windows are NaN,
volume_lag_1y,volume,market_original,1,0,last observation in the snapshot's complete calendar month,Bloomberg source units,NaN retained; zero-denominator ratios and incomplete rolling windows are NaN,
turnover_lag_1y,turnover,market_original,1,0,last observation in the snapshot's complete calendar month,Bloomberg source units,NaN retained; zero-denominator ratios and incomplete rolling windows are NaN,
bid_ask_spread_lag_1y,bid_ask_spread,market_original,1,0,last observation in the snapshot's complete calendar month,Bloomberg source units,NaN retained; zero-denominator ratios and incomplete rolling windows are NaN,
adjusted_price_pct_change_1y_lag_1y,adjusted_price_pct_change_1y,market_trend,1,0,adjusted_price[t] / adjusted_price[t - 12 calendar months] - 1,fractional change,NaN retained; zero-denominator ratios and incomplete rolling windows are NaN,
adjusted_price_pct_change_2y_lag_1y,adjusted_price_pct_change_2y,market_trend,1,0,adjusted_price[t] / adjusted_price[t - 24 calendar months] - 1,fractional change,NaN retained; zero-denominator ratios and incomplete rolling windows are NaN,
adjusted_price_pct_change_3y_lag_1y,adjusted_price_pct_change_3y,market_trend,1,0,adjusted_price[t] / adjusted_price[t - 36 calendar months] - 1,fractional change,NaN retained; zero-denominator ratios and incomplete rolling windows are NaN,
market_cap_pct_change_1y_lag_1y,market_cap_pct_change_1y,market_trend,1,0,market_cap[t] / market_cap[t - 12 calendar months] - 1,fractional change,NaN retained; zero-denominator ratios and incomplete rolling windows are NaN,
market_cap_pct_change_2y_lag_1y,market_cap_pct_change_2y,market_trend,1,0,market_cap[t] / market_cap[t - 24 calendar months] - 1,fractional change,NaN retained; zero-denominator ratios and incomplete rolling windows are NaN,
market_cap_pct_change_3y_lag_1y,market_cap_pct_change_3y,market_trend,1,0,market_cap[t] / market_cap[t - 36 calendar months] - 1,fractional change,NaN retained; zero-denominator ratios and incomplete rolling windows are NaN,
shares_outstanding_pct_change_1y_lag_1y,shares_outstanding_pct_change_1y,market_trend,1,0,shares_outstanding[t] / shares_outstanding[t - 12 calendar months] - 1,fractional change,NaN retained; zero-denominator ratios and incomplete rolling windows are NaN,
shares_outstanding_pct_change_2y_lag_1y,shares_outstanding_pct_change_2y,market_trend,1,0,shares_outstanding[t] / shares_outstanding[t - 24 calendar months] - 1,fractional change,NaN retained; zero-denominator ratios and incomplete rolling windows are NaN,
shares_outstanding_pct_change_3y_lag_1y,shares_outstanding_pct_change_3y,market_trend,1,0,shares_outstanding[t] / shares_outstanding[t - 36 calendar months] - 1,fractional change,NaN retained; zero-denominator ratios and incomplete rolling windows are NaN,
volume_pct_change_1y_lag_1y,volume_pct_change_1y,market_trend,1,0,volume[t] / volume[t - 12 calendar months] - 1,fractional change,NaN retained; zero-denominator ratios and incomplete rolling windows are NaN,
volume_pct_change_2y_lag_1y,volume_pct_change_2y,market_trend,1,0,volume[t] / volume[t - 24 calendar months] - 1,fractional change,NaN retained; zero-denominator ratios and incomplete rolling windows are NaN,
volume_pct_change_3y_lag_1y,volume_pct_change_3y,market_trend,1,0,volume[t] / volume[t - 36 calendar months] - 1,fractional change,NaN retained; zero-denominator ratios and incomplete rolling windows are NaN,
monthly_return_lag_1y,monthly_return,market_derived,1,0,"adjusted_price.pct_change(1); complete monthly grid, no fill, full rolling windows",see formula/source units,NaN retained; zero-denominator ratios and incomplete rolling windows are NaN,
return_3m_lag_1y,return_3m,market_derived,1,0,"adjusted_price.pct_change(3); complete monthly grid, no fill, full rolling windows",see formula/source units,NaN retained; zero-denominator ratios and incomplete rolling windows are NaN,
return_6m_lag_1y,return_6m,market_derived,1,0,"adjusted_price.pct_change(6); complete monthly grid, no fill, full rolling windows",see formula/source units,NaN retained; zero-denominator ratios and incomplete rolling windows are NaN,
return_12m_lag_1y,return_12m,market_derived,1,0,"adjusted_price.pct_change(12); complete monthly grid, no fill, full rolling windows",see formula/source units,NaN retained; zero-denominator ratios and incomplete rolling windows are NaN,
volatility_3m_lag_1y,volatility_3m,market_derived,1,0,"monthly_return.rolling(3).std() * sqrt(12); complete monthly grid, no fill, full rolling windows",see formula/source units,NaN retained; zero-denominator ratios and incomplete rolling windows are NaN,
volatility_6m_lag_1y,volatility_6m,market_derived,1,0,"monthly_return.rolling(6).std() * sqrt(12); complete monthly grid, no fill, full rolling windows",see formula/source units,NaN retained; zero-denominator ratios and incomplete rolling windows are NaN,
volatility_12m_lag_1y,volatility_12m,market_derived,1,0,"monthly_return.rolling(12).std() * sqrt(12); complete monthly grid, no fill, full rolling windows",see formula/source units,NaN retained; zero-denominator ratios and incomplete rolling windows are NaN,
rolling_max_price_12m_lag_1y,rolling_max_price_12m,market_derived,1,0,"adjusted_price.rolling(12).max(); complete monthly grid, no fill, full rolling windows",see formula/source units,NaN retained; zero-denominator ratios and incomplete rolling windows are NaN,
drawdown_12m_lag_1y,drawdown_12m,market_derived,1,0,"adjusted_price / rolling_max_price_12m - 1; complete monthly grid, no fill, full rolling windows",see formula/source units,NaN retained; zero-denominator ratios and incomplete rolling windows are NaN,
maximum_drawdown_12m_lag_1y,maximum_drawdown_12m,market_derived,1,0,"drawdown_12m.rolling(12).min(); complete monthly grid, no fill, full rolling windows",see formula/source units,NaN retained; zero-denominator ratios and incomplete rolling windows are NaN,
average_volume_12m_lag_1y,average_volume_12m,market_derived,1,0,"volume.rolling(12).mean(); complete monthly grid, no fill, full rolling windows",see formula/source units,NaN retained; zero-denominator ratios and incomplete rolling windows are NaN,
volume_volatility_12m_lag_1y,volume_volatility_12m,market_derived,1,0,"volume.rolling(12).std(); complete monthly grid, no fill, full rolling windows",see formula/source units,NaN retained; zero-denominator ratios and incomplete rolling windows are NaN,
average_market_cap_12m_lag_1y,average_market_cap_12m,market_derived,1,0,"market_cap.rolling(12).mean(); complete monthly grid, no fill, full rolling windows",see formula/source units,NaN retained; zero-denominator ratios and incomplete rolling windows are NaN,
market_cap_growth_12m_lag_1y,market_cap_growth_12m,market_derived,1,0,"market_cap.pct_change(12); complete monthly grid, no fill, full rolling windows",see formula/source units,NaN retained; zero-denominator ratios and incomplete rolling windows are NaN,
inflation_cpi_yoy_lag_1y,inflation_cpi_yoy,macro_original,1,0,CPI YOY Index / PX_LAST; latest observation by month-end,Bloomberg source units,NaN retained; zero-denominator ratios and incomplete rolling windows are NaN,
real_gdp_growth_lag_1y,real_gdp_growth,macro_original,1,0,GDP CQOQ Index / PX_LAST; latest observation by month-end,Bloomberg source units,NaN retained; zero-denominator ratios and incomplete rolling windows are NaN,
unemployment_rate_lag_1y,unemployment_rate,macro_original,1,0,USURTOT Index / PX_LAST; latest observation by month-end,Bloomberg source units,NaN retained; zero-denominator ratios and incomplete rolling windows are NaN,
effective_federal_funds_rate_lag_1y,effective_federal_funds_rate,macro_original,1,0,FEDL01 Index / PX_LAST; latest observation by month-end,Bloomberg source units,NaN retained; zero-denominator ratios and incomplete rolling windows are NaN,
treasury_3m_rate_lag_1y,treasury_3m_rate,macro_original,1,0,USGG3M Index / PX_LAST; latest observation by month-end,Bloomberg source units,NaN retained; zero-denominator ratios and incomplete rolling windows are NaN,
treasury_10y_rate_lag_1y,treasury_10y_rate,macro_original,1,0,USGG10YR Index / PX_LAST; latest observation by month-end,Bloomberg source units,NaN retained; zero-denominator ratios and incomplete rolling windows are NaN,
credit_spread_lag_1y,credit_spread,macro_original,1,0,LUACTRUU Index / PX_LAST; latest observation by month-end,Bloomberg source units,NaN retained; zero-denominator ratios and incomplete rolling windows are NaN,"LUACTRUU PX_LAST is a corporate-bond total-return index, not a yield spread; requested alias retained."
vix_lag_1y,vix,macro_original,1,0,VIX Index / PX_LAST; latest observation by month-end,Bloomberg source units,NaN retained; zero-denominator ratios and incomplete rolling windows are NaN,
yield_curve_slope_lag_1y,yield_curve_slope,macro_derived,1,0,treasury_10y_rate - treasury_3m_rate; differences use month-end levels,source-unit difference,NaN retained; zero-denominator ratios and incomplete rolling windows are NaN,
yield_curve_inverted_lag_1y,yield_curve_inverted,macro_derived,1,0,treasury_10y_rate < treasury_3m_rate; differences use month-end levels,0/1,NaN retained; zero-denominator ratios and incomplete rolling windows are NaN,
real_policy_rate_lag_1y,real_policy_rate,macro_derived,1,0,effective_federal_funds_rate - inflation_cpi_yoy; differences use month-end levels,source-unit difference,NaN retained; zero-denominator ratios and incomplete rolling windows are NaN,
credit_spread_change_lag_1y,credit_spread_change,macro_derived,1,0,credit_spread.diff(); differences use month-end levels,source-unit difference,NaN retained; zero-denominator ratios and incomplete rolling windows are NaN,"LUACTRUU PX_LAST is a corporate-bond total-return index, not a yield spread; requested alias retained."
vix_change_lag_1y,vix_change,macro_derived,1,0,vix.diff(); differences use month-end levels,source-unit difference,NaN retained; zero-denominator ratios and incomplete rolling windows are NaN,
total_assets_lag_2y,total_assets,annual_original,2,1,latest fiscal observation at snapshot,Bloomberg source units,NaN retained; zero-denominator ratios and incomplete rolling windows are NaN,
total_liabilities_lag_2y,total_liabilities,annual_original,2,1,latest fiscal observation at snapshot,Bloomberg source units,NaN retained; zero-denominator ratios and incomplete rolling windows are NaN,
total_debt_lag_2y,total_debt,annual_original,2,1,latest fiscal observation at snapshot,Bloomberg source units,NaN retained; zero-denominator ratios and incomplete rolling windows are NaN,
short_term_debt_lag_2y,short_term_debt,annual_original,2,1,latest fiscal observation at snapshot,Bloomberg source units,NaN retained; zero-denominator ratios and incomplete rolling windows are NaN,
long_term_debt_lag_2y,long_term_debt,annual_original,2,1,latest fiscal observation at snapshot,Bloomberg source units,NaN retained; zero-denominator ratios and incomplete rolling windows are NaN,
cash_short_term_investments_lag_2y,cash_short_term_investments,annual_original,2,1,latest fiscal observation at snapshot,Bloomberg source units,NaN retained; zero-denominator ratios and incomplete rolling windows are NaN,
current_assets_lag_2y,current_assets,annual_original,2,1,latest fiscal observation at snapshot,Bloomberg source units,NaN retained; zero-denominator ratios and incomplete rolling windows are NaN,
current_liabilities_lag_2y,current_liabilities,annual_original,2,1,latest fiscal observation at snapshot,Bloomberg source units,NaN retained; zero-denominator ratios and incomplete rolling windows are NaN,
shareholders_equity_lag_2y,shareholders_equity,annual_original,2,1,latest fiscal observation at snapshot,Bloomberg source units,NaN retained; zero-denominator ratios and incomplete rolling windows are NaN,
accounts_receivable_lag_2y,accounts_receivable,annual_original,2,1,latest fiscal observation at snapshot,Bloomberg source units,NaN retained; zero-denominator ratios and incomplete rolling windows are NaN,
inventory_lag_2y,inventory,annual_original,2,1,latest fiscal observation at snapshot,Bloomberg source units,NaN retained; zero-denominator ratios and incomplete rolling windows are NaN,
working_capital_lag_2y,working_capital,annual_original,2,1,latest fiscal observation at snapshot,Bloomberg source units,NaN retained; zero-denominator ratios and incomplete rolling windows are NaN,
revenue_lag_2y,revenue,annual_original,2,1,latest fiscal observation at snapshot,Bloomberg source units,NaN retained; zero-denominator ratios and incomplete rolling windows are NaN,
ebit_lag_2y,ebit,annual_original,2,1,latest fiscal observation at snapshot,Bloomberg source units,NaN retained; zero-denominator ratios and incomplete rolling windows are NaN,
ebitda_lag_2y,ebitda,annual_original,2,1,latest fiscal observation at snapshot,Bloomberg source units,NaN retained; zero-denominator ratios and incomplete rolling windows are NaN,
net_income_lag_2y,net_income,annual_original,2,1,latest fiscal observation at snapshot,Bloomberg source units,NaN retained; zero-denominator ratios and incomplete rolling windows are NaN,
interest_expense_lag_2y,interest_expense,annual_original,2,1,latest fiscal observation at snapshot,Bloomberg source units,NaN retained; zero-denominator ratios and incomplete rolling windows are NaN,
depreciation_amortization_lag_2y,depreciation_amortization,annual_original,2,1,latest fiscal observation at snapshot,Bloomberg source units,NaN retained; zero-denominator ratios and incomplete rolling windows are NaN,
operating_cash_flow_lag_2y,operating_cash_flow,annual_original,2,1,latest fiscal observation at snapshot,Bloomberg source units,NaN retained; zero-denominator ratios and incomplete rolling windows are NaN,
capital_expenditures_lag_2y,capital_expenditures,annual_original,2,1,latest fiscal observation at snapshot,Bloomberg source units,NaN retained; zero-denominator ratios and incomplete rolling windows are NaN,
free_cash_flow_lag_2y,free_cash_flow,annual_original,2,1,latest fiscal observation at snapshot,Bloomberg source units,NaN retained; zero-denominator ratios and incomplete rolling windows are NaN,
total_assets_pct_change_lag_2y,total_assets_pct_change,annual_trend,2,1,total_assets: current / previous - 1; fiscal gap 300-430 days,fractional change,NaN retained; zero-denominator ratios and incomplete rolling windows are NaN,
total_liabilities_pct_change_lag_2y,total_liabilities_pct_change,annual_trend,2,1,total_liabilities: current / previous - 1; fiscal gap 300-430 days,fractional change,NaN retained; zero-denominator ratios and incomplete rolling windows are NaN,
total_debt_pct_change_lag_2y,total_debt_pct_change,annual_trend,2,1,total_debt: current / previous - 1; fiscal gap 300-430 days,fractional change,NaN retained; zero-denominator ratios and incomplete rolling windows are NaN,
short_term_debt_pct_change_lag_2y,short_term_debt_pct_change,annual_trend,2,1,short_term_debt: current / previous - 1; fiscal gap 300-430 days,fractional change,NaN retained; zero-denominator ratios and incomplete rolling windows are NaN,
long_term_debt_pct_change_lag_2y,long_term_debt_pct_change,annual_trend,2,1,long_term_debt: current / previous - 1; fiscal gap 300-430 days,fractional change,NaN retained; zero-denominator ratios and incomplete rolling windows are NaN,
cash_short_term_investments_pct_change_lag_2y,cash_short_term_investments_pct_change,annual_trend,2,1,cash_short_term_investments: current / previous - 1; fiscal gap 300-430 days,fractional change,NaN retained; zero-denominator ratios and incomplete rolling windows are NaN,
current_assets_pct_change_lag_2y,current_assets_pct_change,annual_trend,2,1,current_assets: current / previous - 1; fiscal gap 300-430 days,fractional change,NaN retained; zero-denominator ratios and incomplete rolling windows are NaN,
current_liabilities_pct_change_lag_2y,current_liabilities_pct_change,annual_trend,2,1,current_liabilities: current / previous - 1; fiscal gap 300-430 days,fractional change,NaN retained; zero-denominator ratios and incomplete rolling windows are NaN,
shareholders_equity_pct_change_lag_2y,shareholders_equity_pct_change,annual_trend,2,1,shareholders_equity: current / previous - 1; fiscal gap 300-430 days,fractional change,NaN retained; zero-denominator ratios and incomplete rolling windows are NaN,
accounts_receivable_pct_change_lag_2y,accounts_receivable_pct_change,annual_trend,2,1,accounts_receivable: current / previous - 1; fiscal gap 300-430 days,fractional change,NaN retained; zero-denominator ratios and incomplete rolling windows are NaN,
inventory_pct_change_lag_2y,inventory_pct_change,annual_trend,2,1,inventory: current / previous - 1; fiscal gap 300-430 days,fractional change,NaN retained; zero-denominator ratios and incomplete rolling windows are NaN,
working_capital_absolute_change_lag_2y,working_capital_absolute_change,annual_trend,2,1,working_capital: current - previous; fiscal gap 300-430 days,Bloomberg source units,NaN retained; zero-denominator ratios and incomplete rolling windows are NaN,
revenue_pct_change_lag_2y,revenue_pct_change,annual_trend,2,1,revenue: current / previous - 1; fiscal gap 300-430 days,fractional change,NaN retained; zero-denominator ratios and incomplete rolling windows are NaN,
ebit_absolute_change_lag_2y,ebit_absolute_change,annual_trend,2,1,ebit: current - previous; fiscal gap 300-430 days,Bloomberg source units,NaN retained; zero-denominator ratios and incomplete rolling windows are NaN,
ebitda_absolute_change_lag_2y,ebitda_absolute_change,annual_trend,2,1,ebitda: current - previous; fiscal gap 300-430 days,Bloomberg source units,NaN retained; zero-denominator ratios and incomplete rolling windows are NaN,
net_income_absolute_change_lag_2y,net_income_absolute_change,annual_trend,2,1,net_income: current - previous; fiscal gap 300-430 days,Bloomberg source units,NaN retained; zero-denominator ratios and incomplete rolling windows are NaN,
interest_expense_pct_change_lag_2y,interest_expense_pct_change,annual_trend,2,1,interest_expense: current / previous - 1; fiscal gap 300-430 days,fractional change,NaN retained; zero-denominator ratios and incomplete rolling windows are NaN,
depreciation_amortization_pct_change_lag_2y,depreciation_amortization_pct_change,annual_trend,2,1,depreciation_amortization: current / previous - 1; fiscal gap 300-430 days,fractional change,NaN retained; zero-denominator ratios and incomplete rolling windows are NaN,
operating_cash_flow_absolute_change_lag_2y,operating_cash_flow_absolute_change,annual_trend,2,1,operating_cash_flow: current - previous; fiscal gap 300-430 days,Bloomberg source units,NaN retained; zero-denominator ratios and incomplete rolling windows are NaN,
capital_expenditures_pct_change_lag_2y,capital_expenditures_pct_change,annual_trend,2,1,capital_expenditures: current / previous - 1; fiscal gap 300-430 days,fractional change,NaN retained; zero-denominator ratios and incomplete rolling windows are NaN,
free_cash_flow_absolute_change_lag_2y,free_cash_flow_absolute_change,annual_trend,2,1,free_cash_flow: current - previous; fiscal gap 300-430 days,Bloomberg source units,NaN retained; zero-denominator ratios and incomplete rolling windows are NaN,
debt_to_assets_lag_2y,debt_to_assets,financial_ratio,2,1,total_debt / total_assets,ratio,NaN retained; zero-denominator ratios and incomplete rolling windows are NaN,
liabilities_to_assets_lag_2y,liabilities_to_assets,financial_ratio,2,1,total_liabilities / total_assets,ratio,NaN retained; zero-denominator ratios and incomplete rolling windows are NaN,
debt_to_equity_lag_2y,debt_to_equity,financial_ratio,2,1,total_debt / shareholders_equity,ratio,NaN retained; zero-denominator ratios and incomplete rolling windows are NaN,
liabilities_to_equity_lag_2y,liabilities_to_equity,financial_ratio,2,1,total_liabilities / shareholders_equity,ratio,NaN retained; zero-denominator ratios and incomplete rolling windows are NaN,
short_term_debt_to_total_debt_lag_2y,short_term_debt_to_total_debt,financial_ratio,2,1,short_term_debt / total_debt,ratio,NaN retained; zero-denominator ratios and incomplete rolling windows are NaN,
long_term_debt_to_total_debt_lag_2y,long_term_debt_to_total_debt,financial_ratio,2,1,long_term_debt / total_debt,ratio,NaN retained; zero-denominator ratios and incomplete rolling windows are NaN,
current_ratio_lag_2y,current_ratio,financial_ratio,2,1,current_assets / current_liabilities,ratio,NaN retained; zero-denominator ratios and incomplete rolling windows are NaN,
quick_ratio_lag_2y,quick_ratio,financial_ratio,2,1,(current_assets - inventory) / current_liabilities,ratio,NaN retained; zero-denominator ratios and incomplete rolling windows are NaN,
cash_ratio_lag_2y,cash_ratio,financial_ratio,2,1,cash_short_term_investments / current_liabilities,ratio,NaN retained; zero-denominator ratios and incomplete rolling windows are NaN,
cash_to_assets_lag_2y,cash_to_assets,financial_ratio,2,1,cash_short_term_investments / total_assets,ratio,NaN retained; zero-denominator ratios and incomplete rolling windows are NaN,
working_capital_to_assets_lag_2y,working_capital_to_assets,financial_ratio,2,1,working_capital / total_assets,ratio,NaN retained; zero-denominator ratios and incomplete rolling windows are NaN,
working_capital_to_liabilities_lag_2y,working_capital_to_liabilities,financial_ratio,2,1,working_capital / total_liabilities,ratio,NaN retained; zero-denominator ratios and incomplete rolling windows are NaN,
ebit_margin_lag_2y,ebit_margin,financial_ratio,2,1,ebit / revenue,ratio,NaN retained; zero-denominator ratios and incomplete rolling windows are NaN,
ebitda_margin_lag_2y,ebitda_margin,financial_ratio,2,1,ebitda / revenue,ratio,NaN retained; zero-denominator ratios and incomplete rolling windows are NaN,
net_income_margin_lag_2y,net_income_margin,financial_ratio,2,1,net_income / revenue,ratio,NaN retained; zero-denominator ratios and incomplete rolling windows are NaN,
return_on_assets_lag_2y,return_on_assets,financial_ratio,2,1,net_income / total_assets,ratio,NaN retained; zero-denominator ratios and incomplete rolling windows are NaN,
return_on_equity_lag_2y,return_on_equity,financial_ratio,2,1,net_income / shareholders_equity,ratio,NaN retained; zero-denominator ratios and incomplete rolling windows are NaN,
ebit_to_assets_lag_2y,ebit_to_assets,financial_ratio,2,1,ebit / total_assets,ratio,NaN retained; zero-denominator ratios and incomplete rolling windows are NaN,
ebitda_to_assets_lag_2y,ebitda_to_assets,financial_ratio,2,1,ebitda / total_assets,ratio,NaN retained; zero-denominator ratios and incomplete rolling windows are NaN,
operating_cash_flow_to_assets_lag_2y,operating_cash_flow_to_assets,financial_ratio,2,1,operating_cash_flow / total_assets,ratio,NaN retained; zero-denominator ratios and incomplete rolling windows are NaN,
operating_cash_flow_to_liabilities_lag_2y,operating_cash_flow_to_liabilities,financial_ratio,2,1,operating_cash_flow / total_liabilities,ratio,NaN retained; zero-denominator ratios and incomplete rolling windows are NaN,
operating_cash_flow_to_debt_lag_2y,operating_cash_flow_to_debt,financial_ratio,2,1,operating_cash_flow / total_debt,ratio,NaN retained; zero-denominator ratios and incomplete rolling windows are NaN,
free_cash_flow_to_assets_lag_2y,free_cash_flow_to_assets,financial_ratio,2,1,free_cash_flow / total_assets,ratio,NaN retained; zero-denominator ratios and incomplete rolling windows are NaN,
free_cash_flow_to_debt_lag_2y,free_cash_flow_to_debt,financial_ratio,2,1,free_cash_flow / total_debt,ratio,NaN retained; zero-denominator ratios and incomplete rolling windows are NaN,
interest_coverage_lag_2y,interest_coverage,financial_ratio,2,1,ebit / interest_expense,ratio,NaN retained; zero-denominator ratios and incomplete rolling windows are NaN,
ebitda_interest_coverage_lag_2y,ebitda_interest_coverage,financial_ratio,2,1,ebitda / interest_expense,ratio,NaN retained; zero-denominator ratios and incomplete rolling windows are NaN,
cash_flow_interest_coverage_lag_2y,cash_flow_interest_coverage,financial_ratio,2,1,operating_cash_flow / interest_expense,ratio,NaN retained; zero-denominator ratios and incomplete rolling windows are NaN,
debt_to_ebitda_lag_2y,debt_to_ebitda,financial_ratio,2,1,total_debt / ebitda,ratio,NaN retained; zero-denominator ratios and incomplete rolling windows are NaN,
debt_to_operating_cash_flow_lag_2y,debt_to_operating_cash_flow,financial_ratio,2,1,total_debt / operating_cash_flow,ratio,NaN retained; zero-denominator ratios and incomplete rolling windows are NaN,
asset_turnover_lag_2y,asset_turnover,financial_ratio,2,1,revenue / total_assets,ratio,NaN retained; zero-denominator ratios and incomplete rolling windows are NaN,
receivables_to_revenue_lag_2y,receivables_to_revenue,financial_ratio,2,1,accounts_receivable / revenue,ratio,NaN retained; zero-denominator ratios and incomplete rolling windows are NaN,
inventory_to_revenue_lag_2y,inventory_to_revenue,financial_ratio,2,1,inventory / revenue,ratio,NaN retained; zero-denominator ratios and incomplete rolling windows are NaN,
capital_expenditure_to_assets_lag_2y,capital_expenditure_to_assets,financial_ratio,2,1,capital_expenditures / total_assets,ratio,NaN retained; zero-denominator ratios and incomplete rolling windows are NaN,
capital_expenditure_to_revenue_lag_2y,capital_expenditure_to_revenue,financial_ratio,2,1,capital_expenditures / revenue,ratio,NaN retained; zero-denominator ratios and incomplete rolling windows are NaN,
market_to_book_lag_2y,market_to_book,financial_ratio,2,1,market_cap / shareholders_equity,ratio,NaN retained; zero-denominator ratios and incomplete rolling windows are NaN,
book_to_market_lag_2y,book_to_market,financial_ratio,2,1,shareholders_equity / market_cap,ratio,NaN retained; zero-denominator ratios and incomplete rolling windows are NaN,
market_cap_to_assets_lag_2y,market_cap_to_assets,financial_ratio,2,1,market_cap / total_assets,ratio,NaN retained; zero-denominator ratios and incomplete rolling windows are NaN,
enterprise_value_to_assets_lag_2y,enterprise_value_to_assets,financial_ratio,2,1,(market_cap + total_debt - cash_short_term_investments) / total_assets,ratio,NaN retained; zero-denominator ratios and incomplete rolling windows are NaN,
enterprise_value_to_ebitda_lag_2y,enterprise_value_to_ebitda,financial_ratio,2,1,(market_cap + total_debt - cash_short_term_investments) / ebitda,ratio,NaN retained; zero-denominator ratios and incomplete rolling windows are NaN,
adjusted_price_lag_2y,adjusted_price,market_original,2,1,last observation in the snapshot's complete calendar month,Bloomberg source units,NaN retained; zero-denominator ratios and incomplete rolling windows are NaN,
market_cap_lag_2y,market_cap,market_original,2,1,last observation in the snapshot's complete calendar month,Bloomberg source units,NaN retained; zero-denominator ratios and incomplete rolling windows are NaN,
shares_outstanding_lag_2y,shares_outstanding,market_original,2,1,last observation in the snapshot's complete calendar month,Bloomberg source units,NaN retained; zero-denominator ratios and incomplete rolling windows are NaN,
beta_lag_2y,beta,market_original,2,1,last observation in the snapshot's complete calendar month,Bloomberg source units,NaN retained; zero-denominator ratios and incomplete rolling windows are NaN,
volume_lag_2y,volume,market_original,2,1,last observation in the snapshot's complete calendar month,Bloomberg source units,NaN retained; zero-denominator ratios and incomplete rolling windows are NaN,
turnover_lag_2y,turnover,market_original,2,1,last observation in the snapshot's complete calendar month,Bloomberg source units,NaN retained; zero-denominator ratios and incomplete rolling windows are NaN,
bid_ask_spread_lag_2y,bid_ask_spread,market_original,2,1,last observation in the snapshot's complete calendar month,Bloomberg source units,NaN retained; zero-denominator ratios and incomplete rolling windows are NaN,
adjusted_price_pct_change_1y_lag_2y,adjusted_price_pct_change_1y,market_trend,2,1,adjusted_price[t] / adjusted_price[t - 12 calendar months] - 1,fractional change,NaN retained; zero-denominator ratios and incomplete rolling windows are NaN,
adjusted_price_pct_change_2y_lag_2y,adjusted_price_pct_change_2y,market_trend,2,1,adjusted_price[t] / adjusted_price[t - 24 calendar months] - 1,fractional change,NaN retained; zero-denominator ratios and incomplete rolling windows are NaN,
adjusted_price_pct_change_3y_lag_2y,adjusted_price_pct_change_3y,market_trend,2,1,adjusted_price[t] / adjusted_price[t - 36 calendar months] - 1,fractional change,NaN retained; zero-denominator ratios and incomplete rolling windows are NaN,
market_cap_pct_change_1y_lag_2y,market_cap_pct_change_1y,market_trend,2,1,market_cap[t] / market_cap[t - 12 calendar months] - 1,fractional change,NaN retained; zero-denominator ratios and incomplete rolling windows are NaN,
market_cap_pct_change_2y_lag_2y,market_cap_pct_change_2y,market_trend,2,1,market_cap[t] / market_cap[t - 24 calendar months] - 1,fractional change,NaN retained; zero-denominator ratios and incomplete rolling windows are NaN,
market_cap_pct_change_3y_lag_2y,market_cap_pct_change_3y,market_trend,2,1,market_cap[t] / market_cap[t - 36 calendar months] - 1,fractional change,NaN retained; zero-denominator ratios and incomplete rolling windows are NaN,
shares_outstanding_pct_change_1y_lag_2y,shares_outstanding_pct_change_1y,market_trend,2,1,shares_outstanding[t] / shares_outstanding[t - 12 calendar months] - 1,fractional change,NaN retained; zero-denominator ratios and incomplete rolling windows are NaN,
shares_outstanding_pct_change_2y_lag_2y,shares_outstanding_pct_change_2y,market_trend,2,1,shares_outstanding[t] / shares_outstanding[t - 24 calendar months] - 1,fractional change,NaN retained; zero-denominator ratios and incomplete rolling windows are NaN,
shares_outstanding_pct_change_3y_lag_2y,shares_outstanding_pct_change_3y,market_trend,2,1,shares_outstanding[t] / shares_outstanding[t - 36 calendar months] - 1,fractional change,NaN retained; zero-denominator ratios and incomplete rolling windows are NaN,
volume_pct_change_1y_lag_2y,volume_pct_change_1y,market_trend,2,1,volume[t] / volume[t - 12 calendar months] - 1,fractional change,NaN retained; zero-denominator ratios and incomplete rolling windows are NaN,
volume_pct_change_2y_lag_2y,volume_pct_change_2y,market_trend,2,1,volume[t] / volume[t - 24 calendar months] - 1,fractional change,NaN retained; zero-denominator ratios and incomplete rolling windows are NaN,
volume_pct_change_3y_lag_2y,volume_pct_change_3y,market_trend,2,1,volume[t] / volume[t - 36 calendar months] - 1,fractional change,NaN retained; zero-denominator ratios and incomplete rolling windows are NaN,
monthly_return_lag_2y,monthly_return,market_derived,2,1,"adjusted_price.pct_change(1); complete monthly grid, no fill, full rolling windows",see formula/source units,NaN retained; zero-denominator ratios and incomplete rolling windows are NaN,
return_3m_lag_2y,return_3m,market_derived,2,1,"adjusted_price.pct_change(3); complete monthly grid, no fill, full rolling windows",see formula/source units,NaN retained; zero-denominator ratios and incomplete rolling windows are NaN,
return_6m_lag_2y,return_6m,market_derived,2,1,"adjusted_price.pct_change(6); complete monthly grid, no fill, full rolling windows",see formula/source units,NaN retained; zero-denominator ratios and incomplete rolling windows are NaN,
return_12m_lag_2y,return_12m,market_derived,2,1,"adjusted_price.pct_change(12); complete monthly grid, no fill, full rolling windows",see formula/source units,NaN retained; zero-denominator ratios and incomplete rolling windows are NaN,
volatility_3m_lag_2y,volatility_3m,market_derived,2,1,"monthly_return.rolling(3).std() * sqrt(12); complete monthly grid, no fill, full rolling windows",see formula/source units,NaN retained; zero-denominator ratios and incomplete rolling windows are NaN,
volatility_6m_lag_2y,volatility_6m,market_derived,2,1,"monthly_return.rolling(6).std() * sqrt(12); complete monthly grid, no fill, full rolling windows",see formula/source units,NaN retained; zero-denominator ratios and incomplete rolling windows are NaN,
volatility_12m_lag_2y,volatility_12m,market_derived,2,1,"monthly_return.rolling(12).std() * sqrt(12); complete monthly grid, no fill, full rolling windows",see formula/source units,NaN retained; zero-denominator ratios and incomplete rolling windows are NaN,
rolling_max_price_12m_lag_2y,rolling_max_price_12m,market_derived,2,1,"adjusted_price.rolling(12).max(); complete monthly grid, no fill, full rolling windows",see formula/source units,NaN retained; zero-denominator ratios and incomplete rolling windows are NaN,
drawdown_12m_lag_2y,drawdown_12m,market_derived,2,1,"adjusted_price / rolling_max_price_12m - 1; complete monthly grid, no fill, full rolling windows",see formula/source units,NaN retained; zero-denominator ratios and incomplete rolling windows are NaN,
maximum_drawdown_12m_lag_2y,maximum_drawdown_12m,market_derived,2,1,"drawdown_12m.rolling(12).min(); complete monthly grid, no fill, full rolling windows",see formula/source units,NaN retained; zero-denominator ratios and incomplete rolling windows are NaN,
average_volume_12m_lag_2y,average_volume_12m,market_derived,2,1,"volume.rolling(12).mean(); complete monthly grid, no fill, full rolling windows",see formula/source units,NaN retained; zero-denominator ratios and incomplete rolling windows are NaN,
volume_volatility_12m_lag_2y,volume_volatility_12m,market_derived,2,1,"volume.rolling(12).std(); complete monthly grid, no fill, full rolling windows",see formula/source units,NaN retained; zero-denominator ratios and incomplete rolling windows are NaN,
average_market_cap_12m_lag_2y,average_market_cap_12m,market_derived,2,1,"market_cap.rolling(12).mean(); complete monthly grid, no fill, full rolling windows",see formula/source units,NaN retained; zero-denominator ratios and incomplete rolling windows are NaN,
market_cap_growth_12m_lag_2y,market_cap_growth_12m,market_derived,2,1,"market_cap.pct_change(12); complete monthly grid, no fill, full rolling windows",see formula/source units,NaN retained; zero-denominator ratios and incomplete rolling windows are NaN,
inflation_cpi_yoy_lag_2y,inflation_cpi_yoy,macro_original,2,1,CPI YOY Index / PX_LAST; latest observation by month-end,Bloomberg source units,NaN retained; zero-denominator ratios and incomplete rolling windows are NaN,
real_gdp_growth_lag_2y,real_gdp_growth,macro_original,2,1,GDP CQOQ Index / PX_LAST; latest observation by month-end,Bloomberg source units,NaN retained; zero-denominator ratios and incomplete rolling windows are NaN,
unemployment_rate_lag_2y,unemployment_rate,macro_original,2,1,USURTOT Index / PX_LAST; latest observation by month-end,Bloomberg source units,NaN retained; zero-denominator ratios and incomplete rolling windows are NaN,
effective_federal_funds_rate_lag_2y,effective_federal_funds_rate,macro_original,2,1,FEDL01 Index / PX_LAST; latest observation by month-end,Bloomberg source units,NaN retained; zero-denominator ratios and incomplete rolling windows are NaN,
treasury_3m_rate_lag_2y,treasury_3m_rate,macro_original,2,1,USGG3M Index / PX_LAST; latest observation by month-end,Bloomberg source units,NaN retained; zero-denominator ratios and incomplete rolling windows are NaN,
treasury_10y_rate_lag_2y,treasury_10y_rate,macro_original,2,1,USGG10YR Index / PX_LAST; latest observation by month-end,Bloomberg source units,NaN retained; zero-denominator ratios and incomplete rolling windows are NaN,
credit_spread_lag_2y,credit_spread,macro_original,2,1,LUACTRUU Index / PX_LAST; latest observation by month-end,Bloomberg source units,NaN retained; zero-denominator ratios and incomplete rolling windows are NaN,"LUACTRUU PX_LAST is a corporate-bond total-return index, not a yield spread; requested alias retained."
vix_lag_2y,vix,macro_original,2,1,VIX Index / PX_LAST; latest observation by month-end,Bloomberg source units,NaN retained; zero-denominator ratios and incomplete rolling windows are NaN,
yield_curve_slope_lag_2y,yield_curve_slope,macro_derived,2,1,treasury_10y_rate - treasury_3m_rate; differences use month-end levels,source-unit difference,NaN retained; zero-denominator ratios and incomplete rolling windows are NaN,
yield_curve_inverted_lag_2y,yield_curve_inverted,macro_derived,2,1,treasury_10y_rate < treasury_3m_rate; differences use month-end levels,0/1,NaN retained; zero-denominator ratios and incomplete rolling windows are NaN,
real_policy_rate_lag_2y,real_policy_rate,macro_derived,2,1,effective_federal_funds_rate - inflation_cpi_yoy; differences use month-end levels,source-unit difference,NaN retained; zero-denominator ratios and incomplete rolling windows are NaN,
credit_spread_change_lag_2y,credit_spread_change,macro_derived,2,1,credit_spread.diff(); differences use month-end levels,source-unit difference,NaN retained; zero-denominator ratios and incomplete rolling windows are NaN,"LUACTRUU PX_LAST is a corporate-bond total-return index, not a yield spread; requested alias retained."
vix_change_lag_2y,vix_change,macro_derived,2,1,vix.diff(); differences use month-end levels,source-unit difference,NaN retained; zero-denominator ratios and incomplete rolling windows are NaN,
total_assets_lag_3y,total_assets,annual_original,3,2,latest fiscal observation at snapshot,Bloomberg source units,NaN retained; zero-denominator ratios and incomplete rolling windows are NaN,
total_liabilities_lag_3y,total_liabilities,annual_original,3,2,latest fiscal observation at snapshot,Bloomberg source units,NaN retained; zero-denominator ratios and incomplete rolling windows are NaN,
total_debt_lag_3y,total_debt,annual_original,3,2,latest fiscal observation at snapshot,Bloomberg source units,NaN retained; zero-denominator ratios and incomplete rolling windows are NaN,
short_term_debt_lag_3y,short_term_debt,annual_original,3,2,latest fiscal observation at snapshot,Bloomberg source units,NaN retained; zero-denominator ratios and incomplete rolling windows are NaN,
long_term_debt_lag_3y,long_term_debt,annual_original,3,2,latest fiscal observation at snapshot,Bloomberg source units,NaN retained; zero-denominator ratios and incomplete rolling windows are NaN,
cash_short_term_investments_lag_3y,cash_short_term_investments,annual_original,3,2,latest fiscal observation at snapshot,Bloomberg source units,NaN retained; zero-denominator ratios and incomplete rolling windows are NaN,
current_assets_lag_3y,current_assets,annual_original,3,2,latest fiscal observation at snapshot,Bloomberg source units,NaN retained; zero-denominator ratios and incomplete rolling windows are NaN,
current_liabilities_lag_3y,current_liabilities,annual_original,3,2,latest fiscal observation at snapshot,Bloomberg source units,NaN retained; zero-denominator ratios and incomplete rolling windows are NaN,
shareholders_equity_lag_3y,shareholders_equity,annual_original,3,2,latest fiscal observation at snapshot,Bloomberg source units,NaN retained; zero-denominator ratios and incomplete rolling windows are NaN,
accounts_receivable_lag_3y,accounts_receivable,annual_original,3,2,latest fiscal observation at snapshot,Bloomberg source units,NaN retained; zero-denominator ratios and incomplete rolling windows are NaN,
inventory_lag_3y,inventory,annual_original,3,2,latest fiscal observation at snapshot,Bloomberg source units,NaN retained; zero-denominator ratios and incomplete rolling windows are NaN,
working_capital_lag_3y,working_capital,annual_original,3,2,latest fiscal observation at snapshot,Bloomberg source units,NaN retained; zero-denominator ratios and incomplete rolling windows are NaN,
revenue_lag_3y,revenue,annual_original,3,2,latest fiscal observation at snapshot,Bloomberg source units,NaN retained; zero-denominator ratios and incomplete rolling windows are NaN,
ebit_lag_3y,ebit,annual_original,3,2,latest fiscal observation at snapshot,Bloomberg source units,NaN retained; zero-denominator ratios and incomplete rolling windows are NaN,
ebitda_lag_3y,ebitda,annual_original,3,2,latest fiscal observation at snapshot,Bloomberg source units,NaN retained; zero-denominator ratios and incomplete rolling windows are NaN,
net_income_lag_3y,net_income,annual_original,3,2,latest fiscal observation at snapshot,Bloomberg source units,NaN retained; zero-denominator ratios and incomplete rolling windows are NaN,
interest_expense_lag_3y,interest_expense,annual_original,3,2,latest fiscal observation at snapshot,Bloomberg source units,NaN retained; zero-denominator ratios and incomplete rolling windows are NaN,
depreciation_amortization_lag_3y,depreciation_amortization,annual_original,3,2,latest fiscal observation at snapshot,Bloomberg source units,NaN retained; zero-denominator ratios and incomplete rolling windows are NaN,
operating_cash_flow_lag_3y,operating_cash_flow,annual_original,3,2,latest fiscal observation at snapshot,Bloomberg source units,NaN retained; zero-denominator ratios and incomplete rolling windows are NaN,
capital_expenditures_lag_3y,capital_expenditures,annual_original,3,2,latest fiscal observation at snapshot,Bloomberg source units,NaN retained; zero-denominator ratios and incomplete rolling windows are NaN,
free_cash_flow_lag_3y,free_cash_flow,annual_original,3,2,latest fiscal observation at snapshot,Bloomberg source units,NaN retained; zero-denominator ratios and incomplete rolling windows are NaN,
total_assets_pct_change_lag_3y,total_assets_pct_change,annual_trend,3,2,total_assets: current / previous - 1; fiscal gap 300-430 days,fractional change,NaN retained; zero-denominator ratios and incomplete rolling windows are NaN,
total_liabilities_pct_change_lag_3y,total_liabilities_pct_change,annual_trend,3,2,total_liabilities: current / previous - 1; fiscal gap 300-430 days,fractional change,NaN retained; zero-denominator ratios and incomplete rolling windows are NaN,
total_debt_pct_change_lag_3y,total_debt_pct_change,annual_trend,3,2,total_debt: current / previous - 1; fiscal gap 300-430 days,fractional change,NaN retained; zero-denominator ratios and incomplete rolling windows are NaN,
short_term_debt_pct_change_lag_3y,short_term_debt_pct_change,annual_trend,3,2,short_term_debt: current / previous - 1; fiscal gap 300-430 days,fractional change,NaN retained; zero-denominator ratios and incomplete rolling windows are NaN,
long_term_debt_pct_change_lag_3y,long_term_debt_pct_change,annual_trend,3,2,long_term_debt: current / previous - 1; fiscal gap 300-430 days,fractional change,NaN retained; zero-denominator ratios and incomplete rolling windows are NaN,
cash_short_term_investments_pct_change_lag_3y,cash_short_term_investments_pct_change,annual_trend,3,2,cash_short_term_investments: current / previous - 1; fiscal gap 300-430 days,fractional change,NaN retained; zero-denominator ratios and incomplete rolling windows are NaN,
current_assets_pct_change_lag_3y,current_assets_pct_change,annual_trend,3,2,current_assets: current / previous - 1; fiscal gap 300-430 days,fractional change,NaN retained; zero-denominator ratios and incomplete rolling windows are NaN,
current_liabilities_pct_change_lag_3y,current_liabilities_pct_change,annual_trend,3,2,current_liabilities: current / previous - 1; fiscal gap 300-430 days,fractional change,NaN retained; zero-denominator ratios and incomplete rolling windows are NaN,
shareholders_equity_pct_change_lag_3y,shareholders_equity_pct_change,annual_trend,3,2,shareholders_equity: current / previous - 1; fiscal gap 300-430 days,fractional change,NaN retained; zero-denominator ratios and incomplete rolling windows are NaN,
accounts_receivable_pct_change_lag_3y,accounts_receivable_pct_change,annual_trend,3,2,accounts_receivable: current / previous - 1; fiscal gap 300-430 days,fractional change,NaN retained; zero-denominator ratios and incomplete rolling windows are NaN,
inventory_pct_change_lag_3y,inventory_pct_change,annual_trend,3,2,inventory: current / previous - 1; fiscal gap 300-430 days,fractional change,NaN retained; zero-denominator ratios and incomplete rolling windows are NaN,
working_capital_absolute_change_lag_3y,working_capital_absolute_change,annual_trend,3,2,working_capital: current - previous; fiscal gap 300-430 days,Bloomberg source units,NaN retained; zero-denominator ratios and incomplete rolling windows are NaN,
revenue_pct_change_lag_3y,revenue_pct_change,annual_trend,3,2,revenue: current / previous - 1; fiscal gap 300-430 days,fractional change,NaN retained; zero-denominator ratios and incomplete rolling windows are NaN,
ebit_absolute_change_lag_3y,ebit_absolute_change,annual_trend,3,2,ebit: current - previous; fiscal gap 300-430 days,Bloomberg source units,NaN retained; zero-denominator ratios and incomplete rolling windows are NaN,
ebitda_absolute_change_lag_3y,ebitda_absolute_change,annual_trend,3,2,ebitda: current - previous; fiscal gap 300-430 days,Bloomberg source units,NaN retained; zero-denominator ratios and incomplete rolling windows are NaN,
net_income_absolute_change_lag_3y,net_income_absolute_change,annual_trend,3,2,net_income: current - previous; fiscal gap 300-430 days,Bloomberg source units,NaN retained; zero-denominator ratios and incomplete rolling windows are NaN,
interest_expense_pct_change_lag_3y,interest_expense_pct_change,annual_trend,3,2,interest_expense: current / previous - 1; fiscal gap 300-430 days,fractional change,NaN retained; zero-denominator ratios and incomplete rolling windows are NaN,
depreciation_amortization_pct_change_lag_3y,depreciation_amortization_pct_change,annual_trend,3,2,depreciation_amortization: current / previous - 1; fiscal gap 300-430 days,fractional change,NaN retained; zero-denominator ratios and incomplete rolling windows are NaN,
operating_cash_flow_absolute_change_lag_3y,operating_cash_flow_absolute_change,annual_trend,3,2,operating_cash_flow: current - previous; fiscal gap 300-430 days,Bloomberg source units,NaN retained; zero-denominator ratios and incomplete rolling windows are NaN,
capital_expenditures_pct_change_lag_3y,capital_expenditures_pct_change,annual_trend,3,2,capital_expenditures: current / previous - 1; fiscal gap 300-430 days,fractional change,NaN retained; zero-denominator ratios and incomplete rolling windows are NaN,
free_cash_flow_absolute_change_lag_3y,free_cash_flow_absolute_change,annual_trend,3,2,free_cash_flow: current - previous; fiscal gap 300-430 days,Bloomberg source units,NaN retained; zero-denominator ratios and incomplete rolling windows are NaN,
debt_to_assets_lag_3y,debt_to_assets,financial_ratio,3,2,total_debt / total_assets,ratio,NaN retained; zero-denominator ratios and incomplete rolling windows are NaN,
liabilities_to_assets_lag_3y,liabilities_to_assets,financial_ratio,3,2,total_liabilities / total_assets,ratio,NaN retained; zero-denominator ratios and incomplete rolling windows are NaN,
debt_to_equity_lag_3y,debt_to_equity,financial_ratio,3,2,total_debt / shareholders_equity,ratio,NaN retained; zero-denominator ratios and incomplete rolling windows are NaN,
liabilities_to_equity_lag_3y,liabilities_to_equity,financial_ratio,3,2,total_liabilities / shareholders_equity,ratio,NaN retained; zero-denominator ratios and incomplete rolling windows are NaN,
short_term_debt_to_total_debt_lag_3y,short_term_debt_to_total_debt,financial_ratio,3,2,short_term_debt / total_debt,ratio,NaN retained; zero-denominator ratios and incomplete rolling windows are NaN,
long_term_debt_to_total_debt_lag_3y,long_term_debt_to_total_debt,financial_ratio,3,2,long_term_debt / total_debt,ratio,NaN retained; zero-denominator ratios and incomplete rolling windows are NaN,
current_ratio_lag_3y,current_ratio,financial_ratio,3,2,current_assets / current_liabilities,ratio,NaN retained; zero-denominator ratios and incomplete rolling windows are NaN,
quick_ratio_lag_3y,quick_ratio,financial_ratio,3,2,(current_assets - inventory) / current_liabilities,ratio,NaN retained; zero-denominator ratios and incomplete rolling windows are NaN,
cash_ratio_lag_3y,cash_ratio,financial_ratio,3,2,cash_short_term_investments / current_liabilities,ratio,NaN retained; zero-denominator ratios and incomplete rolling windows are NaN,
cash_to_assets_lag_3y,cash_to_assets,financial_ratio,3,2,cash_short_term_investments / total_assets,ratio,NaN retained; zero-denominator ratios and incomplete rolling windows are NaN,
working_capital_to_assets_lag_3y,working_capital_to_assets,financial_ratio,3,2,working_capital / total_assets,ratio,NaN retained; zero-denominator ratios and incomplete rolling windows are NaN,
working_capital_to_liabilities_lag_3y,working_capital_to_liabilities,financial_ratio,3,2,working_capital / total_liabilities,ratio,NaN retained; zero-denominator ratios and incomplete rolling windows are NaN,
ebit_margin_lag_3y,ebit_margin,financial_ratio,3,2,ebit / revenue,ratio,NaN retained; zero-denominator ratios and incomplete rolling windows are NaN,
ebitda_margin_lag_3y,ebitda_margin,financial_ratio,3,2,ebitda / revenue,ratio,NaN retained; zero-denominator ratios and incomplete rolling windows are NaN,
net_income_margin_lag_3y,net_income_margin,financial_ratio,3,2,net_income / revenue,ratio,NaN retained; zero-denominator ratios and incomplete rolling windows are NaN,
return_on_assets_lag_3y,return_on_assets,financial_ratio,3,2,net_income / total_assets,ratio,NaN retained; zero-denominator ratios and incomplete rolling windows are NaN,
return_on_equity_lag_3y,return_on_equity,financial_ratio,3,2,net_income / shareholders_equity,ratio,NaN retained; zero-denominator ratios and incomplete rolling windows are NaN,
ebit_to_assets_lag_3y,ebit_to_assets,financial_ratio,3,2,ebit / total_assets,ratio,NaN retained; zero-denominator ratios and incomplete rolling windows are NaN,
ebitda_to_assets_lag_3y,ebitda_to_assets,financial_ratio,3,2,ebitda / total_assets,ratio,NaN retained; zero-denominator ratios and incomplete rolling windows are NaN,
operating_cash_flow_to_assets_lag_3y,operating_cash_flow_to_assets,financial_ratio,3,2,operating_cash_flow / total_assets,ratio,NaN retained; zero-denominator ratios and incomplete rolling windows are NaN,
operating_cash_flow_to_liabilities_lag_3y,operating_cash_flow_to_liabilities,financial_ratio,3,2,operating_cash_flow / total_liabilities,ratio,NaN retained; zero-denominator ratios and incomplete rolling windows are NaN,
operating_cash_flow_to_debt_lag_3y,operating_cash_flow_to_debt,financial_ratio,3,2,operating_cash_flow / total_debt,ratio,NaN retained; zero-denominator ratios and incomplete rolling windows are NaN,
free_cash_flow_to_assets_lag_3y,free_cash_flow_to_assets,financial_ratio,3,2,free_cash_flow / total_assets,ratio,NaN retained; zero-denominator ratios and incomplete rolling windows are NaN,
free_cash_flow_to_debt_lag_3y,free_cash_flow_to_debt,financial_ratio,3,2,free_cash_flow / total_debt,ratio,NaN retained; zero-denominator ratios and incomplete rolling windows are NaN,
interest_coverage_lag_3y,interest_coverage,financial_ratio,3,2,ebit / interest_expense,ratio,NaN retained; zero-denominator ratios and incomplete rolling windows are NaN,
ebitda_interest_coverage_lag_3y,ebitda_interest_coverage,financial_ratio,3,2,ebitda / interest_expense,ratio,NaN retained; zero-denominator ratios and incomplete rolling windows are NaN,
cash_flow_interest_coverage_lag_3y,cash_flow_interest_coverage,financial_ratio,3,2,operating_cash_flow / interest_expense,ratio,NaN retained; zero-denominator ratios and incomplete rolling windows are NaN,
debt_to_ebitda_lag_3y,debt_to_ebitda,financial_ratio,3,2,total_debt / ebitda,ratio,NaN retained; zero-denominator ratios and incomplete rolling windows are NaN,
debt_to_operating_cash_flow_lag_3y,debt_to_operating_cash_flow,financial_ratio,3,2,total_debt / operating_cash_flow,ratio,NaN retained; zero-denominator ratios and incomplete rolling windows are NaN,
asset_turnover_lag_3y,asset_turnover,financial_ratio,3,2,revenue / total_assets,ratio,NaN retained; zero-denominator ratios and incomplete rolling windows are NaN,
receivables_to_revenue_lag_3y,receivables_to_revenue,financial_ratio,3,2,accounts_receivable / revenue,ratio,NaN retained; zero-denominator ratios and incomplete rolling windows are NaN,
inventory_to_revenue_lag_3y,inventory_to_revenue,financial_ratio,3,2,inventory / revenue,ratio,NaN retained; zero-denominator ratios and incomplete rolling windows are NaN,
capital_expenditure_to_assets_lag_3y,capital_expenditure_to_assets,financial_ratio,3,2,capital_expenditures / total_assets,ratio,NaN retained; zero-denominator ratios and incomplete rolling windows are NaN,
capital_expenditure_to_revenue_lag_3y,capital_expenditure_to_revenue,financial_ratio,3,2,capital_expenditures / revenue,ratio,NaN retained; zero-denominator ratios and incomplete rolling windows are NaN,
market_to_book_lag_3y,market_to_book,financial_ratio,3,2,market_cap / shareholders_equity,ratio,NaN retained; zero-denominator ratios and incomplete rolling windows are NaN,
book_to_market_lag_3y,book_to_market,financial_ratio,3,2,shareholders_equity / market_cap,ratio,NaN retained; zero-denominator ratios and incomplete rolling windows are NaN,
market_cap_to_assets_lag_3y,market_cap_to_assets,financial_ratio,3,2,market_cap / total_assets,ratio,NaN retained; zero-denominator ratios and incomplete rolling windows are NaN,
enterprise_value_to_assets_lag_3y,enterprise_value_to_assets,financial_ratio,3,2,(market_cap + total_debt - cash_short_term_investments) / total_assets,ratio,NaN retained; zero-denominator ratios and incomplete rolling windows are NaN,
enterprise_value_to_ebitda_lag_3y,enterprise_value_to_ebitda,financial_ratio,3,2,(market_cap + total_debt - cash_short_term_investments) / ebitda,ratio,NaN retained; zero-denominator ratios and incomplete rolling windows are NaN,
adjusted_price_lag_3y,adjusted_price,market_original,3,2,last observation in the snapshot's complete calendar month,Bloomberg source units,NaN retained; zero-denominator ratios and incomplete rolling windows are NaN,
market_cap_lag_3y,market_cap,market_original,3,2,last observation in the snapshot's complete calendar month,Bloomberg source units,NaN retained; zero-denominator ratios and incomplete rolling windows are NaN,
shares_outstanding_lag_3y,shares_outstanding,market_original,3,2,last observation in the snapshot's complete calendar month,Bloomberg source units,NaN retained; zero-denominator ratios and incomplete rolling windows are NaN,
beta_lag_3y,beta,market_original,3,2,last observation in the snapshot's complete calendar month,Bloomberg source units,NaN retained; zero-denominator ratios and incomplete rolling windows are NaN,
volume_lag_3y,volume,market_original,3,2,last observation in the snapshot's complete calendar month,Bloomberg source units,NaN retained; zero-denominator ratios and incomplete rolling windows are NaN,
turnover_lag_3y,turnover,market_original,3,2,last observation in the snapshot's complete calendar month,Bloomberg source units,NaN retained; zero-denominator ratios and incomplete rolling windows are NaN,
bid_ask_spread_lag_3y,bid_ask_spread,market_original,3,2,last observation in the snapshot's complete calendar month,Bloomberg source units,NaN retained; zero-denominator ratios and incomplete rolling windows are NaN,
adjusted_price_pct_change_1y_lag_3y,adjusted_price_pct_change_1y,market_trend,3,2,adjusted_price[t] / adjusted_price[t - 12 calendar months] - 1,fractional change,NaN retained; zero-denominator ratios and incomplete rolling windows are NaN,
adjusted_price_pct_change_2y_lag_3y,adjusted_price_pct_change_2y,market_trend,3,2,adjusted_price[t] / adjusted_price[t - 24 calendar months] - 1,fractional change,NaN retained; zero-denominator ratios and incomplete rolling windows are NaN,
adjusted_price_pct_change_3y_lag_3y,adjusted_price_pct_change_3y,market_trend,3,2,adjusted_price[t] / adjusted_price[t - 36 calendar months] - 1,fractional change,NaN retained; zero-denominator ratios and incomplete rolling windows are NaN,
market_cap_pct_change_1y_lag_3y,market_cap_pct_change_1y,market_trend,3,2,market_cap[t] / market_cap[t - 12 calendar months] - 1,fractional change,NaN retained; zero-denominator ratios and incomplete rolling windows are NaN,
market_cap_pct_change_2y_lag_3y,market_cap_pct_change_2y,market_trend,3,2,market_cap[t] / market_cap[t - 24 calendar months] - 1,fractional change,NaN retained; zero-denominator ratios and incomplete rolling windows are NaN,
market_cap_pct_change_3y_lag_3y,market_cap_pct_change_3y,market_trend,3,2,market_cap[t] / market_cap[t - 36 calendar months] - 1,fractional change,NaN retained; zero-denominator ratios and incomplete rolling windows are NaN,
shares_outstanding_pct_change_1y_lag_3y,shares_outstanding_pct_change_1y,market_trend,3,2,shares_outstanding[t] / shares_outstanding[t - 12 calendar months] - 1,fractional change,NaN retained; zero-denominator ratios and incomplete rolling windows are NaN,
shares_outstanding_pct_change_2y_lag_3y,shares_outstanding_pct_change_2y,market_trend,3,2,shares_outstanding[t] / shares_outstanding[t - 24 calendar months] - 1,fractional change,NaN retained; zero-denominator ratios and incomplete rolling windows are NaN,
shares_outstanding_pct_change_3y_lag_3y,shares_outstanding_pct_change_3y,market_trend,3,2,shares_outstanding[t] / shares_outstanding[t - 36 calendar months] - 1,fractional change,NaN retained; zero-denominator ratios and incomplete rolling windows are NaN,
volume_pct_change_1y_lag_3y,volume_pct_change_1y,market_trend,3,2,volume[t] / volume[t - 12 calendar months] - 1,fractional change,NaN retained; zero-denominator ratios and incomplete rolling windows are NaN,
volume_pct_change_2y_lag_3y,volume_pct_change_2y,market_trend,3,2,volume[t] / volume[t - 24 calendar months] - 1,fractional change,NaN retained; zero-denominator ratios and incomplete rolling windows are NaN,
volume_pct_change_3y_lag_3y,volume_pct_change_3y,market_trend,3,2,volume[t] / volume[t - 36 calendar months] - 1,fractional change,NaN retained; zero-denominator ratios and incomplete rolling windows are NaN,
monthly_return_lag_3y,monthly_return,market_derived,3,2,"adjusted_price.pct_change(1); complete monthly grid, no fill, full rolling windows",see formula/source units,NaN retained; zero-denominator ratios and incomplete rolling windows are NaN,
return_3m_lag_3y,return_3m,market_derived,3,2,"adjusted_price.pct_change(3); complete monthly grid, no fill, full rolling windows",see formula/source units,NaN retained; zero-denominator ratios and incomplete rolling windows are NaN,
return_6m_lag_3y,return_6m,market_derived,3,2,"adjusted_price.pct_change(6); complete monthly grid, no fill, full rolling windows",see formula/source units,NaN retained; zero-denominator ratios and incomplete rolling windows are NaN,
return_12m_lag_3y,return_12m,market_derived,3,2,"adjusted_price.pct_change(12); complete monthly grid, no fill, full rolling windows",see formula/source units,NaN retained; zero-denominator ratios and incomplete rolling windows are NaN,
volatility_3m_lag_3y,volatility_3m,market_derived,3,2,"monthly_return.rolling(3).std() * sqrt(12); complete monthly grid, no fill, full rolling windows",see formula/source units,NaN retained; zero-denominator ratios and incomplete rolling windows are NaN,
volatility_6m_lag_3y,volatility_6m,market_derived,3,2,"monthly_return.rolling(6).std() * sqrt(12); complete monthly grid, no fill, full rolling windows",see formula/source units,NaN retained; zero-denominator ratios and incomplete rolling windows are NaN,
volatility_12m_lag_3y,volatility_12m,market_derived,3,2,"monthly_return.rolling(12).std() * sqrt(12); complete monthly grid, no fill, full rolling windows",see formula/source units,NaN retained; zero-denominator ratios and incomplete rolling windows are NaN,
rolling_max_price_12m_lag_3y,rolling_max_price_12m,market_derived,3,2,"adjusted_price.rolling(12).max(); complete monthly grid, no fill, full rolling windows",see formula/source units,NaN retained; zero-denominator ratios and incomplete rolling windows are NaN,
drawdown_12m_lag_3y,drawdown_12m,market_derived,3,2,"adjusted_price / rolling_max_price_12m - 1; complete monthly grid, no fill, full rolling windows",see formula/source units,NaN retained; zero-denominator ratios and incomplete rolling windows are NaN,
maximum_drawdown_12m_lag_3y,maximum_drawdown_12m,market_derived,3,2,"drawdown_12m.rolling(12).min(); complete monthly grid, no fill, full rolling windows",see formula/source units,NaN retained; zero-denominator ratios and incomplete rolling windows are NaN,
average_volume_12m_lag_3y,average_volume_12m,market_derived,3,2,"volume.rolling(12).mean(); complete monthly grid, no fill, full rolling windows",see formula/source units,NaN retained; zero-denominator ratios and incomplete rolling windows are NaN,
volume_volatility_12m_lag_3y,volume_volatility_12m,market_derived,3,2,"volume.rolling(12).std(); complete monthly grid, no fill, full rolling windows",see formula/source units,NaN retained; zero-denominator ratios and incomplete rolling windows are NaN,
average_market_cap_12m_lag_3y,average_market_cap_12m,market_derived,3,2,"market_cap.rolling(12).mean(); complete monthly grid, no fill, full rolling windows",see formula/source units,NaN retained; zero-denominator ratios and incomplete rolling windows are NaN,
market_cap_growth_12m_lag_3y,market_cap_growth_12m,market_derived,3,2,"market_cap.pct_change(12); complete monthly grid, no fill, full rolling windows",see formula/source units,NaN retained; zero-denominator ratios and incomplete rolling windows are NaN,
inflation_cpi_yoy_lag_3y,inflation_cpi_yoy,macro_original,3,2,CPI YOY Index / PX_LAST; latest observation by month-end,Bloomberg source units,NaN retained; zero-denominator ratios and incomplete rolling windows are NaN,
real_gdp_growth_lag_3y,real_gdp_growth,macro_original,3,2,GDP CQOQ Index / PX_LAST; latest observation by month-end,Bloomberg source units,NaN retained; zero-denominator ratios and incomplete rolling windows are NaN,
unemployment_rate_lag_3y,unemployment_rate,macro_original,3,2,USURTOT Index / PX_LAST; latest observation by month-end,Bloomberg source units,NaN retained; zero-denominator ratios and incomplete rolling windows are NaN,
effective_federal_funds_rate_lag_3y,effective_federal_funds_rate,macro_original,3,2,FEDL01 Index / PX_LAST; latest observation by month-end,Bloomberg source units,NaN retained; zero-denominator ratios and incomplete rolling windows are NaN,
treasury_3m_rate_lag_3y,treasury_3m_rate,macro_original,3,2,USGG3M Index / PX_LAST; latest observation by month-end,Bloomberg source units,NaN retained; zero-denominator ratios and incomplete rolling windows are NaN,
treasury_10y_rate_lag_3y,treasury_10y_rate,macro_original,3,2,USGG10YR Index / PX_LAST; latest observation by month-end,Bloomberg source units,NaN retained; zero-denominator ratios and incomplete rolling windows are NaN,
credit_spread_lag_3y,credit_spread,macro_original,3,2,LUACTRUU Index / PX_LAST; latest observation by month-end,Bloomberg source units,NaN retained; zero-denominator ratios and incomplete rolling windows are NaN,"LUACTRUU PX_LAST is a corporate-bond total-return index, not a yield spread; requested alias retained."
vix_lag_3y,vix,macro_original,3,2,VIX Index / PX_LAST; latest observation by month-end,Bloomberg source units,NaN retained; zero-denominator ratios and incomplete rolling windows are NaN,
yield_curve_slope_lag_3y,yield_curve_slope,macro_derived,3,2,treasury_10y_rate - treasury_3m_rate; differences use month-end levels,source-unit difference,NaN retained; zero-denominator ratios and incomplete rolling windows are NaN,
yield_curve_inverted_lag_3y,yield_curve_inverted,macro_derived,3,2,treasury_10y_rate < treasury_3m_rate; differences use month-end levels,0/1,NaN retained; zero-denominator ratios and incomplete rolling windows are NaN,
real_policy_rate_lag_3y,real_policy_rate,macro_derived,3,2,effective_federal_funds_rate - inflation_cpi_yoy; differences use month-end levels,source-unit difference,NaN retained; zero-denominator ratios and incomplete rolling windows are NaN,
credit_spread_change_lag_3y,credit_spread_change,macro_derived,3,2,credit_spread.diff(); differences use month-end levels,source-unit difference,NaN retained; zero-denominator ratios and incomplete rolling windows are NaN,"LUACTRUU PX_LAST is a corporate-bond total-return index, not a yield spread; requested alias retained."
vix_change_lag_3y,vix_change,macro_derived,3,2,vix.diff(); differences use month-end levels,source-unit difference,NaN retained; zero-denominator ratios and incomplete rolling windows are NaN,
