ratio,sample_role,variable,category,bankrupt_mean,control_mean,smd,abs_smd,n_pairs
1:1,robustness,log_market_cap,,3.5576924256845945,3.8229180534750045,-0.18581926547458685,0.18581926547458685,147
1:1,robustness,log_total_assets,,6.939581910940378,4.285305271463146,1.679000634284914,1.679000634284914,148
1:1,robustness,prediction_year,,2009.5743243243244,2009.5675675675675,0.0009176158107478251,0.0009176158107478251,148
1:1,robustness,financial_history_years,,4.77027027027027,10.797297297297296,-1.3090592836337986,1.3090592836337986,148
1:1,robustness,market_history_months,,55.858108108108105,135.1081081081081,-1.3544082416411252,1.3544082416411252,148
1:1,robustness,industry,advertising & marketing,0.013513513513513514,0.013513513513513514,0.0,0.0,148
1:1,robustness,industry,aerospace & defense,0.006756756756756757,0.006756756756756757,0.0,0.0,148
1:1,robustness,industry,apparel & textile products,0.033783783783783786,0.033783783783783786,0.0,0.0,148
1:1,robustness,industry,automotive,0.0472972972972973,0.0472972972972973,0.0,0.0,148
1:1,robustness,industry,beverages,0.006756756756756757,0.006756756756756757,0.0,0.0,148
1:1,robustness,industry,biotech & pharma,0.02027027027027027,0.02027027027027027,0.0,0.0,148
1:1,robustness,industry,cable & satellite,0.006756756756756757,0.006756756756756757,0.0,0.0,148
1:1,robustness,industry,chemicals,0.006756756756756757,0.006756756756756757,0.0,0.0,148
1:1,robustness,industry,commercial support services,0.02702702702702703,0.02702702702702703,0.0,0.0,148
1:1,robustness,industry,construction materials,0.013513513513513514,0.013513513513513514,0.0,0.0,148
1:1,robustness,industry,consumer services,0.013513513513513514,0.013513513513513514,0.0,0.0,148
1:1,robustness,industry,electric utilities,0.02027027027027027,0.02027027027027027,0.0,0.0,148
1:1,robustness,industry,electrical equipment,0.006756756756756757,0.006756756756756757,0.0,0.0,148
1:1,robustness,industry,entertainment content,0.006756756756756757,0.006756756756756757,0.0,0.0,148
1:1,robustness,industry,"forestry, paper & wood products",0.02027027027027027,0.02027027027027027,0.0,0.0,148
1:1,robustness,industry,health care facilities & svcs,0.04054054054054054,0.04054054054054054,0.0,0.0,148
1:1,robustness,industry,home & office products,0.02027027027027027,0.02027027027027027,0.0,0.0,148
1:1,robustness,industry,home construction,0.013513513513513514,0.013513513513513514,0.0,0.0,148
1:1,robustness,industry,household products,0.006756756756756757,0.006756756756756757,0.0,0.0,148
1:1,robustness,industry,industrial support services,0.006756756756756757,0.006756756756756757,0.0,0.0,148
1:1,robustness,industry,internet media & services,0.006756756756756757,0.006756756756756757,0.0,0.0,148
1:1,robustness,industry,it services,0.013513513513513514,0.013513513513513514,0.0,0.0,148
1:1,robustness,industry,leisure facilities & services,0.013513513513513514,0.013513513513513514,0.0,0.0,148
1:1,robustness,industry,leisure products,0.006756756756756757,0.006756756756756757,0.0,0.0,148
1:1,robustness,industry,machinery,0.013513513513513514,0.013513513513513514,0.0,0.0,148
1:1,robustness,industry,metals & mining,0.0472972972972973,0.0472972972972973,0.0,0.0,148
1:1,robustness,industry,oil & gas services & equip,0.05405405405405406,0.05405405405405406,0.0,0.0,148
1:1,robustness,industry,oil & gas supply chain,0.12162162162162163,0.12162162162162163,0.0,0.0,148
1:1,robustness,industry,publishing & broadcasting,0.013513513513513514,0.013513513513513514,0.0,0.0,148
1:1,robustness,industry,renewable energy,0.013513513513513514,0.013513513513513514,0.0,0.0,148
1:1,robustness,industry,retail - consumer staples,0.006756756756756757,0.006756756756756757,0.0,0.0,148
1:1,robustness,industry,retail - discretionary,0.11486486486486487,0.11486486486486487,0.0,0.0,148
1:1,robustness,industry,semiconductors,0.013513513513513514,0.013513513513513514,0.0,0.0,148
1:1,robustness,industry,software,0.006756756756756757,0.006756756756756757,0.0,0.0,148
1:1,robustness,industry,steel,0.02702702702702703,0.02702702702702703,0.0,0.0,148
1:1,robustness,industry,technology hardware,0.0472972972972973,0.0472972972972973,0.0,0.0,148
1:1,robustness,industry,telecommunications,0.0472972972972973,0.0472972972972973,0.0,0.0,148
1:1,robustness,industry,tobacco & cannabis,0.006756756756756757,0.006756756756756757,0.0,0.0,148
1:1,robustness,industry,transportation & logistics,0.05405405405405406,0.05405405405405406,0.0,0.0,148
1:1,robustness,industry,wholesale - consumer staples,0.006756756756756757,0.006756756756756757,0.0,0.0,148
1:1,robustness,industry,wholesale - discretionary,0.02702702702702703,0.02702702702702703,0.0,0.0,148
1:1,robustness,sector,communications,0.0945945945945946,0.0945945945945946,0.0,0.0,148
1:1,robustness,sector,consumer discretionary,0.2905405405405405,0.2905405405405405,0.0,0.0,148
1:1,robustness,sector,consumer staples,0.033783783783783786,0.033783783783783786,0.0,0.0,148
1:1,robustness,sector,energy,0.1891891891891892,0.1891891891891892,0.0,0.0,148
1:1,robustness,sector,health care,0.060810810810810814,0.060810810810810814,0.0,0.0,148
1:1,robustness,sector,industrials,0.11486486486486487,0.11486486486486487,0.0,0.0,148
1:1,robustness,sector,materials,0.11486486486486487,0.11486486486486487,0.0,0.0,148
1:1,robustness,sector,technology,0.08108108108108109,0.08108108108108109,0.0,0.0,148
1:1,robustness,sector,utilities,0.02027027027027027,0.02027027027027027,0.0,0.0,148
1:2,primary,log_market_cap,,3.5652072755005477,3.941362716408659,-0.25900320058773135,0.25900320058773135,292
1:2,primary,log_total_assets,,6.939581910940378,4.40734569038673,1.6010766434572654,1.6010766434572654,296
1:2,primary,prediction_year,,2009.5743243243244,2009.5675675675675,0.0009191750570903359,0.0009191750570903359,296
1:2,primary,financial_history_years,,4.77027027027027,11.0,-1.400484572002655,1.400484572002655,296
1:2,primary,market_history_months,,55.858108108108105,139.35472972972974,-1.4007076402179617,1.4007076402179617,296
1:2,primary,industry,advertising & marketing,0.013513513513513514,0.013513513513513514,0.0,0.0,296
1:2,primary,industry,aerospace & defense,0.006756756756756757,0.006756756756756757,0.0,0.0,296
1:2,primary,industry,apparel & textile products,0.033783783783783786,0.033783783783783786,0.0,0.0,296
1:2,primary,industry,automotive,0.0472972972972973,0.0472972972972973,0.0,0.0,296
1:2,primary,industry,beverages,0.006756756756756757,0.006756756756756757,0.0,0.0,296
1:2,primary,industry,biotech & pharma,0.02027027027027027,0.02027027027027027,0.0,0.0,296
1:2,primary,industry,cable & satellite,0.006756756756756757,0.006756756756756757,0.0,0.0,296
1:2,primary,industry,chemicals,0.006756756756756757,0.006756756756756757,0.0,0.0,296
1:2,primary,industry,commercial support services,0.02702702702702703,0.02702702702702703,0.0,0.0,296
1:2,primary,industry,construction materials,0.013513513513513514,0.013513513513513514,0.0,0.0,296
1:2,primary,industry,consumer services,0.013513513513513514,0.013513513513513514,0.0,0.0,296
1:2,primary,industry,electric utilities,0.02027027027027027,0.02027027027027027,0.0,0.0,296
1:2,primary,industry,electrical equipment,0.006756756756756757,0.006756756756756757,0.0,0.0,296
1:2,primary,industry,entertainment content,0.006756756756756757,0.006756756756756757,0.0,0.0,296
1:2,primary,industry,"forestry, paper & wood products",0.02027027027027027,0.02027027027027027,0.0,0.0,296
1:2,primary,industry,health care facilities & svcs,0.04054054054054054,0.04054054054054054,0.0,0.0,296
1:2,primary,industry,home & office products,0.02027027027027027,0.02027027027027027,0.0,0.0,296
1:2,primary,industry,home construction,0.013513513513513514,0.013513513513513514,0.0,0.0,296
1:2,primary,industry,household products,0.006756756756756757,0.006756756756756757,0.0,0.0,296
1:2,primary,industry,industrial support services,0.006756756756756757,0.006756756756756757,0.0,0.0,296
1:2,primary,industry,internet media & services,0.006756756756756757,0.006756756756756757,0.0,0.0,296
1:2,primary,industry,it services,0.013513513513513514,0.013513513513513514,0.0,0.0,296
1:2,primary,industry,leisure facilities & services,0.013513513513513514,0.013513513513513514,0.0,0.0,296
1:2,primary,industry,leisure products,0.006756756756756757,0.006756756756756757,0.0,0.0,296
1:2,primary,industry,machinery,0.013513513513513514,0.013513513513513514,0.0,0.0,296
1:2,primary,industry,metals & mining,0.0472972972972973,0.0472972972972973,0.0,0.0,296
1:2,primary,industry,oil & gas services & equip,0.05405405405405406,0.05405405405405406,0.0,0.0,296
1:2,primary,industry,oil & gas supply chain,0.12162162162162163,0.12162162162162163,0.0,0.0,296
1:2,primary,industry,publishing & broadcasting,0.013513513513513514,0.013513513513513514,0.0,0.0,296
1:2,primary,industry,renewable energy,0.013513513513513514,0.013513513513513514,0.0,0.0,296
1:2,primary,industry,retail - consumer staples,0.006756756756756757,0.006756756756756757,0.0,0.0,296
1:2,primary,industry,retail - discretionary,0.11486486486486487,0.11486486486486487,0.0,0.0,296
1:2,primary,industry,semiconductors,0.013513513513513514,0.013513513513513514,0.0,0.0,296
1:2,primary,industry,software,0.006756756756756757,0.006756756756756757,0.0,0.0,296
1:2,primary,industry,steel,0.02702702702702703,0.02702702702702703,0.0,0.0,296
1:2,primary,industry,technology hardware,0.0472972972972973,0.0472972972972973,0.0,0.0,296
1:2,primary,industry,telecommunications,0.0472972972972973,0.0472972972972973,0.0,0.0,296
1:2,primary,industry,tobacco & cannabis,0.006756756756756757,0.006756756756756757,0.0,0.0,296
1:2,primary,industry,transportation & logistics,0.05405405405405406,0.05405405405405406,0.0,0.0,296
1:2,primary,industry,wholesale - consumer staples,0.006756756756756757,0.006756756756756757,0.0,0.0,296
1:2,primary,industry,wholesale - discretionary,0.02702702702702703,0.02702702702702703,0.0,0.0,296
1:2,primary,sector,communications,0.0945945945945946,0.0945945945945946,0.0,0.0,296
1:2,primary,sector,consumer discretionary,0.2905405405405405,0.2905405405405405,0.0,0.0,296
1:2,primary,sector,consumer staples,0.033783783783783786,0.033783783783783786,0.0,0.0,296
1:2,primary,sector,energy,0.1891891891891892,0.1891891891891892,0.0,0.0,296
1:2,primary,sector,health care,0.060810810810810814,0.060810810810810814,0.0,0.0,296
1:2,primary,sector,industrials,0.11486486486486487,0.11486486486486487,0.0,0.0,296
1:2,primary,sector,materials,0.11486486486486487,0.11486486486486487,0.0,0.0,296
1:2,primary,sector,technology,0.08108108108108109,0.08108108108108109,0.0,0.0,296
1:2,primary,sector,utilities,0.02027027027027027,0.02027027027027027,0.0,0.0,296
1:3,robustness,log_market_cap,,3.562690913489283,4.064987379753349,-0.34063314453627824,0.34063314453627824,439
1:3,robustness,log_total_assets,,6.939581910940378,4.506263062474281,1.5131165719230737,1.5131165719230737,444
1:3,robustness,prediction_year,,2009.5743243243244,2009.5675675675675,0.0009196942184178573,0.0009196942184178573,444
1:3,robustness,financial_history_years,,4.77027027027027,10.968468468468469,-1.390197255924596,1.390197255924596,444
1:3,robustness,market_history_months,,55.858108108108105,137.4617117117117,-1.365031688247187,1.365031688247187,444
1:3,robustness,industry,advertising & marketing,0.013513513513513514,0.013513513513513514,0.0,0.0,444
1:3,robustness,industry,aerospace & defense,0.006756756756756757,0.006756756756756757,0.0,0.0,444
1:3,robustness,industry,apparel & textile products,0.033783783783783786,0.033783783783783786,0.0,0.0,444
1:3,robustness,industry,automotive,0.0472972972972973,0.0472972972972973,0.0,0.0,444
1:3,robustness,industry,beverages,0.006756756756756757,0.006756756756756757,0.0,0.0,444
1:3,robustness,industry,biotech & pharma,0.02027027027027027,0.02027027027027027,0.0,0.0,444
1:3,robustness,industry,cable & satellite,0.006756756756756757,0.0045045045045045045,0.030069361709073112,0.030069361709073112,444
1:3,robustness,industry,chemicals,0.006756756756756757,0.006756756756756757,0.0,0.0,444
1:3,robustness,industry,commercial support services,0.02702702702702703,0.02702702702702703,0.0,0.0,444
1:3,robustness,industry,construction materials,0.013513513513513514,0.013513513513513514,0.0,0.0,444
1:3,robustness,industry,consumer services,0.013513513513513514,0.013513513513513514,0.0,0.0,444
1:3,robustness,industry,electric utilities,0.02027027027027027,0.02027027027027027,0.0,0.0,444
1:3,robustness,industry,electrical equipment,0.006756756756756757,0.006756756756756757,0.0,0.0,444
1:3,robustness,industry,entertainment content,0.006756756756756757,0.006756756756756757,0.0,0.0,444
1:3,robustness,industry,"forestry, paper & wood products",0.02027027027027027,0.02027027027027027,0.0,0.0,444
1:3,robustness,industry,health care facilities & svcs,0.04054054054054054,0.04054054054054054,0.0,0.0,444
1:3,robustness,industry,home & office products,0.02027027027027027,0.02027027027027027,0.0,0.0,444
1:3,robustness,industry,home construction,0.013513513513513514,0.013513513513513514,0.0,0.0,444
1:3,robustness,industry,household products,0.006756756756756757,0.006756756756756757,0.0,0.0,444
1:3,robustness,industry,industrial support services,0.006756756756756757,0.006756756756756757,0.0,0.0,444
1:3,robustness,industry,internet media & services,0.006756756756756757,0.006756756756756757,0.0,0.0,444
1:3,robustness,industry,it services,0.013513513513513514,0.013513513513513514,0.0,0.0,444
1:3,robustness,industry,leisure facilities & services,0.013513513513513514,0.013513513513513514,0.0,0.0,444
1:3,robustness,industry,leisure products,0.006756756756756757,0.006756756756756757,0.0,0.0,444
1:3,robustness,industry,machinery,0.013513513513513514,0.013513513513513514,0.0,0.0,444
1:3,robustness,industry,metals & mining,0.0472972972972973,0.0472972972972973,0.0,0.0,444
1:3,robustness,industry,oil & gas services & equip,0.05405405405405406,0.05405405405405406,0.0,0.0,444
1:3,robustness,industry,oil & gas supply chain,0.12162162162162163,0.12162162162162163,0.0,0.0,444
1:3,robustness,industry,publishing & broadcasting,0.013513513513513514,0.013513513513513514,0.0,0.0,444
1:3,robustness,industry,renewable energy,0.013513513513513514,0.013513513513513514,0.0,0.0,444
1:3,robustness,industry,retail - consumer staples,0.006756756756756757,0.006756756756756757,0.0,0.0,444
1:3,robustness,industry,retail - discretionary,0.11486486486486487,0.11486486486486487,0.0,0.0,444
1:3,robustness,industry,semiconductors,0.013513513513513514,0.013513513513513514,0.0,0.0,444
1:3,robustness,industry,software,0.006756756756756757,0.006756756756756757,0.0,0.0,444
1:3,robustness,industry,steel,0.02702702702702703,0.02702702702702703,0.0,0.0,444
1:3,robustness,industry,technology hardware,0.0472972972972973,0.0472972972972973,0.0,0.0,444
1:3,robustness,industry,telecommunications,0.0472972972972973,0.04954954954954955,-0.010480542605108263,0.010480542605108263,444
1:3,robustness,industry,tobacco & cannabis,0.006756756756756757,0.006756756756756757,0.0,0.0,444
1:3,robustness,industry,transportation & logistics,0.05405405405405406,0.05405405405405406,0.0,0.0,444
1:3,robustness,industry,wholesale - consumer staples,0.006756756756756757,0.006756756756756757,0.0,0.0,444
1:3,robustness,industry,wholesale - discretionary,0.02702702702702703,0.02702702702702703,0.0,0.0,444
1:3,robustness,sector,communications,0.0945945945945946,0.0945945945945946,0.0,0.0,444
1:3,robustness,sector,consumer discretionary,0.2905405405405405,0.2905405405405405,0.0,0.0,444
1:3,robustness,sector,consumer staples,0.033783783783783786,0.033783783783783786,0.0,0.0,444
1:3,robustness,sector,energy,0.1891891891891892,0.1891891891891892,0.0,0.0,444
1:3,robustness,sector,health care,0.060810810810810814,0.060810810810810814,0.0,0.0,444
1:3,robustness,sector,industrials,0.11486486486486487,0.11486486486486487,0.0,0.0,444
1:3,robustness,sector,materials,0.11486486486486487,0.11486486486486487,0.0,0.0,444
1:3,robustness,sector,technology,0.08108108108108109,0.08108108108108109,0.0,0.0,444
1:3,robustness,sector,utilities,0.02027027027027027,0.02027027027027027,0.0,0.0,444
