scenario,comparison,feature_set,matching_ratio,control_replacement,horizon_months,missing_indicators,split,events,companies,bankrupt_events,prevalence,mean_controls_per_case,predictor_count,labels_changed_from_12m,selected_C,validation_average_precision_for_selection,roc_auc,pr_auc_average_precision,balanced_accuracy,sensitivity,specificity,f1,brier_score
financial_only,feature_family,financial_only,2,True,12,True,train,222,191,80,0.36036036036036034,1.869047619047619,316,0,0.1,0.8278053907150325,0.9315140845070423,0.8852068293358567,0.8764964788732394,0.8375,0.9154929577464789,0.8427672955974843,0.13670075137519058
financial_only,feature_family,financial_only,2,True,12,True,validation,64,60,24,0.375,1.869047619047619,316,0,0.1,0.8278053907150325,0.8895833333333334,0.8278053907150325,0.8083333333333333,0.7916666666666666,0.825,0.76,0.14174699567887636
financial_only,feature_family,financial_only,2,True,12,True,test,190,182,64,0.3368421052631579,1.869047619047619,316,0,0.1,0.8278053907150325,0.697296626984127,0.5036072885486544,0.6702628968253967,0.546875,0.7936507936507936,0.56,0.21961663615513988
financial_plus_market,feature_family,financial_plus_market,2,True,12,True,train,222,191,80,0.36036036036036034,1.869047619047619,388,0,0.1,0.8517135996226075,0.963644366197183,0.939176159537027,0.8893485915492958,0.9125,0.8661971830985915,0.8488372093023255,0.09600422620173461
financial_plus_market,feature_family,financial_plus_market,2,True,12,True,validation,64,60,24,0.375,1.869047619047619,388,0,0.1,0.8517135996226075,0.8687499999999999,0.8517135996226075,0.8291666666666666,0.8333333333333334,0.825,0.7843137254901961,0.14117640391878528
financial_plus_market,feature_family,financial_plus_market,2,True,12,True,test,190,182,64,0.3368421052631579,1.869047619047619,388,0,0.1,0.8517135996226075,0.7836061507936507,0.612384902405429,0.7248263888888888,0.671875,0.7777777777777778,0.6370370370370371,0.18155400306770092
financial_plus_macro,feature_family,financial_plus_macro,2,True,12,True,train,222,191,80,0.36036036036036034,1.869047619047619,394,0,0.1,0.8278053907150325,0.9314260563380282,0.8851074452373124,0.8764964788732394,0.8375,0.9154929577464789,0.8427672955974843,0.13670520165588865
financial_plus_macro,feature_family,financial_plus_macro,2,True,12,True,validation,64,60,24,0.375,1.869047619047619,394,0,0.1,0.8278053907150325,0.8895833333333334,0.8278053907150325,0.8083333333333333,0.7916666666666666,0.825,0.76,0.14174383740561844
financial_plus_macro,feature_family,financial_plus_macro,2,True,12,True,test,190,182,64,0.3368421052631579,1.869047619047619,394,0,0.1,0.8278053907150325,0.6969246031746033,0.5031517769397712,0.6702628968253967,0.546875,0.7936507936507936,0.56,0.21961426420806412
original_levels_only,feature_family,original_levels_only,2,True,12,True,train,222,191,80,0.36036036036036034,1.869047619047619,65,0,1.0,0.8985077128062883,0.9721830985915494,0.949839570818748,0.9163732394366197,0.875,0.9577464788732394,0.8974358974358975,0.08437724823907544
original_levels_only,feature_family,original_levels_only,2,True,12,True,validation,64,60,24,0.375,1.869047619047619,65,0,1.0,0.8985077128062883,0.9322916666666667,0.8985077128062883,0.8666666666666667,0.8333333333333334,0.9,0.8333333333333334,0.11084458947803563
original_levels_only,feature_family,original_levels_only,2,True,12,True,test,190,182,64,0.3368421052631579,1.869047619047619,65,0,1.0,0.8985077128062883,0.7746775793650793,0.7072394248410845,0.6945684523809523,0.484375,0.9047619047619048,0.5794392523364486,0.17275996346828243
derived_ratios_only,feature_family,derived_ratios_only,2,True,12,True,train,222,191,80,0.36036036036036034,1.869047619047619,16,0,0.1,0.6704478536395438,0.8342429577464789,0.6835815807909226,0.7423415492957746,0.7875,0.6971830985915493,0.6774193548387096,0.1858553657591019
derived_ratios_only,feature_family,derived_ratios_only,2,True,12,True,validation,64,60,24,0.375,1.869047619047619,16,0,0.1,0.6704478536395438,0.8135416666666666,0.6704478536395438,0.7416666666666667,0.7083333333333334,0.775,0.68,0.19209992587310493
derived_ratios_only,feature_family,derived_ratios_only,2,True,12,True,test,190,182,64,0.3368421052631579,1.869047619047619,16,0,0.1,0.6704478536395438,0.7433035714285715,0.5445718335277977,0.7093253968253967,0.625,0.7936507936507936,0.6153846153846154,0.2035879820587646
trends_only,feature_family,trends_only,2,True,12,True,train,222,191,80,0.36036036036036034,1.869047619047619,320,0,0.1,0.7742749869802082,0.9338028169014084,0.9076853387066756,0.8361795774647888,0.8625,0.8098591549295775,0.7840909090909091,0.12761099147314078
trends_only,feature_family,trends_only,2,True,12,True,validation,64,60,24,0.375,1.869047619047619,320,0,0.1,0.7742749869802082,0.7927083333333332,0.7742749869802082,0.7333333333333334,0.7916666666666666,0.675,0.6785714285714286,0.19839035671578895
trends_only,feature_family,trends_only,2,True,12,True,test,190,182,64,0.3368421052631579,1.869047619047619,320,0,0.1,0.7742749869802082,0.7211061507936508,0.4678989400839955,0.6831597222222222,0.921875,0.4444444444444444,0.6113989637305699,0.2724724283565132
trends_1y,feature_family,trends_1y,2,True,12,True,train,222,191,80,0.36036036036036034,1.869047619047619,110,0,0.1,0.8046999242226414,0.8684859154929578,0.8368662049078732,0.7822183098591549,0.825,0.7394366197183099,0.7213114754098361,0.16261173501016676
trends_1y,feature_family,trends_1y,2,True,12,True,validation,64,60,24,0.375,1.869047619047619,110,0,0.1,0.8046999242226414,0.8864583333333333,0.8046999242226414,0.7708333333333333,0.9166666666666666,0.625,0.7213114754098361,0.16985394823732392
trends_1y,feature_family,trends_1y,2,True,12,True,test,190,182,64,0.3368421052631579,1.869047619047619,110,0,0.1,0.8046999242226414,0.6558159722222221,0.42357654884367113,0.644469246031746,0.796875,0.49206349206349204,0.5698324022346368,0.29100107747359816
trends_2y,feature_family,trends_2y,2,True,12,True,train,222,191,80,0.36036036036036034,1.869047619047619,110,0,0.1,0.7431003483403986,0.896919014084507,0.8348062946598228,0.8161971830985916,0.9,0.7323943661971831,0.7578947368421053,0.15755141730994593
trends_2y,feature_family,trends_2y,2,True,12,True,validation,64,60,24,0.375,1.869047619047619,110,0,0.1,0.7431003483403986,0.7979166666666667,0.7431003483403986,0.7041666666666666,0.8333333333333334,0.575,0.6557377049180327,0.1990104223911482
trends_2y,feature_family,trends_2y,2,True,12,True,test,190,182,64,0.3368421052631579,1.869047619047619,110,0,0.1,0.7431003483403986,0.8000992063492063,0.6539687541881316,0.6832837301587301,0.90625,0.4603174603174603,0.6105263157894737,0.21887667695264096
trends_3y,feature_family,trends_3y,2,True,12,True,train,222,191,80,0.36036036036036034,1.869047619047619,152,0,0.1,0.7884211089411042,0.9201584507042253,0.8933549318199375,0.8036971830985915,0.875,0.7323943661971831,0.7446808510638298,0.14636957018836838
trends_3y,feature_family,trends_3y,2,True,12,True,validation,64,60,24,0.375,1.869047619047619,152,0,0.1,0.7884211089411042,0.8145833333333333,0.7884211089411042,0.7291666666666667,0.8333333333333334,0.625,0.6779661016949152,0.19646644927155588
trends_3y,feature_family,trends_3y,2,True,12,True,test,190,182,64,0.3368421052631579,1.869047619047619,152,0,0.1,0.7884211089411042,0.7843501984126984,0.6284484656905567,0.683655753968254,0.859375,0.5079365079365079,0.6077348066298343,0.22260064563239343
trends_1to3y,feature_family,trends_1to3y,2,True,12,True,train,222,191,80,0.36036036036036034,1.869047619047619,320,0,0.1,0.7742749869802082,0.9338028169014084,0.9076853387066756,0.8361795774647888,0.8625,0.8098591549295775,0.7840909090909091,0.12761099147314078
trends_1to3y,feature_family,trends_1to3y,2,True,12,True,validation,64,60,24,0.375,1.869047619047619,320,0,0.1,0.7742749869802082,0.7927083333333332,0.7742749869802082,0.7333333333333334,0.7916666666666666,0.675,0.6785714285714286,0.19839035671578895
trends_1to3y,feature_family,trends_1to3y,2,True,12,True,test,190,182,64,0.3368421052631579,1.869047619047619,320,0,0.1,0.7742749869802082,0.7211061507936508,0.4678989400839955,0.6831597222222222,0.921875,0.4444444444444444,0.6113989637305699,0.2724724283565132
all_features_with_missing_indicators,missingness,all_features,2,True,12,True,train,222,191,80,0.36036036036036034,1.869047619047619,466,0,0.1,0.8612664559155376,0.9726232394366197,0.9563528182349695,0.912411971830986,0.9375,0.8873239436619719,0.8771929824561403,0.08906700716431408
all_features_with_missing_indicators,missingness,all_features,2,True,12,True,validation,64,60,24,0.375,1.869047619047619,466,0,0.1,0.8612664559155376,0.8697916666666666,0.8612664559155376,0.8333333333333333,0.9166666666666666,0.75,0.7857142857142857,0.14855386254063918
all_features_with_missing_indicators,missingness,all_features,2,True,12,True,test,190,182,64,0.3368421052631579,1.869047619047619,466,0,0.1,0.8612664559155376,0.7884424603174603,0.6249833122982332,0.748015873015873,0.75,0.746031746031746,0.6666666666666666,0.18501204007159075
all_features_without_missing_indicators,missingness,all_features,2,True,12,False,train,222,191,80,0.36036036036036034,1.869047619047619,440,0,0.1,0.8612664559155376,0.9726232394366197,0.9563528182349695,0.912411971830986,0.9375,0.8873239436619719,0.8771929824561403,0.08906696513468369
all_features_without_missing_indicators,missingness,all_features,2,True,12,False,validation,64,60,24,0.375,1.869047619047619,440,0,0.1,0.8612664559155376,0.8697916666666666,0.8612664559155376,0.8333333333333333,0.9166666666666666,0.75,0.7857142857142857,0.1485516918280817
all_features_without_missing_indicators,missingness,all_features,2,True,12,False,test,190,182,64,0.3368421052631579,1.869047619047619,440,0,0.1,0.8612664559155376,0.7884424603174603,0.6249833122982332,0.748015873015873,0.75,0.746031746031746,0.6666666666666666,0.18500990495179273
matching_1to1,matching_ratio,all_features,1,True,12,True,train,149,141,75,0.5033557046979866,1.0,466,0,0.1,0.959326614291613,0.958018018018018,0.9519351598253694,0.8925225225225225,0.9066666666666666,0.8783783783783784,0.8947368421052632,0.10761978857186735
matching_1to1,matching_ratio,all_features,1,True,12,True,validation,42,40,21,0.5,1.0,466,0,0.1,0.959326614291613,0.9546485260770975,0.959326614291613,0.8571428571428572,0.9047619047619048,0.8095238095238095,0.8636363636363636,0.11191957374689489
matching_1to1,matching_ratio,all_features,1,True,12,True,test,128,124,64,0.5,1.0,466,0,0.1,0.959326614291613,0.6898193359375,0.5986934935294409,0.7265625,0.78125,0.671875,0.7407407407407407,0.24399186283784224
matching_1to2,matching_ratio,all_features,2,True,12,True,train,222,191,80,0.36036036036036034,1.869047619047619,466,0,0.1,0.8612664559155376,0.9726232394366197,0.9563528182349695,0.912411971830986,0.9375,0.8873239436619719,0.8771929824561403,0.08906700716431408
matching_1to2,matching_ratio,all_features,2,True,12,True,validation,64,60,24,0.375,1.869047619047619,466,0,0.1,0.8612664559155376,0.8697916666666666,0.8612664559155376,0.8333333333333333,0.9166666666666666,0.75,0.7857142857142857,0.14855386254063918
matching_1to2,matching_ratio,all_features,2,True,12,True,test,190,182,64,0.3368421052631579,1.869047619047619,466,0,0.1,0.8612664559155376,0.7884424603174603,0.6249833122982332,0.748015873015873,0.75,0.746031746031746,0.6666666666666666,0.18501204007159075
matching_1to3,matching_ratio,all_features,3,True,12,True,train,306,241,87,0.28431372549019607,2.7175141242937855,466,0,0.01,0.8214823715734391,0.8490001574555189,0.6782632633466855,0.7779877184695323,0.8390804597701149,0.7168949771689498,0.6576576576576577,0.23943065093451704
matching_1to3,matching_ratio,all_features,3,True,12,True,validation,86,79,26,0.3023255813953488,2.7175141242937855,466,0,0.01,0.8214823715734391,0.9108974358974359,0.8214823715734391,0.8141025641025641,0.9615384615384616,0.6666666666666666,0.704225352112676,0.2413904120861513
matching_1to3,matching_ratio,all_features,3,True,12,True,test,252,232,64,0.25396825396825395,2.7175141242937855,466,0,0.01,0.8214823715734391,0.7086103723404255,0.37281229939857996,0.6873337765957447,0.890625,0.48404255319148937,0.5229357798165137,0.24752843096872545
matching_1to2_without_replacement,control_replacement,all_features,2,False,12,True,train,187,187,76,0.40641711229946526,1.6257668711656441,466,0,0.1,0.8570463994091888,0.9624229492650546,0.9411134946935663,0.8974632527264106,0.9210526315789473,0.8738738738738738,0.875,0.09926478816034179
matching_1to2_without_replacement,control_replacement,all_features,2,False,12,True,validation,60,60,24,0.4,1.6257668711656441,466,0,0.1,0.8570463994091888,0.869212962962963,0.8570463994091888,0.8472222222222222,0.9166666666666666,0.7777777777777778,0.8148148148148148,0.15355099250953597
matching_1to2_without_replacement,control_replacement,all_features,2,False,12,True,test,181,181,63,0.34806629834254144,1.6257668711656441,466,0,0.1,0.8570463994091888,0.7841000807102502,0.6087185353141107,0.7442830239440409,0.7936507936507936,0.6949152542372882,0.6711409395973155,0.19347784542961755
outcome_6m,outcome_horizon,all_features,2,True,6,True,train,222,191,80,0.36036036036036034,1.869047619047619,466,0,0.1,0.8612664559155376,0.9726232394366197,0.9563528182349695,0.912411971830986,0.9375,0.8873239436619719,0.8771929824561403,0.08906700716431408
outcome_6m,outcome_horizon,all_features,2,True,6,True,validation,64,60,24,0.375,1.869047619047619,466,0,0.1,0.8612664559155376,0.8697916666666666,0.8612664559155376,0.8333333333333333,0.9166666666666666,0.75,0.7857142857142857,0.14855386254063918
outcome_6m,outcome_horizon,all_features,2,True,6,True,test,190,182,64,0.3368421052631579,1.869047619047619,466,0,0.1,0.8612664559155376,0.7884424603174603,0.6249833122982332,0.748015873015873,0.75,0.746031746031746,0.6666666666666666,0.18501204007159075
outcome_12m,outcome_horizon,all_features,2,True,12,True,train,222,191,80,0.36036036036036034,1.869047619047619,466,0,0.1,0.8612664559155376,0.9726232394366197,0.9563528182349695,0.912411971830986,0.9375,0.8873239436619719,0.8771929824561403,0.08906700716431408
outcome_12m,outcome_horizon,all_features,2,True,12,True,validation,64,60,24,0.375,1.869047619047619,466,0,0.1,0.8612664559155376,0.8697916666666666,0.8612664559155376,0.8333333333333333,0.9166666666666666,0.75,0.7857142857142857,0.14855386254063918
outcome_12m,outcome_horizon,all_features,2,True,12,True,test,190,182,64,0.3368421052631579,1.869047619047619,466,0,0.1,0.8612664559155376,0.7884424603174603,0.6249833122982332,0.748015873015873,0.75,0.746031746031746,0.6666666666666666,0.18501204007159075
