economic_priority,source_feature,feature,mutual_information_nats,mutual_information_rank,univariate_q_value,univariate_training_auc,max_abs_correlation,correlated_with,vif_at_removal_or_final,selected,selection_status,selection_reason
1,original_log_total_assets,numeric__original_log_total_assets,0.32227392560230683,2.0,1.7910358398825957e-08,0.8560995966059257,,,3.692725189639253,True,selected,pre-specified compact feature; nonconstant; passed correlation and VIF filters
2,original_log_market_cap,numeric__original_log_market_cap,0.0,415.0,0.2931718834484066,0.583599944359438,0.47958097028670194,,2.8478649362482518,True,selected,pre-specified compact feature; nonconstant; passed correlation and VIF filters
3,derived_debt_to_assets,numeric__derived_debt_to_assets,0.1761661674462418,68.0,0.1873167363700523,0.830574488802337,0.24227294841397318,,3.0332012540432474,True,selected,pre-specified compact feature; nonconstant; passed correlation and VIF filters
4,derived_liabilities_to_assets,numeric__derived_liabilities_to_assets,0.25521403558692857,7.0,0.5685959095458765,0.8589511754068716,0.8948528307848885,,13.390582139606702,False,excluded_vif,VIF filter: training VIF > 10
5,derived_cash_to_assets,numeric__derived_cash_to_assets,0.04848463543880843,214.0,0.000646545440444408,0.6819446376408401,0.2942276559360982,,1.5822970759986361,True,selected,pre-specified compact feature; nonconstant; passed correlation and VIF filters
6,derived_current_ratio,numeric__derived_current_ratio,0.06450010291470964,187.0,0.0014886497933402404,0.7164417860620391,0.4858572328174781,,1.846215921712977,True,selected,pre-specified compact feature; nonconstant; passed correlation and VIF filters
7,derived_ebit_to_assets,numeric__derived_ebit_to_assets,0.03942619326114505,236.0,0.7976862035647613,0.3502573375991097,0.5235818417024479,,7.378471150534633,True,selected,pre-specified compact feature; nonconstant; passed correlation and VIF filters
8,derived_ebitda_to_assets,numeric__derived_ebitda_to_assets,0.06792740205323033,176.0,0.7919804749069446,0.3682014188343302,0.9918094315144665,numeric__derived_ebit_to_assets,,False,excluded_correlation,correlation filter: |r| >= 0.95 with numeric__derived_ebit_to_assets
9,derived_operating_cash_flow_to_assets,numeric__derived_operating_cash_flow_to_assets,0.08496825369127348,155.0,0.9962278439864192,0.666434830991793,0.9112614298549387,,7.433396962083794,True,selected,pre-specified compact feature; nonconstant; passed correlation and VIF filters
10,derived_interest_coverage,numeric__derived_interest_coverage,0.16486628015576876,79.0,0.9841323145527021,0.6929336486298512,0.15375418057615384,,1.1401694209052307,True,selected,pre-specified compact feature; nonconstant; passed correlation and VIF filters
11,derived_free_cash_flow_to_debt,numeric__derived_free_cash_flow_to_debt,0.20046439217126433,44.0,0.9799989964868503,0.33453887884267636,0.3169742528080393,,1.3914442472407138,True,selected,pre-specified compact feature; nonconstant; passed correlation and VIF filters
12,derived_market_to_book,numeric__derived_market_to_book,0.012972703583799428,308.0,0.9962278439864192,0.587216580887467,0.620428179865151,,2.200469494339709,True,selected,pre-specified compact feature; nonconstant; passed correlation and VIF filters
13,trend_revenue_growth_1y,numeric__trend_revenue_growth_1y,0.027622553050713483,269.0,0.9904022811532477,0.597579635554319,0.18021681808411383,,1.2998153183400365,True,selected,pre-specified compact feature; nonconstant; passed correlation and VIF filters
14,trend_asset_growth_1y,numeric__trend_asset_growth_1y,0.026180705020065975,271.0,0.9865012149327669,0.6113506746418139,0.41313004480660925,,1.4421635273435764,True,selected,pre-specified compact feature; nonconstant; passed correlation and VIF filters
15,trend_debt_growth_1y,numeric__trend_debt_growth_1y,0.10969195932775921,133.0,0.9669404241089352,0.6375017387675616,0.1119083930629314,,1.069264868499342,True,selected,pre-specified compact feature; nonconstant; passed correlation and VIF filters
16,market_stock_return_12m,numeric__market_stock_return_12m,0.13945812311256955,101.0,1.1777760394291088e-06,0.8319655028515788,0.41773120878502923,,4.603209514525518,True,selected,pre-specified compact feature; nonconstant; passed correlation and VIF filters
17,market_volatility_12m,numeric__market_volatility_12m,0.13315479311797485,110.0,0.05708737398129261,0.7535818611767978,0.31761738502947257,,3.3228861974577906,True,selected,pre-specified compact feature; nonconstant; passed correlation and VIF filters
18,market_maximum_drawdown_12m,numeric__market_maximum_drawdown_12m,0.1951870431454792,48.0,1.6181620348006698e-11,0.842398108220893,0.7400219896136261,,7.797773890552977,True,selected,pre-specified compact feature; nonconstant; passed correlation and VIF filters
19,macro_inflation,numeric__macro_inflation,0.0,415.0,0.8693053213633775,0.531506468215329,0.2875421546257125,,1.3519825510617074,True,selected,pre-specified compact feature; nonconstant; passed correlation and VIF filters
20,macro_unemployment,numeric__macro_unemployment,0.0,415.0,0.996624145366735,0.4979134789261372,0.3874368835241417,,3.982830810028228,True,selected,pre-specified compact feature; nonconstant; passed correlation and VIF filters
21,macro_interest_rate,numeric__macro_interest_rate,0.0,415.0,0.9962278439864192,0.49906106551676177,0.847516980722836,,4.047216489805624,True,selected,pre-specified compact feature; nonconstant; passed correlation and VIF filters
22,macro_credit_spread,numeric__macro_credit_spread,,,,,,,,False,excluded,not available in training matrix
