candidate_id,n_estimators,learning_rate,max_depth,min_samples_leaf,mean_validation_pr_auc,mean_validation_roc_auc,mean_validation_brier_score
trees100_lr0.1_depth2_leaf20,100,0.1,2,20,0.8966496740094698,0.9456517320080073,0.10245413593449462
trees100_lr0.05_depth2_leaf10,100,0.05,2,10,0.8899676691365913,0.942193958793149,0.09807336362342407
trees100_lr0.05_depth2_leaf20,100,0.05,2,20,0.8801533100923562,0.9374601197273262,0.09547247038006265
trees100_lr0.1_depth2_leaf10,100,0.1,2,10,0.8780865507956486,0.9426619100100881,0.10506933602257992
trees200_lr0.05_depth2_leaf10,200,0.05,2,10,0.8741443581852659,0.9381190510137879,0.10480318580437527
trees200_lr0.05_depth1_leaf20,200,0.05,1,20,0.8740455607838369,0.9328873764501295,0.1009770247538348
trees200_lr0.05_depth2_leaf20,200,0.05,2,20,0.8735346160355816,0.937625979690757,0.10039490911790577
trees200_lr0.1_depth2_leaf20,200,0.1,2,20,0.8723920911876633,0.9378491071001193,0.10288185040474815
trees200_lr0.1_depth2_leaf10,200,0.1,2,10,0.8713912245151532,0.9378497393477151,0.10802648620274304
trees100_lr0.05_depth1_leaf10,100,0.05,1,10,0.8708961121561103,0.9326637964289786,0.0997510293415271
trees100_lr0.05_depth1_leaf20,100,0.05,1,20,0.869463857834924,0.9315526853178675,0.09869782128856659
trees100_lr0.1_depth1_leaf10,100,0.1,1,10,0.8595721561540881,0.9285711118099782,0.1087686948430679
trees100_lr0.1_depth1_leaf20,100,0.1,1,20,0.85704323727455,0.92495856182091,0.10476095052517384
trees200_lr0.05_depth1_leaf10,200,0.05,1,10,0.8492960998119201,0.9269925020937166,0.10362343802375985
trees200_lr0.1_depth1_leaf20,200,0.1,1,20,0.8487082124495873,0.9290346908565532,0.10565894290349709
trees200_lr0.1_depth1_leaf10,200,0.1,1,10,0.8293709798143968,0.9205936702292977,0.11580447900439335
