n,bankrupt_n,prevalence,threshold,roc_auc,pr_auc_average_precision,pr_auc_trapezoidal,balanced_accuracy,sensitivity,specificity,f1,brier_score,tn,fp,fn,tp,distance_from_half
172,58,0.3372093023255814,0.5342924787555884,0.9184815486993345,0.8158783580064064,0.8130271536660406,0.8868723532970357,0.896551724137931,0.8771929824561403,0.8387096774193549,0.20622631526795562,100,14,6,52,0.034292478755588385
172,58,0.3372093023255814,0.5320241160322534,0.9184815486993345,0.8158783580064064,0.8130271536660406,0.882486388384755,0.896551724137931,0.868421052631579,0.832,0.20622631526795562,99,15,6,52,0.032024116032253414
172,58,0.3372093023255814,0.5351984942121919,0.9184815486993345,0.8158783580064064,0.8130271536660406,0.8782516636418632,0.8793103448275862,0.8771929824561403,0.8292682926829268,0.20622631526795562,100,14,7,51,0.0351984942121919
172,58,0.3372093023255814,0.5300899299129246,0.9184815486993345,0.8158783580064064,0.8130271536660406,0.8781004234724743,0.896551724137931,0.8596491228070176,0.8253968253968254,0.20622631526795562,98,16,6,52,0.030089929912924585
172,58,0.3372093023255814,0.5255130948526276,0.9184815486993345,0.8158783580064064,0.8130271536660406,0.8779491833030852,0.9137931034482759,0.8421052631578947,0.8217054263565892,0.20622631526795562,96,18,5,53,0.02551309485262765
172,58,0.3372093023255814,0.5279714967898612,0.9184815486993345,0.8158783580064064,0.8130271536660406,0.8737144585601936,0.896551724137931,0.8508771929824561,0.8188976377952756,0.20622631526795562,97,17,6,52,0.027971496789861217
172,58,0.3372093023255814,0.5234251176424116,0.9184815486993345,0.8158783580064064,0.8130271536660406,0.8735632183908046,0.9137931034482759,0.8333333333333334,0.8153846153846154,0.20622631526795562,95,19,5,53,0.02342511764241162
172,58,0.3372093023255814,0.5181146431089148,0.9184815486993345,0.8158783580064064,0.8130271536660406,0.8734119782214156,0.9310344827586207,0.8157894736842105,0.8120300751879699,0.20622631526795562,93,21,4,54,0.018114643108914752
172,58,0.3372093023255814,0.5059487233514381,0.9184815486993345,0.8158783580064064,0.8130271536660406,0.8731094978826377,0.9655172413793104,0.7807017543859649,0.8057553956834532,0.20622631526795562,89,25,2,56,0.0059487233514381455
172,58,0.3372093023255814,0.5357519496699888,0.9184815486993345,0.8158783580064064,0.8130271536660406,0.8696309739866908,0.8620689655172413,0.8771929824561403,0.819672131147541,0.20622631526795562,100,14,8,50,0.03575194966998885
172,58,0.3372093023255814,0.5272130606685604,0.9184815486993345,0.8158783580064064,0.8130271536660406,0.8693284936479129,0.896551724137931,0.8421052631578947,0.8125,0.20622631526795562,96,18,6,52,0.02721306066856044
172,58,0.3372093023255814,0.5210153335512779,0.9184815486993345,0.8158783580064064,0.8130271536660406,0.8691772534785239,0.9137931034482759,0.8245614035087719,0.8091603053435115,0.20622631526795562,94,20,5,53,0.021015333551277937
172,58,0.3372093023255814,0.5177396012943325,0.9184815486993345,0.8158783580064064,0.8130271536660406,0.8690260133091349,0.9310344827586207,0.8070175438596491,0.8059701492537313,0.20622631526795562,92,22,4,54,0.017739601294332497
172,58,0.3372093023255814,0.5044229130524233,0.9184815486993345,0.8158783580064064,0.8130271536660406,0.8687235329703569,0.9655172413793104,0.7719298245614035,0.8,0.20622631526795562,88,26,2,56,0.004422913052423261
172,58,0.3372093023255814,0.5386557594337376,0.9184815486993345,0.8158783580064064,0.8130271536660406,0.8653962492437992,0.8448275862068966,0.8859649122807017,0.8166666666666667,0.20622631526795562,101,13,9,49,0.03865575943373756
172,58,0.3372093023255814,0.5205937642088627,0.9184815486993345,0.8158783580064064,0.8130271536660406,0.8647912885662432,0.9137931034482759,0.8157894736842105,0.803030303030303,0.20622631526795562,93,21,5,53,0.02059376420886272
172,58,0.3372093023255814,0.5163445677890675,0.9184815486993345,0.8158783580064064,0.8130271536660406,0.8646400483968542,0.9310344827586207,0.7982456140350878,0.8,0.20622631526795562,91,23,4,54,0.016344567789067455
172,58,0.3372093023255814,0.5126084018621639,0.9184815486993345,0.8158783580064064,0.8130271536660406,0.8644888082274652,0.9482758620689655,0.7807017543859649,0.7971014492753623,0.20622631526795562,89,25,3,55,0.012608401862163943
172,58,0.3372093023255814,0.5009259186652465,0.9184815486993345,0.8158783580064064,0.8130271536660406,0.8643375680580763,0.9655172413793104,0.7631578947368421,0.7943262411347518,0.20622631526795562,87,27,2,56,0.0009259186652464946
172,58,0.3372093023255814,0.5365010181343155,0.9184815486993345,0.8158783580064064,0.8130271536660406,0.8610102843315184,0.8448275862068966,0.8771929824561403,0.8099173553719008,0.20622631526795562,100,14,9,49,0.0365010181343155
172,58,0.3372093023255814,0.5156838998719548,0.9184815486993345,0.8158783580064064,0.8130271536660406,0.8602540834845736,0.9310344827586207,0.7894736842105263,0.7941176470588235,0.20622631526795562,90,24,4,54,0.015683899871954843
172,58,0.3372093023255814,0.5,0.9184815486993345,0.8158783580064064,0.8130271536660406,0.8599516031457956,0.9655172413793104,0.7543859649122807,0.7887323943661971,0.20622631526795562,86,28,2,56,0.0
172,58,0.3372093023255814,0.5000513936402523,0.9184815486993345,0.8158783580064064,0.8130271536660406,0.8599516031457956,0.9655172413793104,0.7543859649122807,0.7887323943661971,0.20622631526795562,86,28,2,56,5.1393640252306305e-05
172,58,0.3372093023255814,0.5391302967205638,0.9184815486993345,0.8158783580064064,0.8130271536660406,0.8567755595886267,0.8275862068965517,0.8859649122807017,0.8067226890756303,0.20622631526795562,101,13,10,48,0.039130296720563784
172,58,0.3372093023255814,0.5149278899727421,0.9184815486993345,0.8158783580064064,0.8130271536660406,0.8558681185722927,0.9310344827586207,0.7807017543859649,0.7883211678832117,0.20622631526795562,89,25,4,54,0.014927889972742081
172,58,0.3372093023255814,0.4998426347560005,0.9184815486993345,0.8158783580064064,0.8130271536660406,0.8555656382335148,0.9655172413793104,0.7456140350877193,0.7832167832167832,0.20622631526795562,85,29,2,56,0.0001573652439995077
172,58,0.3372093023255814,0.49674984150068097,0.9184815486993345,0.8158783580064064,0.8130271536660406,0.8511796733212341,0.9655172413793104,0.7368421052631579,0.7777777777777778,0.20622631526795562,84,30,2,56,0.0032501584993190336
172,58,0.3372093023255814,0.5441937860446053,0.9184815486993345,0.8158783580064064,0.8130271536660406,0.8481548699334542,0.8103448275862069,0.8859649122807017,0.7966101694915254,0.20622631526795562,101,13,11,47,0.04419378604460533
172,58,0.3372093023255814,0.496355181595523,0.9184815486993345,0.8158783580064064,0.8130271536660406,0.8467937084089534,0.9655172413793104,0.7280701754385965,0.7724137931034483,0.20622631526795562,83,31,2,56,0.0036448184044770016
172,58,0.3372093023255814,0.49368252722097733,0.9184815486993345,0.8158783580064064,0.8130271536660406,0.8466424682395643,0.9827586206896551,0.7105263157894737,0.7702702702702703,0.20622631526795562,81,33,1,57,0.00631747277902267
172,58,0.3372093023255814,0.49628022002383754,0.9184815486993345,0.8158783580064064,0.8130271536660406,0.8424077434966728,0.9655172413793104,0.7192982456140351,0.7671232876712328,0.20622631526795562,82,32,2,56,0.003719779976162463
172,58,0.3372093023255814,0.49357474704709625,0.9184815486993345,0.8158783580064064,0.8130271536660406,0.8422565033272837,0.9827586206896551,0.7017543859649122,0.7651006711409396,0.20622631526795562,80,34,1,57,0.006425252952903748
172,58,0.3372093023255814,0.546649005104756,0.9184815486993345,0.8158783580064064,0.8130271536660406,0.8395341802782819,0.7931034482758621,0.8859649122807017,0.7863247863247863,0.20622631526795562,101,13,12,46,0.046649005104756
172,58,0.3372093023255814,0.49604985300474114,0.9184815486993345,0.8158783580064064,0.8130271536660406,0.838021778584392,0.9655172413793104,0.7105263157894737,0.7619047619047619,0.20622631526795562,81,33,2,56,0.003950146995258863
172,58,0.3372093023255814,0.4921999804357319,0.9184815486993345,0.8158783580064064,0.8130271536660406,0.837870538415003,0.9827586206896551,0.6929824561403509,0.76,0.20622631526795562,79,35,1,57,0.007800019564268124
172,58,0.3372093023255814,0.49137040806667687,0.9184815486993345,0.8158783580064064,0.8130271536660406,0.8334845735027223,0.9827586206896551,0.6842105263157895,0.7549668874172185,0.20622631526795562,78,36,1,57,0.008629591933323133
172,58,0.3372093023255814,0.5486976010272642,0.9184815486993345,0.8158783580064064,0.8130271536660406,0.8309134906231095,0.7758620689655172,0.8859649122807017,0.7758620689655172,0.20622631526795562,101,13,13,45,0.04869760102726417
172,58,0.3372093023255814,0.4910399316188569,0.9184815486993345,0.8158783580064064,0.8130271536660406,0.8290986085904416,0.9827586206896551,0.6754385964912281,0.75,0.20622631526795562,77,37,1,57,0.008960068381143105
172,58,0.3372093023255814,0.4904936391105896,0.9184815486993345,0.8158783580064064,0.8130271536660406,0.8247126436781609,0.9827586206896551,0.6666666666666666,0.7450980392156863,0.20622631526795562,76,38,1,57,0.009506360889410426
172,58,0.3372093023255814,0.5491783392400466,0.9184815486993345,0.8158783580064064,0.8130271536660406,0.8222928009679371,0.7586206896551724,0.8859649122807017,0.7652173913043478,0.20622631526795562,101,13,14,44,0.049178339240046554
172,58,0.3372093023255814,0.4893861633835789,0.9184815486993345,0.8158783580064064,0.8130271536660406,0.8203266787658803,0.9827586206896551,0.6578947368421053,0.7402597402597403,0.20622631526795562,75,39,1,57,0.010613836616421124
172,58,0.3372093023255814,0.4849793091910442,0.9184815486993345,0.8158783580064064,0.8130271536660406,0.8159407138535995,0.9827586206896551,0.6491228070175439,0.7354838709677419,0.20622631526795562,74,40,1,57,0.015020690808955794
172,58,0.3372093023255814,0.5499910895311237,0.9184815486993345,0.8158783580064064,0.8130271536660406,0.8136721113127647,0.7413793103448276,0.8859649122807017,0.7543859649122807,0.20622631526795562,101,13,15,43,0.049991089531123745
172,58,0.3372093023255814,0.48321037109142856,0.9184815486993345,0.8158783580064064,0.8130271536660406,0.8115547489413188,0.9827586206896551,0.6403508771929824,0.7307692307692307,0.20622631526795562,73,41,1,57,0.01678962890857144
172,58,0.3372093023255814,0.48236281867744585,0.9184815486993345,0.8158783580064064,0.8130271536660406,0.807168784029038,0.9827586206896551,0.631578947368421,0.7261146496815286,0.20622631526795562,72,42,1,57,0.017637181322554152
172,58,0.3372093023255814,0.5502742784919032,0.9184815486993345,0.8158783580064064,0.8130271536660406,0.8050514216575922,0.7241379310344828,0.8859649122807017,0.7433628318584071,0.20622631526795562,101,13,16,42,0.050274278491903246
172,58,0.3372093023255814,0.4818425568863923,0.9184815486993345,0.8158783580064064,0.8130271536660406,0.8027828191167574,0.9827586206896551,0.6228070175438597,0.7215189873417721,0.20622631526795562,71,43,1,57,0.018157443113607674
172,58,0.3372093023255814,0.48107912092439215,0.9184815486993345,0.8158783580064064,0.8130271536660406,0.7983968542044767,0.9827586206896551,0.6140350877192983,0.7169811320754716,0.20622631526795562,70,44,1,57,0.018920879075607855
172,58,0.3372093023255814,0.5524819613765501,0.9184815486993345,0.8158783580064064,0.8130271536660406,0.7964307320024198,0.7068965517241379,0.8859649122807017,0.7321428571428571,0.20622631526795562,101,13,17,41,0.052481961376550146
172,58,0.3372093023255814,0.47882382334332907,0.9184815486993345,0.8158783580064064,0.8130271536660406,0.794010889292196,0.9827586206896551,0.6052631578947368,0.7125,0.20622631526795562,69,45,1,57,0.02117617665667093
172,58,0.3372093023255814,0.47675696890735425,0.9184815486993345,0.8158783580064064,0.8130271536660406,0.7896249243799153,0.9827586206896551,0.5964912280701754,0.7080745341614907,0.20622631526795562,68,46,1,57,0.02324303109264575
172,58,0.3372093023255814,0.5580633262571281,0.9184815486993345,0.8158783580064064,0.8130271536660406,0.7878100423472474,0.6896551724137931,0.8859649122807017,0.7207207207207207,0.20622631526795562,101,13,18,40,0.05806332625712807
172,58,0.3372093023255814,0.4762668560417751,0.9184815486993345,0.8158783580064064,0.8130271536660406,0.7852389594676346,0.9827586206896551,0.5877192982456141,0.7037037037037037,0.20622631526795562,67,47,1,57,0.0237331439582249
172,58,0.3372093023255814,0.47285111833848553,0.9184815486993345,0.8158783580064064,0.8130271536660406,0.780852994555354,0.9827586206896551,0.5789473684210527,0.6993865030674846,0.20622631526795562,66,48,1,57,0.027148881661514468
172,58,0.3372093023255814,0.5586176497317139,0.9184815486993345,0.8158783580064064,0.8130271536660406,0.779189352692075,0.6724137931034483,0.8859649122807017,0.7090909090909091,0.20622631526795562,101,13,19,39,0.058617649731713906
172,58,0.3372093023255814,0.4711680656512059,0.9184815486993345,0.8158783580064064,0.8130271536660406,0.7764670296430731,0.9827586206896551,0.5701754385964912,0.6951219512195121,0.20622631526795562,65,49,1,57,0.028831934348794108
172,58,0.3372093023255814,0.470946257629849,0.9184815486993345,0.8158783580064064,0.8130271536660406,0.7720810647307925,0.9827586206896551,0.5614035087719298,0.6909090909090909,0.20622631526795562,64,50,1,57,0.029053742370151014
172,58,0.3372093023255814,0.5608140098893322,0.9184815486993345,0.8158783580064064,0.8130271536660406,0.7705686630369026,0.6551724137931034,0.8859649122807017,0.6972477064220184,0.20622631526795562,101,13,20,38,0.060814009889332166
172,58,0.3372093023255814,0.46906748704431367,0.9184815486993345,0.8158783580064064,0.8130271536660406,0.7676950998185118,0.9827586206896551,0.5526315789473685,0.6867469879518072,0.20622631526795562,63,51,1,57,0.03093251295568633
172,58,0.3372093023255814,0.4668866496119824,0.9184815486993345,0.8158783580064064,0.8130271536660406,0.7633091349062311,0.9827586206896551,0.543859649122807,0.6826347305389222,0.20622631526795562,62,52,1,57,0.033113350388017604
172,58,0.3372093023255814,0.5737148141776228,0.9184815486993345,0.8158783580064064,0.8130271536660406,0.7624016938898972,0.5862068965517241,0.9385964912280702,0.6868686868686869,0.20622631526795562,107,7,24,34,0.07371481417762282
172,58,0.3372093023255814,0.5656500095299589,0.9184815486993345,0.8158783580064064,0.8130271536660406,0.7620992135511192,0.6206896551724138,0.9035087719298246,0.6857142857142857,0.20622631526795562,103,11,22,36,0.06565000952995892
172,58,0.3372093023255814,0.5622789852918656,0.9184815486993345,0.8158783580064064,0.8130271536660406,0.7619479733817303,0.6379310344827587,0.8859649122807017,0.6851851851851852,0.20622631526795562,101,13,21,37,0.062278985291865596
172,58,0.3372093023255814,0.4665553824559614,0.9184815486993345,0.8158783580064064,0.8130271536660406,0.7589231699939504,0.9827586206896551,0.5350877192982456,0.6785714285714286,0.20622631526795562,61,53,1,57,0.0334446175440386
172,58,0.3372093023255814,0.5722384856265357,0.9184815486993345,0.8158783580064064,0.8130271536660406,0.7580157289776164,0.5862068965517241,0.9298245614035088,0.68,0.20622631526795562,106,8,24,34,0.07223848562653568
172,58,0.3372093023255814,0.567709079115466,0.9184815486993345,0.8158783580064064,0.8130271536660406,0.7578644888082274,0.603448275862069,0.9122807017543859,0.6796116504854369,0.20622631526795562,104,10,23,35,0.06770907911546598
172,58,0.3372093023255814,0.5653771996225507,0.9184815486993345,0.8158783580064064,0.8130271536660406,0.7577132486388385,0.6206896551724138,0.8947368421052632,0.6792452830188679,0.20622631526795562,102,12,22,36,0.06537719962255073
172,58,0.3372093023255814,0.4664058034197185,0.9184815486993345,0.8158783580064064,0.8130271536660406,0.7545372050816697,0.9827586206896551,0.5263157894736842,0.6745562130177515,0.20622631526795562,60,54,1,57,0.03359419658028151
172,58,0.3372093023255814,0.5738466292062824,0.9184815486993345,0.8158783580064064,0.8130271536660406,0.7537810042347248,0.5689655172413793,0.9385964912280702,0.673469387755102,0.20622631526795562,107,7,25,33,0.07384662920628238
172,58,0.3372093023255814,0.5716846009178005,0.9184815486993345,0.8158783580064064,0.8130271536660406,0.7536297640653358,0.5862068965517241,0.9210526315789473,0.6732673267326733,0.20622631526795562,105,9,24,34,0.07168460091780049
172,58,0.3372093023255814,0.566102335511373,0.9184815486993345,0.8158783580064064,0.8130271536660406,0.7534785238959467,0.603448275862069,0.9035087719298246,0.6730769230769231,0.20622631526795562,103,11,23,35,0.06610233551137301
172,58,0.3372093023255814,0.5649338966543239,0.9184815486993345,0.8158783580064064,0.8130271536660406,0.7533272837265578,0.6206896551724138,0.8859649122807017,0.6728971962616822,0.20622631526795562,101,13,22,36,0.06493389665432392
172,58,0.3372093023255814,0.4650136862017017,0.9184815486993345,0.8158783580064064,0.8130271536660406,0.750151240169389,0.9827586206896551,0.5175438596491229,0.6705882352941176,0.20622631526795562,59,55,1,57,0.03498631379829831
172,58,0.3372093023255814,0.5780481300752633,0.9184815486993345,0.8158783580064064,0.8130271536660406,0.7495462794918331,0.5517241379310345,0.9473684210526315,0.6666666666666666,0.20622631526795562,108,6,26,32,0.07804813007526334
172,58,0.3372093023255814,0.570163678563281,0.9184815486993345,0.8158783580064064,0.8130271536660406,0.749243799153055,0.5862068965517241,0.9122807017543859,0.6666666666666666,0.20622631526795562,104,10,24,34,0.07016367856328098
172,58,0.3372093023255814,0.46406260178810566,0.9184815486993345,0.8158783580064064,0.8130271536660406,0.7457652752571082,0.9827586206896551,0.5087719298245614,0.6666666666666666,0.20622631526795562,58,56,1,57,0.035937398211894345
172,58,0.3372093023255814,0.5794617668941701,0.9184815486993345,0.8158783580064064,0.8130271536660406,0.7453115547489413,0.5344827586206896,0.956140350877193,0.6595744680851063,0.20622631526795562,109,5,27,31,0.07946176689417006
172,58,0.3372093023255814,0.5769739661248239,0.9184815486993345,0.8158783580064064,0.8130271536660406,0.7451603145795523,0.5517241379310345,0.9385964912280702,0.6597938144329897,0.20622631526795562,107,7,26,32,0.07697396612482388
172,58,0.3372093023255814,0.46321700679899735,0.9184815486993345,0.8158783580064064,0.8130271536660406,0.7413793103448276,0.9827586206896551,0.5,0.6627906976744186,0.20622631526795562,57,57,1,57,0.036782993201002645
172,58,0.3372093023255814,0.5784467443091589,0.9184815486993345,0.8158783580064064,0.8130271536660406,0.7409255898366606,0.5344827586206896,0.9473684210526315,0.6526315789473685,0.20622631526795562,108,6,27,31,0.07844674430915888
172,58,0.3372093023255814,0.46230785860540385,0.9184815486993345,0.8158783580064064,0.8130271536660406,0.7369933454325468,0.9827586206896551,0.49122807017543857,0.6589595375722543,0.20622631526795562,56,58,1,57,0.037692141394596146
172,58,0.3372093023255814,0.5802477198786119,0.9184815486993345,0.8158783580064064,0.8130271536660406,0.7366908650937689,0.5172413793103449,0.956140350877193,0.6451612903225806,0.20622631526795562,109,5,28,30,0.0802477198786119
172,58,0.3372093023255814,0.4616125750442809,0.9184815486993345,0.8158783580064064,0.8130271536660406,0.7326073805202662,0.9827586206896551,0.4824561403508772,0.6551724137931034,0.20622631526795562,55,59,1,57,0.03838742495571912
172,58,0.3372093023255814,0.4610886558513671,0.9184815486993345,0.8158783580064064,0.8130271536660406,0.7282214156079855,0.9827586206896551,0.47368421052631576,0.6514285714285715,0.20622631526795562,54,60,1,57,0.0389113441486329
172,58,0.3372093023255814,0.5808477193209244,0.9184815486993345,0.8158783580064064,0.8130271536660406,0.7280701754385965,0.5,0.956140350877193,0.6304347826086957,0.20622631526795562,109,5,29,29,0.08084771932092438
172,58,0.3372093023255814,0.4606702779394892,0.9184815486993345,0.8158783580064064,0.8130271536660406,0.7238354506957048,0.9827586206896551,0.4649122807017544,0.6477272727272727,0.20622631526795562,53,61,1,57,0.039329722060510774
172,58,0.3372093023255814,0.46006526736019515,0.9184815486993345,0.8158783580064064,0.8130271536660406,0.719449485783424,0.9827586206896551,0.45614035087719296,0.6440677966101694,0.20622631526795562,52,62,1,57,0.03993473263980485
172,58,0.3372093023255814,0.581665870858034,0.9184815486993345,0.8158783580064064,0.8130271536660406,0.719449485783424,0.4827586206896552,0.956140350877193,0.6153846153846154,0.20622631526795562,109,5,30,28,0.081665870858034
172,58,0.3372093023255814,0.4595527693076672,0.9184815486993345,0.8158783580064064,0.8130271536660406,0.7150635208711433,0.9827586206896551,0.4473684210526316,0.6404494382022472,0.20622631526795562,51,63,1,57,0.0404472306923328
172,58,0.3372093023255814,0.5819478304534765,0.9184815486993345,0.8158783580064064,0.8130271536660406,0.7108287961282517,0.46551724137931033,0.956140350877193,0.6,0.20622631526795562,109,5,31,27,0.08194783045347653
172,58,0.3372093023255814,0.45709057709859563,0.9184815486993345,0.8158783580064064,0.8130271536660406,0.7106775559588626,0.9827586206896551,0.43859649122807015,0.6368715083798883,0.20622631526795562,50,64,1,57,0.04290942290140437
172,58,0.3372093023255814,0.4565450760236928,0.9184815486993345,0.8158783580064064,0.8130271536660406,0.7062915910465819,0.9827586206896551,0.4298245614035088,0.6333333333333333,0.20622631526795562,49,65,1,57,0.04345492397630718
172,58,0.3372093023255814,0.5836123077605582,0.9184815486993345,0.8158783580064064,0.8130271536660406,0.7022081064730792,0.4482758620689655,0.956140350877193,0.5842696629213483,0.20622631526795562,109,5,32,26,0.08361230776055817
172,58,0.3372093023255814,0.45578510141770184,0.9184815486993345,0.8158783580064064,0.8130271536660406,0.7019056261343013,0.9827586206896551,0.42105263157894735,0.6298342541436464,0.20622631526795562,48,66,1,57,0.04421489858229816
172,58,0.3372093023255814,0.45441908043061313,0.9184815486993345,0.8158783580064064,0.8130271536660406,0.6975196612220206,0.9827586206896551,0.41228070175438597,0.6263736263736264,0.20622631526795562,47,67,1,57,0.04558091956938687
172,58,0.3372093023255814,0.5842793457503422,0.9184815486993345,0.8158783580064064,0.8130271536660406,0.6935874168179068,0.43103448275862066,0.956140350877193,0.5681818181818182,0.20622631526795562,109,5,33,25,0.08427934575034224
172,58,0.3372093023255814,0.4527611569322074,0.9184815486993345,0.8158783580064064,0.8130271536660406,0.6931336963097399,0.9827586206896551,0.40350877192982454,0.6229508196721312,0.20622631526795562,46,68,1,57,0.04723884306779258
172,58,0.3372093023255814,0.5853233716935744,0.9184815486993345,0.8158783580064064,0.8130271536660406,0.6893526920750151,0.41379310344827586,0.9649122807017544,0.5581395348837209,0.20622631526795562,110,4,34,24,0.0853233716935744
172,58,0.3372093023255814,0.4525821070894139,0.9184815486993345,0.8158783580064064,0.8130271536660406,0.6887477313974592,0.9827586206896551,0.39473684210526316,0.6195652173913043,0.20622631526795562,45,69,1,57,0.047417892910586124
172,58,0.3372093023255814,0.5847417895808745,0.9184815486993345,0.8158783580064064,0.8130271536660406,0.6849667271627344,0.41379310344827586,0.956140350877193,0.5517241379310345,0.20622631526795562,109,5,34,24,0.08474178958087453
172,58,0.3372093023255814,0.45254182593074604,0.9184815486993345,0.8158783580064064,0.8130271536660406,0.6843617664851784,0.9827586206896551,0.38596491228070173,0.6162162162162163,0.20622631526795562,44,70,1,57,0.047458174069253956
172,58,0.3372093023255814,0.5874086741525469,0.9184815486993345,0.8158783580064064,0.8130271536660406,0.6807320024198427,0.39655172413793105,0.9649122807017544,0.5411764705882353,0.20622631526795562,110,4,35,23,0.08740867415254694
172,58,0.3372093023255814,0.4521862916066466,0.9184815486993345,0.8158783580064064,0.8130271536660406,0.6799758015728977,0.9827586206896551,0.37719298245614036,0.6129032258064516,0.20622631526795562,43,71,1,57,0.047813708393353416
172,58,0.3372093023255814,0.45108709856716506,0.9184815486993345,0.8158783580064064,0.8130271536660406,0.675589836660617,0.9827586206896551,0.3684210526315789,0.6096256684491979,0.20622631526795562,42,72,1,57,0.04891290143283494
172,58,0.3372093023255814,0.5895914420857222,0.9184815486993345,0.8158783580064064,0.8130271536660406,0.6721113127646703,0.3793103448275862,0.9649122807017544,0.5238095238095238,0.20622631526795562,110,4,36,22,0.08959144208572223
172,58,0.3372093023255814,0.4497622990447505,0.9184815486993345,0.8158783580064064,0.8130271536660406,0.6712038717483364,0.9827586206896551,0.35964912280701755,0.6063829787234043,0.20622631526795562,41,73,1,57,0.05023770095524949
172,58,0.3372093023255814,0.44683826183244757,0.9184815486993345,0.8158783580064064,0.8130271536660406,0.6710526315789473,1.0,0.34210526315789475,0.6073298429319371,0.20622631526795562,39,75,0,58,0.05316173816755243
172,58,0.3372093023255814,0.4472867068385032,0.9184815486993345,0.8158783580064064,0.8130271536660406,0.6668179068360556,0.9827586206896551,0.3508771929824561,0.6031746031746031,0.20622631526795562,40,74,1,57,0.05271329316149681
172,58,0.3372093023255814,0.4426458384886895,0.9184815486993345,0.8158783580064064,0.8130271536660406,0.6666666666666666,1.0,0.3333333333333333,0.6041666666666666,0.20622631526795562,38,76,0,58,0.05735416151131051
172,58,0.3372093023255814,0.5974916494146691,0.9184815486993345,0.8158783580064064,0.8130271536660406,0.6634906231094979,0.3620689655172414,0.9649122807017544,0.5060240963855421,0.20622631526795562,110,4,37,21,0.09749164941466915
172,58,0.3372093023255814,0.4471261792977015,0.9184815486993345,0.8158783580064064,0.8130271536660406,0.662431941923775,0.9827586206896551,0.34210526315789475,0.6,0.20622631526795562,39,75,1,57,0.05287382070229851
172,58,0.3372093023255814,0.44210539141341554,0.9184815486993345,0.8158783580064064,0.8130271536660406,0.6622807017543859,1.0,0.32456140350877194,0.6010362694300518,0.20622631526795562,37,77,0,58,0.05789460858658446
172,58,0.3372093023255814,0.44154018344779683,0.9184815486993345,0.8158783580064064,0.8130271536660406,0.6578947368421053,1.0,0.3157894736842105,0.5979381443298969,0.20622631526795562,36,78,0,58,0.05845981655220317
172,58,0.3372093023255814,0.6001193137806073,0.9184815486993345,0.8158783580064064,0.8130271536660406,0.6548699334543255,0.3448275862068966,0.9649122807017544,0.4878048780487805,0.20622631526795562,110,4,38,20,0.10011931378060734
172,58,0.3372093023255814,0.44038924391965717,0.9184815486993345,0.8158783580064064,0.8130271536660406,0.6535087719298246,1.0,0.30701754385964913,0.5948717948717949,0.20622631526795562,35,79,0,58,0.05961075608034283
172,58,0.3372093023255814,0.4375745008550508,0.9184815486993345,0.8158783580064064,0.8130271536660406,0.6491228070175439,1.0,0.2982456140350877,0.5918367346938775,0.20622631526795562,34,80,0,58,0.062425499144949215
172,58,0.3372093023255814,0.6006725904441845,0.9184815486993345,0.8158783580064064,0.8130271536660406,0.646249243799153,0.3275862068965517,0.9649122807017544,0.4691358024691358,0.20622631526795562,110,4,39,19,0.10067259044418453
172,58,0.3372093023255814,0.43688915356857283,0.9184815486993345,0.8158783580064064,0.8130271536660406,0.6447368421052632,1.0,0.2894736842105263,0.5888324873096447,0.20622631526795562,33,81,0,58,0.06311084643142717
172,58,0.3372093023255814,0.4360345812999893,0.9184815486993345,0.8158783580064064,0.8130271536660406,0.6403508771929824,1.0,0.2807017543859649,0.5858585858585859,0.20622631526795562,32,82,0,58,0.06396541870001071
172,58,0.3372093023255814,0.6022271758813049,0.9184815486993345,0.8158783580064064,0.8130271536660406,0.6376285541439807,0.3103448275862069,0.9649122807017544,0.45,0.20622631526795562,110,4,40,18,0.10222717588130492
172,58,0.3372093023255814,0.4283713766912293,0.9184815486993345,0.8158783580064064,0.8130271536660406,0.6359649122807017,1.0,0.2719298245614035,0.5829145728643216,0.20622631526795562,31,83,0,58,0.07162862330877068
172,58,0.3372093023255814,0.42703308414296803,0.9184815486993345,0.8158783580064064,0.8130271536660406,0.631578947368421,1.0,0.2631578947368421,0.58,0.20622631526795562,30,84,0,58,0.07296691585703197
172,58,0.3372093023255814,0.6022342634174082,0.9184815486993345,0.8158783580064064,0.8130271536660406,0.6290078644888082,0.29310344827586204,0.9649122807017544,0.43037974683544306,0.20622631526795562,110,4,41,17,0.10223426341740816
172,58,0.3372093023255814,0.4267766459434466,0.9184815486993345,0.8158783580064064,0.8130271536660406,0.6271929824561404,1.0,0.2543859649122807,0.5771144278606966,0.20622631526795562,29,85,0,58,0.07322335405655339
172,58,0.3372093023255814,0.42461097426617067,0.9184815486993345,0.8158783580064064,0.8130271536660406,0.6228070175438596,1.0,0.24561403508771928,0.5742574257425742,0.20622631526795562,28,86,0,58,0.07538902573382933
172,58,0.3372093023255814,0.6110623362426993,0.9184815486993345,0.8158783580064064,0.8130271536660406,0.6203871748336358,0.27586206896551724,0.9649122807017544,0.41025641025641024,0.20622631526795562,110,4,42,16,0.11106233624269934
172,58,0.3372093023255814,0.4236599413340479,0.9184815486993345,0.8158783580064064,0.8130271536660406,0.618421052631579,1.0,0.23684210526315788,0.5714285714285714,0.20622631526795562,27,87,0,58,0.07634005866595212
172,58,0.3372093023255814,0.42247879133806016,0.9184815486993345,0.8158783580064064,0.8130271536660406,0.6140350877192983,1.0,0.22807017543859648,0.5686274509803921,0.20622631526795562,26,88,0,58,0.07752120866193984
172,58,0.3372093023255814,0.6212420448675623,0.9184815486993345,0.8158783580064064,0.8130271536660406,0.6117664851784634,0.25862068965517243,0.9649122807017544,0.38961038961038963,0.20622631526795562,110,4,43,15,0.12124204486756229
172,58,0.3372093023255814,0.42064357333721003,0.9184815486993345,0.8158783580064064,0.8130271536660406,0.6096491228070176,1.0,0.21929824561403508,0.5658536585365853,0.20622631526795562,25,89,0,58,0.07935642666278997
172,58,0.3372093023255814,0.628666730800077,0.9184815486993345,0.8158783580064064,0.8130271536660406,0.6075317604355717,0.2413793103448276,0.9736842105263158,0.37333333333333335,0.20622631526795562,111,3,44,14,0.12866673080007696
172,58,0.3372093023255814,0.41704824029007526,0.9184815486993345,0.8158783580064064,0.8130271536660406,0.6052631578947368,1.0,0.21052631578947367,0.5631067961165048,0.20622631526795562,24,90,0,58,0.08295175970992474
172,58,0.3372093023255814,0.627971677734726,0.9184815486993345,0.8158783580064064,0.8130271536660406,0.603145795523291,0.2413793103448276,0.9649122807017544,0.3684210526315789,0.20622631526795562,110,4,44,14,0.12797167773472595
172,58,0.3372093023255814,0.4155274079906841,0.9184815486993345,0.8158783580064064,0.8130271536660406,0.6008771929824561,1.0,0.20175438596491227,0.5603864734299517,0.20622631526795562,23,91,0,58,0.0844725920093159
172,58,0.3372093023255814,0.6297543383310181,0.9184815486993345,0.8158783580064064,0.8130271536660406,0.5989110707803993,0.22413793103448276,0.9736842105263158,0.35135135135135137,0.20622631526795562,111,3,45,13,0.12975433833101813
172,58,0.3372093023255814,0.41529628639897775,0.9184815486993345,0.8158783580064064,0.8130271536660406,0.5964912280701754,1.0,0.19298245614035087,0.5576923076923077,0.20622631526795562,22,92,0,58,0.08470371360102225
172,58,0.3372093023255814,0.6349130620150727,0.9184815486993345,0.8158783580064064,0.8130271536660406,0.5946763460375075,0.20689655172413793,0.9824561403508771,0.3333333333333333,0.20622631526795562,112,2,46,12,0.1349130620150727
172,58,0.3372093023255814,0.4141728294078186,0.9184815486993345,0.8158783580064064,0.8130271536660406,0.5921052631578947,1.0,0.18421052631578946,0.5550239234449761,0.20622631526795562,21,93,0,58,0.08582717059218142
172,58,0.3372093023255814,0.6310863329899205,0.9184815486993345,0.8158783580064064,0.8130271536660406,0.5902903811252269,0.20689655172413793,0.9736842105263158,0.3287671232876712,0.20622631526795562,111,3,46,12,0.13108633298992045
172,58,0.3372093023255814,0.4121862884846637,0.9184815486993345,0.8158783580064064,0.8130271536660406,0.5877192982456141,1.0,0.17543859649122806,0.5523809523809524,0.20622631526795562,20,94,0,58,0.08781371151533629
172,58,0.3372093023255814,0.6456362845368975,0.9184815486993345,0.8158783580064064,0.8130271536660406,0.5860556563823351,0.1896551724137931,0.9824561403508771,0.30985915492957744,0.20622631526795562,112,2,47,11,0.14563628453689748
172,58,0.3372093023255814,0.4106385346945519,0.9184815486993345,0.8158783580064064,0.8130271536660406,0.5833333333333334,1.0,0.16666666666666666,0.5497630331753555,0.20622631526795562,19,95,0,58,0.08936146530544808
172,58,0.3372093023255814,0.4106288395109649,0.9184815486993345,0.8158783580064064,0.8130271536660406,0.5789473684210527,1.0,0.15789473684210525,0.5471698113207547,0.20622631526795562,18,96,0,58,0.0893711604890351
172,58,0.3372093023255814,0.645894928076691,0.9184815486993345,0.8158783580064064,0.8130271536660406,0.5774349667271628,0.1724137931034483,0.9824561403508771,0.2857142857142857,0.20622631526795562,112,2,48,10,0.14589492807669102
172,58,0.3372093023255814,0.40926420479799147,0.9184815486993345,0.8158783580064064,0.8130271536660406,0.5745614035087719,1.0,0.14912280701754385,0.5446009389671361,0.20622631526795562,17,97,0,58,0.09073579520200853
172,58,0.3372093023255814,0.6643609191551108,0.9184815486993345,0.8158783580064064,0.8130271536660406,0.573200241984271,0.15517241379310345,0.9912280701754386,0.2647058823529412,0.20622631526795562,113,1,49,9,0.16436091915511075
172,58,0.3372093023255814,0.40801320610156344,0.9184815486993345,0.8158783580064064,0.8130271536660406,0.5701754385964912,1.0,0.14035087719298245,0.5420560747663551,0.20622631526795562,16,98,0,58,0.09198679389843656
172,58,0.3372093023255814,0.6499497138980385,0.9184815486993345,0.8158783580064064,0.8130271536660406,0.5688142770719903,0.15517241379310345,0.9824561403508771,0.2608695652173913,0.20622631526795562,112,2,49,9,0.14994971389803846
172,58,0.3372093023255814,0.4022110572838285,0.9184815486993345,0.8158783580064064,0.8130271536660406,0.5657894736842105,1.0,0.13157894736842105,0.5395348837209303,0.20622631526795562,15,99,0,58,0.0977889427161715
172,58,0.3372093023255814,0.6649510837785902,0.9184815486993345,0.8158783580064064,0.8130271536660406,0.5645795523290986,0.13793103448275862,0.9912280701754386,0.23880597014925373,0.20622631526795562,113,1,50,8,0.16495108377859025
172,58,0.3372093023255814,0.3888895799813274,0.9184815486993345,0.8158783580064064,0.8130271536660406,0.5614035087719298,1.0,0.12280701754385964,0.5370370370370371,0.20622631526795562,14,100,0,58,0.1111104200186726
172,58,0.3372093023255814,0.3858099889182318,0.9184815486993345,0.8158783580064064,0.8130271536660406,0.5570175438596491,1.0,0.11403508771929824,0.5345622119815668,0.20622631526795562,13,101,0,58,0.11419001108176818
172,58,0.3372093023255814,0.6651911404136821,0.9184815486993345,0.8158783580064064,0.8130271536660406,0.5559588626739261,0.1206896551724138,0.9912280701754386,0.21212121212121213,0.20622631526795562,113,1,51,7,0.1651911404136821
172,58,0.3372093023255814,0.384748924277838,0.9184815486993345,0.8158783580064064,0.8130271536660406,0.5526315789473684,1.0,0.10526315789473684,0.5321100917431193,0.20622631526795562,12,102,0,58,0.11525107572216198
172,58,0.3372093023255814,0.6740511071538086,0.9184815486993345,0.8158783580064064,0.8130271536660406,0.5517241379310345,0.10344827586206896,1.0,0.1875,0.20622631526795562,114,0,52,6,0.17405110715380856
172,58,0.3372093023255814,0.3839030279646664,0.9184815486993345,0.8158783580064064,0.8130271536660406,0.5482456140350878,1.0,0.09649122807017543,0.5296803652968036,0.20622631526795562,11,103,0,58,0.11609697203533359
172,58,0.3372093023255814,0.6657753362511676,0.9184815486993345,0.8158783580064064,0.8130271536660406,0.5473381730187538,0.10344827586206896,0.9912280701754386,0.18461538461538463,0.20622631526795562,113,1,52,6,0.16577533625116758
172,58,0.3372093023255814,0.3812946358687839,0.9184815486993345,0.8158783580064064,0.8130271536660406,0.543859649122807,1.0,0.08771929824561403,0.5272727272727272,0.20622631526795562,10,104,0,58,0.11870536413121607
172,58,0.3372093023255814,0.6962967671255132,0.9184815486993345,0.8158783580064064,0.8130271536660406,0.5431034482758621,0.08620689655172414,1.0,0.15873015873015872,0.20622631526795562,114,0,53,5,0.19629676712551325
172,58,0.3372093023255814,0.3800438841320334,0.9184815486993345,0.8158783580064064,0.8130271536660406,0.5394736842105263,1.0,0.07894736842105263,0.5248868778280543,0.20622631526795562,9,105,0,58,0.11995611586796662
172,58,0.3372093023255814,0.3790699522751502,0.9184815486993345,0.8158783580064064,0.8130271536660406,0.5350877192982456,1.0,0.07017543859649122,0.5225225225225225,0.20622631526795562,8,106,0,58,0.12093004772484978
172,58,0.3372093023255814,0.7190718724125349,0.9184815486993345,0.8158783580064064,0.8130271536660406,0.5344827586206896,0.06896551724137931,1.0,0.12903225806451613,0.20622631526795562,114,0,54,4,0.2190718724125349
172,58,0.3372093023255814,0.37854962048718116,0.9184815486993345,0.8158783580064064,0.8130271536660406,0.5307017543859649,1.0,0.06140350877192982,0.5201793721973094,0.20622631526795562,7,107,0,58,0.12145037951281884
172,58,0.3372093023255814,0.37382357568377556,0.9184815486993345,0.8158783580064064,0.8130271536660406,0.5263157894736842,1.0,0.05263157894736842,0.5178571428571429,0.20622631526795562,6,108,0,58,0.12617642431622444
172,58,0.3372093023255814,0.7290694880461416,0.9184815486993345,0.8158783580064064,0.8130271536660406,0.5258620689655172,0.05172413793103448,1.0,0.09836065573770492,0.20622631526795562,114,0,55,3,0.22906948804614158
172,58,0.3372093023255814,0.37196233382882704,0.9184815486993345,0.8158783580064064,0.8130271536660406,0.5219298245614035,1.0,0.043859649122807015,0.5155555555555555,0.20622631526795562,5,109,0,58,0.12803766617117296
172,58,0.3372093023255814,0.3662233469301523,0.9184815486993345,0.8158783580064064,0.8130271536660406,0.5175438596491229,1.0,0.03508771929824561,0.5132743362831859,0.20622631526795562,4,110,0,58,0.1337766530698477
172,58,0.3372093023255814,0.7634060796000102,0.9184815486993345,0.8158783580064064,0.8130271536660406,0.5172413793103449,0.034482758620689655,1.0,0.06666666666666667,0.20622631526795562,114,0,56,2,0.26340607960001017
172,58,0.3372093023255814,0.36486103115753077,0.9184815486993345,0.8158783580064064,0.8130271536660406,0.5131578947368421,1.0,0.02631578947368421,0.5110132158590308,0.20622631526795562,3,111,0,58,0.13513896884246923
172,58,0.3372093023255814,0.35940417615724235,0.9184815486993345,0.8158783580064064,0.8130271536660406,0.5087719298245614,1.0,0.017543859649122806,0.5087719298245614,0.20622631526795562,2,112,0,58,0.14059582384275765
172,58,0.3372093023255814,0.7691588489844561,0.9184815486993345,0.8158783580064064,0.8130271536660406,0.5086206896551724,0.017241379310344827,1.0,0.03389830508474576,0.20622631526795562,114,0,57,1,0.2691588489844561
172,58,0.3372093023255814,0.35263293299430926,0.9184815486993345,0.8158783580064064,0.8130271536660406,0.5043859649122807,1.0,0.008771929824561403,0.5065502183406113,0.20622631526795562,1,113,0,58,0.14736706700569074
172,58,0.3372093023255814,0.33443820759335596,0.9184815486993345,0.8158783580064064,0.8130271536660406,0.5,1.0,0.0,0.5043478260869565,0.20622631526795562,0,114,0,58,0.16556179240664404
172,58,0.3372093023255814,0.0,0.9184815486993345,0.8158783580064064,0.8130271536660406,0.5,1.0,0.0,0.5043478260869565,0.20622631526795562,0,114,0,58,0.5
172,58,0.3372093023255814,0.7691588489844562,0.9184815486993345,0.8158783580064064,0.8130271536660406,0.5,0.0,1.0,0.0,0.20622631526795562,114,0,58,0,0.2691588489844562
