feature,included_in_model,coefficient,absolute_coefficient,nonzero
numeric__original_log_total_assets,True,2.7894272475812496,2.7894272475812496,True
categorical__sector_Communications,True,-2.5490643250107357,2.5490643250107357,True
categorical__industry_Publishing & Broadcasting,True,-2.0649397793056594,2.0649397793056594,True
numeric__original_log_market_cap,True,-1.4128997690992366,1.4128997690992366,True
categorical__industry_Home Construction,True,-1.2091252674165005,1.2091252674165005,True
numeric__market_maximum_drawdown_12m,True,-0.9893271142054444,0.9893271142054444,True
categorical__sector_Materials,True,-0.9260639624057094,0.9260639624057094,True
categorical__industry_Automotive,True,-0.8200205460779824,0.8200205460779824,True
categorical__industry_Health Care Facilities & Svcs,True,-0.5860246011273348,0.5860246011273348,True
categorical__sector_Health Care,True,-0.5860246011273348,0.5860246011273348,True
categorical__industry_Telecommunications,True,0.5795718624301798,0.5795718624301798,True
numeric__derived_current_ratio,True,-0.5778632743623618,0.5778632743623618,True
categorical__sector_Industrials,True,-0.5050423933571989,0.5050423933571989,True
numeric__derived_cash_to_assets,True,-0.44163115050597823,0.44163115050597823,True
numeric__macro_inflation,True,0.36905341606150793,0.36905341606150793,True
numeric__derived_liabilities_to_assets,True,0.3364022864452396,0.3364022864452396,True
numeric__derived_ebitda_to_assets,True,0.3120699407409161,0.3120699407409161,True
categorical__industry_Steel,True,-0.29443397433490015,0.29443397433490015,True
numeric__trend_revenue_growth_1y,True,0.20477331718020983,0.20477331718020983,True
numeric__derived_operating_cash_flow_to_assets,True,-0.1956519201294664,0.1956519201294664,True
numeric__derived_debt_to_assets,True,0.18138056237133662,0.18138056237133662,True
numeric__macro_interest_rate,True,0.17038812340682577,0.17038812340682577,True
numeric__trend_debt_growth_1y,True,-0.08127150015540259,0.08127150015540259,True
numeric__derived_ebit_to_assets,True,0.05181754735947647,0.05181754735947647,True
categorical__industry_Retail - Discretionary,True,0.0037044393016350536,0.0037044393016350536,True
categorical__industry_Advertising & Marketing,True,0.0,0.0,False
categorical__industry_Aerospace & Defense,True,0.0,0.0,False
categorical__industry_Apparel & Textile Products,True,0.0,0.0,False
categorical__industry_Beverages,True,0.0,0.0,False
categorical__industry_Cable & Satellite,True,0.0,0.0,False
categorical__industry_Chemicals,True,0.0,0.0,False
categorical__industry_Commercial Support Services,True,0.0,0.0,False
categorical__industry_Construction Materials,True,0.0,0.0,False
categorical__industry_Consumer Services,True,0.0,0.0,False
categorical__industry_Electric Utilities,True,0.0,0.0,False
categorical__industry_Electrical Equipment,True,0.0,0.0,False
categorical__industry_Entertainment Content,True,0.0,0.0,False
"categorical__industry_Forestry, Paper & Wood Products",True,0.0,0.0,False
categorical__industry_Home & Office Products,True,0.0,0.0,False
categorical__industry_IT Services,True,0.0,0.0,False
categorical__industry_Industrial Support Services,True,0.0,0.0,False
categorical__industry_Internet Media & Services,True,0.0,0.0,False
categorical__industry_Leisure Facilities & Services,True,0.0,0.0,False
categorical__industry_Leisure Products,True,0.0,0.0,False
categorical__industry_Machinery,True,0.0,0.0,False
categorical__industry_Oil & Gas Supply Chain,True,0.0,0.0,False
categorical__industry_Renewable Energy,True,0.0,0.0,False
categorical__industry_Semiconductors,True,0.0,0.0,False
categorical__industry_Software,True,0.0,0.0,False
categorical__industry_Technology Hardware,True,0.0,0.0,False
categorical__industry_Transportation & Logistics,True,0.0,0.0,False
categorical__industry_Wholesale - Consumer Staples,True,0.0,0.0,False
categorical__industry_Wholesale - Discretionary,True,0.0,0.0,False
categorical__industry___MISSING__,False,0.0,0.0,False
categorical__sector_Consumer Discretionary,True,0.0,0.0,False
categorical__sector_Consumer Staples,True,0.0,0.0,False
categorical__sector_Energy,True,0.0,0.0,False
categorical__sector_Technology,True,0.0,0.0,False
categorical__sector_Utilities,True,0.0,0.0,False
categorical__sector___MISSING__,False,0.0,0.0,False
numeric__derived_free_cash_flow_to_debt,True,0.0,0.0,False
numeric__derived_interest_coverage,True,0.0,0.0,False
numeric__derived_market_to_book,True,0.0,0.0,False
numeric__macro_unemployment,True,0.0,0.0,False
numeric__market_stock_return_12m,True,0.0,0.0,False
numeric__market_volatility_12m,True,0.0,0.0,False
numeric__trend_asset_growth_1y,True,0.0,0.0,False
