candidate_id,C,l1_ratio,class_weight,eligible,folds_completed,mean_validation_pr_auc,mean_validation_roc_auc,mean_validation_brier_score,total_iterations
unweighted_l1_0.9_C_1,1.0,0.9,unweighted,True,4,0.9119096967004962,0.9456567865272318,0.12531099330052362,6023
unweighted_l1_0.5_C_1,1.0,0.5,unweighted,True,4,0.9119090718431684,0.9439177306383784,0.12712195305046198,2951
balanced_l1_0.9_C_1,1.0,0.9,balanced,True,4,0.9111574597336842,0.945856723306116,0.12851550368536518,3768
balanced_l1_0.1_C_1,1.0,0.1,balanced,True,4,0.9061318832505709,0.9401462113405432,0.14264711510630385,2112
unweighted_l1_0.1_C_1,1.0,0.1,unweighted,True,4,0.905702524597528,0.9381373911738284,0.1401945729114653,2081
balanced_l1_0.5_C_1,1.0,0.5,balanced,True,4,0.9055096408745594,0.9417141904793727,0.1336229850366871,2581
unweighted_l1_0.1_C_0.1,0.1,0.1,unweighted,True,4,0.90076407924481,0.9393362862593632,0.1298846425731382,3579
unweighted_l1_0.1_C_10,10.0,0.1,unweighted,True,4,0.90039423396029,0.9320409061704608,0.15674738678656902,7131
unweighted_l1_0.1_C_0.01,0.01,0.1,unweighted,True,4,0.8983087374349411,0.9364345212118491,0.1716792415299209,87
unweighted_l1_0.5_C_10,10.0,0.5,unweighted,True,4,0.8976469812130372,0.9313012612000466,0.1531871345145618,8277
unweighted_l1_0.9_C_10,10.0,0.9,unweighted,True,4,0.8972077554061644,0.9325420289792758,0.14681265929310922,10440
balanced_l1_0.5_C_10,10.0,0.5,balanced,True,4,0.8961898745675032,0.9334527506997142,0.1550320080144199,8599
balanced_l1_0.9_C_10,10.0,0.9,balanced,True,4,0.8959980002490409,0.9321864102026045,0.14773937296527254,10783
balanced_l1_0.9_C_0.1,0.1,0.9,balanced,True,4,0.8953087448930287,0.9337879375733626,0.14957120052048928,674
balanced_l1_0.1_C_0.1,0.1,0.1,balanced,True,4,0.8947383199496064,0.9351397732976681,0.14463029875939765,757
unweighted_l1_0.9_C_0.1,0.1,0.9,unweighted,True,4,0.8946228176881387,0.9338163449904341,0.14242287715950067,569
balanced_l1_0.1_C_0.01,0.01,0.1,balanced,True,4,0.8933409103437021,0.9338855402418156,0.17369155896083546,87
balanced_l1_0.1_C_10,10.0,0.1,balanced,True,4,0.893038639837321,0.9309326297585407,0.158878027787254,7427
balanced_l1_0.5_C_0.1,0.1,0.5,balanced,True,4,0.8909699411858483,0.9351809204035925,0.14132778985121286,1396
unweighted_l1_0.5_C_0.1,0.1,0.5,unweighted,True,4,0.8904482692393647,0.9355779592621698,0.13377953246200622,3148
balanced_l1_0.5_C_0.01,0.01,0.5,balanced,True,4,0.8580749674952162,0.9152976752976754,0.21904632146620637,103
unweighted_l1_0.5_C_0.01,0.01,0.5,unweighted,True,4,0.8502306077486825,0.9098864198864199,0.22019198010691626,135
unweighted_l1_0.9_C_0.01,0.01,0.9,unweighted,True,4,0.33742559523809523,0.5,0.24170856351346565,18
unweighted_l1_0.1_C_0.001,0.001,0.1,unweighted,True,4,0.33742559523809523,0.5,0.24438680799252385,12
unweighted_l1_0.9_C_0.001,0.001,0.9,unweighted,True,4,0.33742559523809523,0.5,0.24549381612380347,4
unweighted_l1_0.5_C_0.001,0.001,0.5,unweighted,True,4,0.33742559523809523,0.5,0.24556478809290652,4
balanced_l1_0.9_C_0.01,0.01,0.9,balanced,True,4,0.33742559523809523,0.5,0.24978844340818493,20
balanced_l1_0.9_C_0.001,0.001,0.9,balanced,True,4,0.33742559523809523,0.5,0.24991444344559616,4
balanced_l1_0.5_C_0.001,0.001,0.5,balanced,True,4,0.33742559523809523,0.5,0.2499174448340468,4
balanced_l1_0.1_C_0.001,0.001,0.1,balanced,True,4,0.33742559523809523,0.5,0.24999267522282193,16
