bankruptcy_date,ticker,name,bloomberg_identifier
2/4/2004,AVDO,Avado Brands Inc.,AVDO US Equity
2/3/2026,TWNPQ,Twin Hospitality Group Inc,TWNPQ US Equity
11/18/2019,AREXQ,Approach Resources Inc.,AREXQ US Equity
3/11/2002,AGATQ,"U.S. Aggregates, Inc.",AGATQ US Equity
12/29/1998,SLNT,Salant Corp. (1998),2777116Q US Equity
9/14/2005,NWACQ,Northwest Airlines Corporation,NWACQ US Equity
3/17/2015,KWKAQ,Quicksilver Resources Inc.,KWKAQ US Equity
4/20/2009,ASYTQ,"Asyst Technologies, Inc.",ASYTQ US Equity
6/23/2020,GNCIQ,"GNC Holdings, Inc.",GNCIQ US Equity
8/8/2000,CRHEQ,Coram Healthcare Corp.,CRHEQ US Equity
11/20/2001,VMIXQ,Valley Media Inc.,VMIXQ US Equity
12/11/2022,CLVSQ,"Clovis Oncology, Inc.",CLVSQ US Equity
9/3/2025,FLYYQ,Spirit Aviation Holdings Inc,FLYYQ US Equity
10/5/2004,CWONQ,"Choice One Communications, Inc.",CWONQ US Equity
10/25/2016,BASXQ,"Basic Energy Services, Inc. (2016)",BASXQ US Equity
5/1/2017,NESCQ,"Nuverra Environmental Solutions, Inc.",NES US Equity
1/15/2026,ECDA,Ecd Automotive Design Inc,ECDA US Equity
4/7/2013,CEDCQ,Central European Distribution Corporation,
4/8/2013,ROHIQ,Rotech Healthcare Inc.,ROHIQ US Equity
11/26/2025,GORV,Lazydays Holdings Inc,GORV US Equity
12/20/2001,LOD,"Lodgian, Inc.",
9/17/2024,TUPBQ,Tupperware Brands Corp,TUPBQ US Equity
3/21/2003,SBLUQ,"SONICblue, Inc.",SBLUQ US Equity
8/18/2025,TPIC,Tpi Composites Inc,TPICQ US Equity
9/17/2024,EGIOQ,Edgio Inc,EGIOQ US Equity
5/8/2006,SGID,"Silicon Graphics, Inc. (2006)",
2/11/1999,WIRL,"Wireless One, Inc.",WIRLQ US Equity
2/21/2009,JRCOQ,Journal Register Company,JRCOQ US Equity
8/5/2025,THRD,Third Harmonic Bio Inc,2617273D US Equity
8/17/2012,ATPAQ,ATP Oil & Gas Corporation,ATPAQ US Equity
10/21/2024,GRTSQ,Gritstone Bio Inc,GRTSQ US Equity
6/1/2020,LBYYQ,Libbey Inc.,LBYYQ US Equity
3/28/2025,MEHCQ,23andme Holding Co.,
1/11/2016,ACIIQ,"Arch Coal, Inc.",ARCH US Equity
7/17/2012,FTWRQ,FiberTower Corporation,FBBT US Equity
11/29/2017,CMLSQ,Cumulus Media Inc.,CMLSQ US Equity
6/11/2002,NWPWQ,"NewPower Holdings, Inc.",NWPWQ US Equity
5/20/2026,SOPAQ,Society Pass Incorporated,SOPAQ US Equity
7/26/2020,ROSEQ,Rosehill Resources Inc.,ROSUQ US Equity
1/29/2008,TOUSQ,"TOUSA, Inc.",TOUSQ US Equity
9/23/2010,BLIAQ,Blockbuster Inc.,BLIAQ US Equity
3/23/2014,DOLNQ,Dolan Company,DOLNQ US Equity
10/7/2024,VTNRQ,Vertex Energy Inc,VTNRQ US Equity
3/28/2025,LKCOF,Luokung Technology Corp,LKCOF US Equity
7/15/2015,WLTGQ,"Walter Energy, Inc.",WLTGQ US Equity
11/27/2002,GENUQ,Genuity Inc.,GENUQ US Equity
5/18/2018,REXXQ,Rex Energy Corporation,REXXQ US Equity
10/23/2003,RGIDQ,"Rouge Industries, Inc.",RGIDQ US Equity
9/18/2024,BGXXQ,Bright Green Corp,BGXXQ US Equity
3/21/2007,HKFIQ,"Hancock Fabrics, Inc.",HKFIQ US Equity
5/10/2019,CLDPQ,Cloud Peak Energy Inc.,CLDPQ US Equity
10/5/2000,OWENQ,Owens Corning,OWENQ US Equity
9/16/1999,TRSM,"Trism, Inc.",2471671D US Equity
2/21/2005,WNDXQ,"Winn-Dixie Stores, Inc.",1986047D US Equity
8/31/2021,SQBGQ,"Sequential Brands Group, Inc.",SQBGQ US Equity
4/21/2016,SUNEQ,"SunEdison, Inc.",SUNEQ US Equity
5/19/2020,HOSSQ,"Hornbeck Offshore Services, Inc.",HOS US Equity
2/11/2011,HAWKQ,"Seahawk Drilling, Inc.",HAWKQ US Equity
12/20/2002,SVSSF,"Seven Seas Petroleum, Inc.",SVSSF US Equity
1/18/2000,MPN,"Mariner Post-Acute Network, Inc.",MPANQ US Equity
9/18/2024,SMFL,Smart For Life Inc,SMFL US Equity
8/28/2025,MODVQ,Modivcare Inc,MODVQ US Equity
12/19/2017,RTKHQ,"Rentech, Inc.",RTKHQ US Equity
6/24/2026,ADTX,Aditxt Inc,ADTX US Equity
2/14/2012,ENERQ,"Energy Conversion Devices, Inc.",ENERQ US Equity
11/14/2012,OSGIQ,"Overseas Shipholding Group, Inc.",OSGIQ US Equity
3/4/2025,CRKN,Crown Electrokinetics Corp,CRKN US Equity
12/12/2024,TFFP,Tff Pharmaceuticals Inc,TFFP US Equity
9/14/2003,NTHWQ,NorthWestern Corporation,NTHWQ US Equity
3/14/2019,PHIIQ,"PHI, Inc.",PHIIQ US Equity
10/20/2004,HUFCQ,Huffy Corp.,HUFCQ US Equity
12/11/2006,GBTVQ,Granite Broadcasting Corporation,GBTVQ US Equity
1/28/2013,SCHSQ,"School Specialty, Inc.",SCHSQ US Equity
10/3/2024,EVVAQ,Enviva Inc,EVVAQ US Equity
1/28/2013,PWAVQ,"Powerwave Technologies, Inc.",PWAVQ US Equity
12/3/1999,TLTXQ,Tultex Corporation,TLTXQ US Equity
2/5/2015,RSHCQ,RadioShack Corporation,RSHCQ US Equity
2/20/2002,KELLQ,"Kellstrom Industries, Inc.",KELLQ US Equity
9/15/2009,TPUTQ,Barzel Industries Inc.,TPUTQ US Equity
11/7/2005,FLYIQ,"FLYi, Inc.",FLYIQ US Equity
3/15/1999,SME,"Service Merchandise Company, Inc.",SVCDQ US Equity
9/16/2016,ESINQ,"ITT Educational Services, Inc.",ESINQ US Equity
7/15/2015,SOGCQ,Sabine Oil & Gas Corporation,SOGCQ US Equity
1/30/2017,AZURQ,"Azure Midstream Partners, LP",0862978D US Equity
12/14/2001,STGCQ,Startec Global Communications Corporation,STGCQ US Equity
10/24/2025,FPAYQ,Flexshopper Inc,FPAYQ US Equity
12/4/1998,NEGXQ,"National Energy Group, Inc.",
9/29/2004,INMTQ,Intermet Corp.,
5/17/2005,CKCRQ,Collins & Aikman Corporation,CKCRQ US Equity
10/6/2014,GTATQ,GT Advanced Technologies Inc.,
12/29/2000,PGEXQ,"Pacific Gateway Exchange, Inc.",PGEXQ US Equity
10/28/2025,AMBIQ,Ambipar Emergency Response,AMBIQ US Equity
2/16/2011,TSTRQ,TerreStar Corporation (2011),
11/19/2007,PTBTQ,"Pope & Talbot, Inc.",PTBTQ US Equity
10/11/2024,GHSI,Guardion Health Sciences Inc,
7/12/2020,HCRSQ,Hi-Crush Inc.,HCRSQ US Equity
5/22/2020,UNTCQ,Unit Corporation,
4/30/2016,MPOYQ,"Midstates Petroleum Company, Inc.",
4/24/2026,QVCAQ,Qvc Group Inc,QVCG US Equity
2/15/2002,VRDOQ,"Verado Holdings, Inc.",VRDOQ US Equity
6/29/2020,CVIAQ,Covia Holdings Corporation,CVIAQ US Equity
3/13/2026,BHATF,Blue Hat Interactive Entertainment Technology,BHATF US Equity
7/7/2009,LEARQ,Lear Corporation,LEARQ US Equity
6/10/2025,NOVA,Sunnova Energy International Inc,NOVAQ US Equity
10/3/2019,EPEGQ,EP Energy Corporation (EP Energy LLC),EPEGQ US Equity
6/27/2003,NSV,National Equipment Services Inc.,NEQSQ US Equity
5/16/2010,NFFCA,Neff Corp.,NFFCA US Equity
11/25/2025,NETD,Nabors Energy Transition Corp Ii,NETC US Equity
11/23/2008,LENXQ,"Lenox Group, Inc.",
6/7/2016,SSEIQ,Seventy Seven Energy Inc.,SSEIQ US Equity
12/5/2024,ENGC,Englobal Corp,ENGCQ US Equity
9/30/2020,LONEQ,Lonestar Resources US Inc.,1478868D US Equity
10/31/2018,GSTCQ,Gastar Exploration Inc.,GSTCQ US Equity
4/12/2012,RDDYQ,"Reddy Ice Holdings, Inc.",RDDYQ US Equity
2/2/2016,ZINCQ,Horsehead Holding Corp.,
4/19/2009,DSUPQ,Dayton Superior Corporation,DSUPQ US Equity
4/29/2016,UPLCQ,Ultra Petroleum Corp. (2016),UPLCQ US Equity
8/20/2003,DDICQ,DDI Corp.,DDICQ US Equity
5/20/2002,MFNXQ,"Metromedia Fiber Network, Inc.",MFNXQ US Equity
1/21/2020,MDRIQ,"McDermott International, Inc.",MDRIQ US Equity
7/31/2005,AHIZQ,"Allied Holdings, Inc.",AHIZQ US Equity
4/25/2013,KITDQ,"KIT digital, Inc.",
9/30/2020,OASPQ,Oasis Petroleum Inc.,
12/21/2001,AMNUQ,"ACT Manufacturing, Inc.",
1/28/2025,GOEVQ,Canoo Inc,GOEVQ US Equity
2/19/2019,ACETQ,Aceto Corporation,
5/15/2025,WGHTQ,Ww International Inc,
6/3/2019,FTDCQ,"FTD Companies, Inc.",
11/21/2025,SONDQ,Sonder Holdings Inc,SONDQ US Equity
5/28/2009,VSTNQ,Visteon Corporation,VSTNQ US Equity
5/3/2000,SSAXQ,"System Software Associates, Inc.",SSAXQ US Equity
6/3/2002,BIR,Birmingham Steel Corp.,BIRS US Equity
11/18/2024,SAVEQ,Spirit Airlines Inc,SAVEQ US Equity
11/27/2024,CMAXQ,Caremax Inc,CMAXQ US Equity
9/3/1999,COSE,"Costilla Energy, Inc.",COSEQ US Equity
12/27/1998,JSIBQ,"JumboSports, Inc.",JSIBQ US Equity
1/30/2004,AAWHQ,Atlas Air Worldwide Holdings Inc.,AAWHQ US Equity
4/11/2014,CWTRQ,Coldwater Creek Inc.,CWTRQ US Equity
11/28/2025,CLSDQ,Clearside Biomedical Inc,CLSDQ US Equity
5/9/2016,CHAPQ,"Chaparral Energy, Inc. (2016)",
6/17/2003,RDRTQ,Read-Rite Corp.,RDRTQ US Equity
4/4/2025,VRPX,Virpax Pharmaceuticals Inc,VRPX US Equity
11/17/2017,RELYQ,"Real Industry, Inc.",
5/31/2001,PSIXQ,PSINet Inc.,PSIXQ US Equity
5/20/2020,AKRXQ,"Akorn, Inc.",AKRXQ US Equity
11/4/1999,FEET,"Just For Feet, Inc.",FEETQ US Equity
6/22/2026,SNBRQ,Sleep Number Corp,SNBRQ US Equity
2/3/2026,FATAQ,Fat Brands Inc,FATAQ US Equity
7/1/2026,ORGN,Origin Materials Inc,ORGN US Equity
3/12/2015,SRCTQ,Standard Register Company,SRCTQ US Equity
12/15/2011,DPTRQ,Delta Petroleum Corporation,
2/2/2018,CVOVQ,"Cenveo, Inc.",CVOVQ US Equity
8/8/2025,HOOK,Hookipa Pharma Inc,HOOK US Equity
11/6/2008,MPCCQ,MPC Corporation,MPCCQ US Equity
8/13/2015,HEROQ,"Hercules Offshore, Inc.",HEROQ US Equity
4/9/2017,CBRI,"Ciber, Inc.",
8/7/2024,VBIV,Vbi Vaccines Inc,VBIVQ US Equity
12/5/2024,MONDQ,Mondee Holdings Inc,MOND US Equity
3/7/2005,WHXCQ,WHX Corporation,WHXCQ US Equity
5/17/2017,GLFMQ,"GulfMark Offshore, Inc.",GLF US Equity
1/16/2002,ITXG,"IT Group, Inc.",ITXG US Equity
9/27/2013,GHSEQ,"GateHouse Media, Inc.",1917175D US Equity
10/1/2001,FDMLQ,Federal-Mogul Corporation,FDMLQ US Equity
1/19/2012,EKDKQ,Eastman Kodak Company,
11/15/2009,CJHBQ,"Champion Enterprises, Inc.",CJHBQ US Equity
10/26/2004,ATAHQ,ATA Holdings Corp.,ATAHQ US Equity
4/1/2003,FLMIQ,"Fleming Companies, Inc.",FLMIQ US Equity
4/6/2026,IOBTQ,Io Biotech Inc,IOBTQ US Equity
8/15/2025,OTRKQ,Ontrak Inc,OTRKQ US Equity
3/12/2025,CUTRQ,Cutera Inc,CUTRQ US Equity
2/24/2025,OMGAQ,Omega Therapeutics Inc,OMGAQ US Equity
3/18/2009,CEMJQ,Chemtura Corporation,CEMJQ US Equity
3/1/1999,PNFTQ,Penn Traffic Co (1999),PNFTQ US Equity
11/14/2000,ICGXQ,"ICG Communications, Inc.",603190Q US Equity
2/25/2016,RJETQ,Republic Airways Holdings Inc.,RJETQ US Equity
12/31/2024,AILEQ,Ilearningengines Inc,AILEQ US Equity
11/13/2001,ANCJQ,ANC Rental Corp.,ANCJQ US Equity
12/17/2024,AKTSQ,Akoustis Technologies Inc,AKTSQ US Equity
5/7/2003,DZTKQ,DaisyTek International Corp.,DZTKQ US Equity
7/30/2020,DZTKQ,Denbury Resources Inc.,
5/2/2016,FWMHQ,Fairway Group Holdings Corp.,FWMHQ US Equity
12/9/2024,TCSGQ,Container Store Group Inc,TCSGQ US Equity
2/2/2005,TWRAQ,"Tower Automotive, Inc.",TWRAQ US Equity
6/10/2026,NOTVQ,Inotiv Inc,NOTVQ US Equity
8/6/2024,TWOUQ,2u Inc,TWOUQ US Equity
2/12/2002,KLUCQ,Kaiser Aluminum Corp.,
11/7/2011,DYNIQ,"Dynegy Holdings, LLC",DYNIQ US Equity
10/5/1998,BOST,"Boston Chicken, Inc.",BCHXQ US Equity
6/15/2020,PYXSQ,"Pyxus International, Inc.",PYXSQ US Equity
5/4/2015,COCOQ,"Corinthian Colleges, Inc.",COCOQ US Equity
9/28/2006,GEGQQ,Global Power Equipment Group Inc.,GEGQQ US Equity
3/3/2015,CDVIQ,"Cal Dive International, Inc.",CDVIQ US Equity
7/27/2016,HKRSQ,Halcon Resources Corporation,HKRSQ US Equity
5/11/2019,BRSWQ,Bristow Group Inc.,BRSWQ US Equity
4/1/2019,TISUQ,Orchids Paper Products Company,TISUQ US Equity
6/25/2025,MRINQ,Marin Software Inc,MRINQ US Equity
4/21/2025,SCPX,Scorpius Holdings Inc,SCPX US Equity
5/14/2025,AXDXQ,Accelerate Diagnostics Inc,AXDXQ US Equity
5/18/2020,CTRCQ,Centric Brands Inc.,CTRCQ US Equity
12/12/2018,PKDSQ,Parker Drilling Company,PKDC US Equity
9/9/2024,BIGGQ,Big Lots Inc,BIGGQ US Equity
1/20/2026,IVPR,Inspire Veterinary Partners Inc,IVPR US Equity
5/28/2009,RHDCQ,R.H. Donnelley Corporation,RHDCQ US Equity
6/29/2003,CRPP,Crown Pacific Partners L.P.,1514052D US Equity
2/25/2025,NKLAQ,Nikola Corp,NKLAQ US Equity
9/17/2013,FFNTQ,FriendFinder Networks Inc.,FFNTQ US Equity
12/21/2004,TMARQ,"Trico Marine Services, Inc. (2004)",TRMAQ US Equity
1/31/2005,FCPR,"Falcon Products, Inc.",FCPR US Equity
10/30/2024,VEVMQ,Vicinity Motor Corp,VEVMQ US Equity
5/24/2011,JHTXQ,Jackson Hewitt Tax Service Inc.,JHTXQ US Equity
12/12/2025,BLMZF,Harrison Global Holdings Inc,BLMZF US Equity
2/18/2009,BGPTQ,"BearingPoint, Inc.",BGPTQ US Equity
10/16/2012,AONEQ,"A123 Systems, Inc.",
12/19/2024,BSFC,Blue Star Foods Corp,BSFC US Equity
3/10/2020,FELPQ,Foresight Energy LP,FELPQ US Equity
11/9/2000,CMDCQ,CareMatrix Corp.,CMDCQ US Equity
7/29/2025,PETXQ,Wag! Group Co.,PETXQ US Equity
5/21/2025,ICCT,Icoreconnect Inc,ICCT US Equity
6/18/2019,LGCYQ,Legacy Reserves Inc.,LGCYQ US Equity
4/15/2002,AGCCQ,Anchor Glass Container Corp. (2002),237002Q US Equity
11/13/2001,CLSCQ,"Classic Communications, Inc.",CLSCQ US Equity
8/3/2015,ANRZQ,"Alpha Natural Resources, Inc.",ANRZQ US Equity
9/16/1998,SNTVQ,"Sun Television and Appliances, Inc.",SNTVQ US Equity
9/3/2002,CFWEQ,Consolidated Freightways Corp.,CFWEQ US Equity
5/4/2016,AROPQ,"Aeropostale, Inc.",AROPQ US Equity
1/26/2016,VRSZQ,Verso Corporation,
8/2/2020,TLRDQ,"Tailored Brands, Inc.",TLRDQ US Equity
4/14/2019,JONEQ,"Jones Energy, Inc.",JONEQ US Equity
3/25/2025,BACK,Imac Holdings Inc,BACK US Equity
6/15/2026,GOCOQ,Gohealth Inc,GOCOQ US Equity
9/20/2024,BFICQ,Burgerfi International Inc,BFICQ US Equity
6/20/2020,AACH,"AAC Holdings, Inc.",AACH US Equity
1/15/2018,XCOOQ,"EXCO Resources, Inc.",XCOOQ US Equity
1/30/2025,HYZN,Hyzon Motors Inc,1837938D US Equity
12/8/1999,ABNTQ,American Banknote Corporation,ABNTQ US Equity
5/6/2003,ACTRQ,Acterna Corp.,ACTRQ US Equity
8/26/2017,PERFQ,"Perfumania Holdings, Inc.",PERFQ US Equity
2/1/2016,SFXEQ,"SFX Entertainment, Inc.",
11/15/2001,BRLGQ,"Burlington Industries, Inc.",BRLGQ US Equity
6/7/1999,HRZIQ,"Harnischfeger Industries, Inc.",
3/6/2002,NSTLQ,National Steel Corp.,NSTLQ US Equity
8/11/2019,SNECQ,Sanchez Energy Corporation,SNECQ US Equity
11/21/2024,VINOQ,Gaucho Group Holdings Inc,VINO US Equity
3/27/2009,CHTRQ,"Charter Communications, Inc.",CHTRQ US Equity
7/15/2020,CRCQQ,California Resources Corporation,CRC US Equity
5/12/2026,AREB,American Rebel Holdings Inc,AREB US Equity
8/5/2025,SANW,S&w Seed Co.,SANW US Equity
5/12/2016,PVAHQ,Penn Virginia Corporation,
10/1/2009,EPEXQ,Edge Petroleum Corporation,EPEXQ US Equity
12/19/2025,IRBTQ,Irobot Corp,IRBTQ US Equity
3/12/2018,OREXQ,"Orexigen Therapeutics, Inc.",OREXQ US Equity
9/24/2003,CJML,Cone Mills Corp,CJML US Equity
2/17/2020,PIRRQ,"Pier 1 Imports, Inc.",PIRRQ US Equity
8/11/2002,UAIRQ,"US Airways Group, Inc. (2002)",UAIRQ US Equity
8/12/2025,FOXO,Foxo Technologies Inc,FOXO US Equity
5/21/2001,TLGT,Teligent Inc,
5/15/2016,BBEPQ,Breitburn Energy Partners LP,BBEPQ US Equity
1/16/2017,MEMPQ,Memorial Production Partners LP,0618563D US Equity
12/30/2024,DNMRQ,Danimer Scientific Inc,DNMRQ US Equity
12/24/2024,MTEM,Molecular Templates Inc,MTEMQ US Equity
2/14/2025,AVGR,Avinger Inc,AVGR US Equity
2/18/2025,BPTH,Bio-path Holdings Inc,BPTH US Equity
4/7/2020,QHCCQ,Quorum Health Corporation,QHCCQ US Equity
5/1/2000,KHKH,"Kitty Hawk, Inc.",KHKH US Equity
1/16/2001,IHK,Imperial Sugar Company,
7/2/2013,HOKUQ,Hoku Corporation,HOKUQ US Equity
8/19/2011,SDTHQ,"ShengdaTech, Inc.",SDTHQ US Equity
9/14/2005,DALRQ,"Delta Air Lines, Inc.",DALRQ US Equity
5/27/2004,RCNCQ,RCN Corporation,RCNCQ US Equity
7/31/2026,GVHGF,Visionary Holdings Inc,GVHGF US Equity
10/21/2019,NRTSF,Nobilis Health Corp.,NRTSF US Equity
3/17/2003,SPGLQ,Spiegel Inc.,SPGLQ US Equity
6/25/2015,MCPIQ,"Molycorp, Inc.",MCPIQ US Equity
4/22/2025,VINC,Vincerx Pharma Inc,VINC US Equity
1/4/2012,TRIDQ,"Trident Microsystems, Inc.",TRIDQ US Equity
8/20/2024,MMATQ,Meta Materials Inc,MMATQ US Equity
2/8/2016,NORNQ,Noranda Aluminum Holding Corporation,NORNQ US Equity
5/15/2003,MSPIQ,Mississippi Chemical Corp.,MSPIQ US Equity
6/20/2025,FMTOF,Femto Technologies Inc,FMTOF US Equity
3/18/2025,ATXI,Avenue Therapeutics Inc,ATXI US Equity
12/19/2000,NWSW,Northwestern Steel & Wire Co.,NWSW US Equity
12/17/2024,LEVGQ,Lion Electric Co.,LEVGQ US Equity
5/16/2016,SDOCQ,"SandRidge Energy, Inc.",SD US Equity
6/17/2013,OSHWQ,Orchard Supply Hardware Stores Corporation,
3/26/2025,BHILQ,Benson Hill Inc,BHILQ US Equity
2/13/2020,MNIQQ,McClatchy Company,
6/24/2020,JASNQ,"Jason Industries, Inc.",JASNQ US Equity
11/30/2004,AICOQ,Amcast Industrial Corporation (2004),AICOQ US Equity
10/15/2018,SHLDQ,Sears Holdings Corporation,SHLDQ US Equity
2/25/2019,WINMQ,"Windstream Holdings, Inc. (Windstream Services, LLC)",WINMQ US Equity
12/5/2001,HAZ,"Hayes Lemmerz International, Inc. (2001)",HLMMQ US Equity
4/21/2025,AIEV,Thunder Power Holdings Inc,AIEV US Equity
12/14/2017,CIEIQ,"Cobalt International Energy, Inc.",CIEIQ US Equity
12/23/2025,ZYXIQ,Zynex Inc,ZYXIQ US Equity
8/9/2024,LLFLQ,Ll Flooring Holdings Inc,LLFLQ US Equity
11/15/2024,PXDT,Pixie Dust Technologies Inc,
3/10/2015,ANVGQ,Allied Nevada Gold Corp.,
10/8/2005,DPHIQ,Delphi Corporation,
5/27/2020,TUEMQ,Tuesday Morning Corporation,TUEMQ US Equity
1/22/2002,KM,Kmart Corp.,
1/30/2026,NINEQ,Nine Energy Service Inc,NINE US Equity
6/23/2026,DEVSF,Devvstream Corp,DEVSF US Equity
9/29/1999,EGEO,"Eagle Geophysical, Inc.",
8/15/2024,SPWRQ,Sunpower Corp,SPWRQ US Equity
8/1/2016,ISHCQ,International Shipholding Corporation,ISHCQ US Equity
5/16/2016,DXMMQ,"Dex Media, Inc. (2016)",
12/23/2025,LAZRQ,Luminar Technologies Inc,1707890D US Equity
11/2/2011,SYMSQ,Syms Corp.,SYMSQ US Equity
5/23/2002,PTACQ,Pentacon Inc.,PTACQ US Equity
3/31/2009,IDARQ,Idearc Inc.,IDARQ US Equity
7/9/2012,PCXCQ,Patriot Coal Corporation (2012),
