candidate_id,fold,n_estimators,learning_rate,max_depth,min_samples_leaf,validation_pr_auc,validation_roc_auc,validation_brier_score
trees100_lr0.05_depth1_leaf10,fold_1,100,0.05,1,10,0.6927703273678505,0.8195266272189349,0.20231519245059532
trees100_lr0.05_depth1_leaf10,fold_2,100,0.05,1,10,0.9924242424242424,0.9956709956709956,0.04298172466658963
trees100_lr0.05_depth1_leaf10,fold_3,100,0.05,1,10,0.9234184334184333,0.9666666666666667,0.06580331081506188
trees100_lr0.05_depth1_leaf10,fold_4,100,0.05,1,10,0.8749714454139148,0.9487908961593172,0.08790388943386156
trees100_lr0.05_depth1_leaf20,fold_1,100,0.05,1,20,0.6927703273678505,0.8195266272189349,0.20231519245059532
trees100_lr0.05_depth1_leaf20,fold_2,100,0.05,1,20,0.9924242424242424,0.9956709956709956,0.04118412585399342
trees100_lr0.05_depth1_leaf20,fold_3,100,0.05,1,20,0.9066575472457825,0.9622222222222222,0.06449438715307416
trees100_lr0.05_depth1_leaf20,fold_4,100,0.05,1,20,0.8860033143018204,0.9487908961593172,0.08679757969660347
trees100_lr0.05_depth2_leaf10,fold_1,100,0.05,2,10,0.7378571770242406,0.849112426035503,0.20726891371061704
trees100_lr0.05_depth2_leaf10,fold_2,100,0.05,2,10,0.9924242424242424,0.9956709956709956,0.056144135277681806
trees100_lr0.05_depth2_leaf10,fold_3,100,0.05,2,10,0.9245146901029253,0.9666666666666667,0.058175590290154074
trees100_lr0.05_depth2_leaf10,fold_4,100,0.05,2,10,0.9050745669949569,0.957325746799431,0.07070481521524337
trees100_lr0.05_depth2_leaf20,fold_1,100,0.05,2,20,0.7073819977487517,0.8313609467455622,0.2073512703770217
trees100_lr0.05_depth2_leaf20,fold_2,100,0.05,2,20,1.0,1.0,0.04212000848625547
trees100_lr0.05_depth2_leaf20,fold_3,100,0.05,2,20,0.9373766429648782,0.9711111111111111,0.058397047401914606
trees100_lr0.05_depth2_leaf20,fold_4,100,0.05,2,20,0.8758545996557947,0.9473684210526316,0.07402155525505881
trees100_lr0.1_depth1_leaf10,fold_1,100,0.1,1,10,0.6489839157825583,0.8195266272189349,0.21550671060656976
trees100_lr0.1_depth1_leaf10,fold_2,100,0.1,1,10,0.9646464646464646,0.9696969696969697,0.06621627043485734
trees100_lr0.1_depth1_leaf10,fold_3,100,0.1,1,10,0.8896205102087454,0.9577777777777777,0.07439293763496159
trees100_lr0.1_depth1_leaf10,fold_4,100,0.1,1,10,0.9350377339785843,0.9672830725462305,0.07895886069588294
trees100_lr0.1_depth1_leaf20,fold_1,100,0.1,1,20,0.6320467937370771,0.8106508875739645,0.21548636031496443
trees100_lr0.1_depth1_leaf20,fold_2,100,0.1,1,20,0.9617224880382775,0.9653679653679654,0.05362243313803988
trees100_lr0.1_depth1_leaf20,fold_3,100,0.1,1,20,0.9102554308436661,0.9622222222222222,0.06823034243254734
trees100_lr0.1_depth1_leaf20,fold_4,100,0.1,1,20,0.9241482364791795,0.9615931721194879,0.08170466621514369
trees100_lr0.1_depth2_leaf10,fold_1,100,0.1,2,10,0.6706832641043168,0.8431952662721893,0.22073747344449743
trees100_lr0.1_depth2_leaf10,fold_2,100,0.1,2,10,0.9805194805194806,0.9870129870129871,0.06447523669203735
trees100_lr0.1_depth2_leaf10,fold_3,100,0.1,2,10,0.9299692355574708,0.9688888888888889,0.06783524246984857
trees100_lr0.1_depth2_leaf10,fold_4,100,0.1,2,10,0.9311742230013262,0.9715504978662874,0.06722939148393635
trees100_lr0.1_depth2_leaf20,fold_1,100,0.1,2,20,0.7298353356045664,0.8520710059171598,0.21850375169151653
trees100_lr0.1_depth2_leaf20,fold_2,100,0.1,2,20,0.986013986013986,0.9913419913419913,0.05043402799370189
trees100_lr0.1_depth2_leaf20,fold_3,100,0.1,2,20,0.9440433096315448,0.9733333333333334,0.057439643520276376
trees100_lr0.1_depth2_leaf20,fold_4,100,0.1,2,20,0.9267060647877818,0.9658605974395449,0.08343912053248369
trees200_lr0.05_depth1_leaf10,fold_1,200,0.05,1,10,0.6578909282350578,0.8224852071005917,0.21334883941469363
trees200_lr0.05_depth1_leaf10,fold_2,200,0.05,1,10,0.9679144385026738,0.974025974025974,0.04487589472836705
trees200_lr0.05_depth1_leaf10,fold_3,200,0.05,1,10,0.8814756977914873,0.9555555555555556,0.07771929218491272
trees200_lr0.05_depth1_leaf10,fold_4,200,0.05,1,10,0.8899033347184617,0.9559032716927454,0.07854972576706601
trees200_lr0.05_depth1_leaf20,fold_1,200,0.05,1,20,0.6938097040293991,0.8284023668639053,0.2146115256912386
trees200_lr0.05_depth1_leaf20,fold_2,200,0.05,1,20,0.9715909090909091,0.9783549783549783,0.04150207105797516
trees200_lr0.05_depth1_leaf20,fold_3,200,0.05,1,20,0.9319220975103327,0.9688888888888889,0.06732568902113226
trees200_lr0.05_depth1_leaf20,fold_4,200,0.05,1,20,0.8988595325047066,0.9559032716927454,0.0804688132449932
trees200_lr0.05_depth2_leaf10,fold_1,200,0.05,2,10,0.7123118889789526,0.8461538461538461,0.21954754830205309
trees200_lr0.05_depth2_leaf10,fold_2,200,0.05,2,10,0.9757575757575757,0.9826839826839827,0.0615913389246634
trees200_lr0.05_depth2_leaf10,fold_3,200,0.05,2,10,0.8896205102087454,0.9577777777777778,0.07055416677194824
trees200_lr0.05_depth2_leaf10,fold_4,200,0.05,2,10,0.9188874577957897,0.9658605974395448,0.06751968921883633
trees200_lr0.05_depth2_leaf20,fold_1,200,0.05,2,20,0.7047487649684601,0.8402366863905326,0.22075839439520195
trees200_lr0.05_depth2_leaf20,fold_2,200,0.05,2,20,0.986013986013986,0.9913419913419913,0.047103883408247824
trees200_lr0.05_depth2_leaf20,fold_3,200,0.05,2,20,0.916181356769592,0.9644444444444444,0.06060359930678993
trees200_lr0.05_depth2_leaf20,fold_4,200,0.05,2,20,0.8871943563902882,0.9544807965860598,0.07311375936138335
trees200_lr0.1_depth1_leaf10,fold_1,200,0.1,1,10,0.6672474841979485,0.831360946745562,0.22196446221953536
trees200_lr0.1_depth1_leaf10,fold_2,200,0.1,1,10,0.9567099567099567,0.9567099567099566,0.06512763341475444
trees200_lr0.1_depth1_leaf10,fold_3,200,0.1,1,10,0.8035825394648923,0.9355555555555556,0.09847743737577308
trees200_lr0.1_depth1_leaf10,fold_4,200,0.1,1,10,0.8899439388847895,0.9587482219061167,0.07764838300751051
trees200_lr0.1_depth1_leaf20,fold_1,200,0.1,1,20,0.6868283425975734,0.8431952662721893,0.22033404369971535
trees200_lr0.1_depth1_leaf20,fold_2,200,0.1,1,20,0.9590909090909091,0.9610389610389609,0.05691598998109026
trees200_lr0.1_depth1_leaf20,fold_3,200,0.1,1,20,0.8309168065050417,0.9488888888888889,0.06984283042983806
trees200_lr0.1_depth1_leaf20,fold_4,200,0.1,1,20,0.9179967916048246,0.9630156472261735,0.0755429075033447
trees200_lr0.1_depth2_leaf10,fold_1,200,0.1,2,10,0.6580388572291407,0.834319526627219,0.22804326770225508
trees200_lr0.1_depth2_leaf10,fold_2,200,0.1,2,10,0.9757575757575757,0.9826839826839827,0.06665252383623294
trees200_lr0.1_depth2_leaf10,fold_3,200,0.1,2,10,0.9037739493621846,0.96,0.06943907530700173
trees200_lr0.1_depth2_leaf10,fold_4,200,0.1,2,10,0.9479945157117118,0.9743954480796586,0.06797107796548238
trees200_lr0.1_depth2_leaf20,fold_1,200,0.1,2,20,0.7130271437963747,0.8520710059171598,0.2276766469622392
trees200_lr0.1_depth2_leaf20,fold_2,200,0.1,2,20,0.9715909090909091,0.9783549783549783,0.045252083835863544
trees200_lr0.1_depth2_leaf20,fold_3,200,0.1,2,20,0.9010009815892168,0.9622222222222222,0.06124249382620599
trees200_lr0.1_depth2_leaf20,fold_4,200,0.1,2,20,0.9039493302741527,0.9587482219061166,0.07735617699468388
