candidate_id,n_estimators,max_depth,min_samples_leaf,min_samples_split,max_features,max_samples,class_weight,eligible,folds_completed,mean_validation_pr_auc,mean_validation_roc_auc,mean_validation_brier_score
balanced_subsample_d4_leaf10_split20_mf0.25_ms0.75,200,4,10,20,0.25,0.75,balanced_subsample,True,4,0.886446923122752,0.9373313682827853,0.09837197640326098
balanced_subsample_d4_leaf10_split50_mf0.25_ms0.75,200,4,10,50,0.25,0.75,balanced_subsample,True,4,0.8843317859709989,0.9347982346767771,0.10182664471963265
balanced_subsample_d2_leaf10_split50_mf0.25_ms0.75,200,2,10,50,0.25,0.75,balanced_subsample,True,4,0.8772410961046483,0.9338870603445502,0.10199869404088668
balanced_subsample_d4_leaf25_split20_mf0.25_ms0.75,200,4,25,20,0.25,0.75,balanced_subsample,True,4,0.8765036522662575,0.9302688409571,0.1089905212256997
balanced_subsample_d4_leaf25_split50_mf0.25_ms0.75,200,4,25,50,0.25,0.75,balanced_subsample,True,4,0.8765036522662575,0.9302688409571,0.1089905212256997
balanced_subsample_d2_leaf10_split20_mf0.25_ms0.5,200,2,10,20,0.25,0.5,balanced_subsample,True,4,0.8758829610472301,0.9307126963199838,0.10215837589939969
balanced_subsample_d2_leaf25_split20_mf0.25_ms0.75,200,2,25,20,0.25,0.75,balanced_subsample,True,4,0.8746239530181372,0.9299132221804287,0.10910743525263254
balanced_subsample_d2_leaf25_split50_mf0.25_ms0.75,200,2,25,50,0.25,0.75,balanced_subsample,True,4,0.8746239530181372,0.9299132221804287,0.10910743525263254
balanced_subsample_d2_leaf10_split20_mf0.25_ms0.75,200,2,10,20,0.25,0.75,balanced_subsample,True,4,0.8743174173846491,0.9340167170126684,0.10013943947379339
balanced_subsample_d4_leaf10_split20_mf0.25_ms0.5,200,4,10,20,0.25,0.5,balanced_subsample,True,4,0.8721470426828288,0.9301729881284537,0.1013820175295265
balanced_subsample_d4_leaf10_split20_mf0.1_ms0.75,200,4,10,20,0.1,0.75,balanced_subsample,True,4,0.8701527308951531,0.9302718552920982,0.10500591062107198
balanced_subsample_d4_leaf10_split20_mf0.1_ms0.5,200,4,10,20,0.1,0.5,balanced_subsample,True,4,0.8558433455055321,0.9259192077208271,0.10695800318304144
balanced_subsample_d2_leaf10_split20_mf0.1_ms0.75,200,2,10,20,0.1,0.75,balanced_subsample,True,4,0.8540173616898565,0.9271697008539114,0.10731790432857595
balanced_subsample_d2_leaf10_split20_mf0.1_ms0.5,200,2,10,20,0.1,0.5,balanced_subsample,True,4,0.8504016278408228,0.924268388418186,0.10818894448881267
balanced_subsample_d4_leaf10_split50_mf0.1_ms0.75,200,4,10,50,0.1,0.75,balanced_subsample,True,4,0.8481932368166423,0.9209387950076209,0.11140371756902598
balanced_subsample_d4_leaf25_split20_mf0.1_ms0.75,200,4,25,20,0.1,0.75,balanced_subsample,True,4,0.8455663095916641,0.9213069738373383,0.11659898376849838
balanced_subsample_d4_leaf25_split50_mf0.1_ms0.75,200,4,25,50,0.1,0.75,balanced_subsample,True,4,0.8455663095916641,0.9213069738373383,0.11659898376849838
balanced_subsample_d2_leaf25_split20_mf0.1_ms0.75,200,2,25,20,0.1,0.75,balanced_subsample,True,4,0.8428772953894921,0.9205957362839954,0.11690038505834852
balanced_subsample_d2_leaf25_split50_mf0.1_ms0.75,200,2,25,50,0.1,0.75,balanced_subsample,True,4,0.8428772953894921,0.9205957362839954,0.11690038505834852
balanced_subsample_d2_leaf10_split50_mf0.1_ms0.5,200,2,10,50,0.1,0.5,balanced_subsample,True,4,0.8373131415651762,0.9166121727660189,0.11923920659173667
balanced_subsample_d2_leaf10_split50_mf0.1_ms0.75,200,2,10,50,0.1,0.75,balanced_subsample,True,4,0.8371487571418261,0.9197004093157939,0.11211581006736693
balanced_subsample_d4_leaf10_split50_mf0.25_ms0.5,200,4,10,50,0.25,0.5,balanced_subsample,True,4,0.8364432760921392,0.9165906560036114,0.1142945772047225
balanced_subsample_d2_leaf25_split20_mf0.1_ms0.5,200,2,25,20,0.1,0.5,balanced_subsample,True,4,0.8354378663436606,0.9162248592612965,0.12298593381971765
balanced_subsample_d2_leaf25_split50_mf0.1_ms0.5,200,2,25,50,0.1,0.5,balanced_subsample,True,4,0.8354378663436606,0.9162248592612965,0.12298593381971765
balanced_subsample_d4_leaf25_split20_mf0.1_ms0.5,200,4,25,20,0.1,0.5,balanced_subsample,True,4,0.8354378663436606,0.9162248592612965,0.12298593381971765
balanced_subsample_d4_leaf25_split50_mf0.1_ms0.5,200,4,25,50,0.1,0.5,balanced_subsample,True,4,0.8354378663436606,0.9162248592612965,0.12298593381971765
balanced_subsample_d2_leaf10_split50_mf0.25_ms0.5,200,2,10,50,0.25,0.5,balanced_subsample,True,4,0.8350742079970649,0.9160351004480559,0.11419061780761058
balanced_subsample_d4_leaf10_split50_mf0.1_ms0.5,200,4,10,50,0.1,0.5,balanced_subsample,True,4,0.8345463561806623,0.9162565539893475,0.11906677838758262
balanced_subsample_d2_leaf25_split20_mf0.25_ms0.5,200,2,25,20,0.25,0.5,balanced_subsample,True,4,0.8318022030125987,0.9130760679546105,0.1182834287373067
balanced_subsample_d2_leaf25_split50_mf0.25_ms0.5,200,2,25,50,0.25,0.5,balanced_subsample,True,4,0.8318022030125987,0.9130760679546105,0.1182834287373067
balanced_subsample_d4_leaf25_split20_mf0.25_ms0.5,200,4,25,20,0.25,0.5,balanced_subsample,True,4,0.8318022030125987,0.9130760679546105,0.1182871804906385
balanced_subsample_d4_leaf25_split50_mf0.25_ms0.5,200,4,25,50,0.25,0.5,balanced_subsample,True,4,0.8318022030125987,0.9130760679546105,0.1182871804906385
