candidate_id,fold,n_estimators,max_depth,min_samples_leaf,min_samples_split,max_features,max_samples,class_weight,eligible,mean_tree_depth,validation_pr_auc,validation_roc_auc,validation_brier_score,elapsed_seconds,warnings
balanced_subsample_d2_leaf10_split20_mf0.1_ms0.5,fold_1,200,2,10,20,0.1,0.5,balanced_subsample,True,2.0,0.6361745726951729,0.7988165680473372,0.1878442356439981,0.43521110000438057,
balanced_subsample_d2_leaf10_split20_mf0.1_ms0.5,fold_2,200,2,10,20,0.1,0.5,balanced_subsample,True,2.0,0.9653679653679654,0.9783549783549784,0.07133049707974304,0.36154979999992065,
balanced_subsample_d2_leaf10_split20_mf0.1_ms0.5,fold_3,200,2,10,20,0.1,0.5,balanced_subsample,True,2.0,0.9350197406079759,0.9711111111111111,0.07308105640948782,0.38555340000311844,
balanced_subsample_d2_leaf10_split20_mf0.1_ms0.5,fold_4,200,2,10,20,0.1,0.5,balanced_subsample,True,2.0,0.8650442326921771,0.9487908961593172,0.10049998882202171,0.3820083999889903,
balanced_subsample_d2_leaf10_split20_mf0.1_ms0.75,fold_1,200,2,10,20,0.1,0.75,balanced_subsample,True,2.0,0.6619021947463242,0.8076923076923077,0.1893401083442369,0.39273019999382086,
balanced_subsample_d2_leaf10_split20_mf0.1_ms0.75,fold_2,200,2,10,20,0.1,0.75,balanced_subsample,True,2.0,0.9722550177095632,0.9826839826839827,0.07202678225883476,0.3821738999977242,
balanced_subsample_d2_leaf10_split20_mf0.1_ms0.75,fold_3,200,2,10,20,0.1,0.75,balanced_subsample,True,2.0,0.917162597750833,0.9666666666666667,0.07207521643903558,0.3938514000037685,
balanced_subsample_d2_leaf10_split20_mf0.1_ms0.75,fold_4,200,2,10,20,0.1,0.75,balanced_subsample,True,2.0,0.8647496365527056,0.9516358463726884,0.09582951027219658,0.4135695000004489,
balanced_subsample_d2_leaf10_split20_mf0.25_ms0.5,fold_1,200,2,10,20,0.25,0.5,balanced_subsample,True,2.0,0.7004299063509589,0.8195266272189349,0.1849484072249997,0.41949149999709334,
balanced_subsample_d2_leaf10_split20_mf0.25_ms0.5,fold_2,200,2,10,20,0.25,0.5,balanced_subsample,True,2.0,0.9674931129476584,0.9783549783549783,0.06918649187289971,0.42617109999991953,
balanced_subsample_d2_leaf10_split20_mf0.25_ms0.5,fold_3,200,2,10,20,0.25,0.5,balanced_subsample,True,2.0,0.9440433096315448,0.9733333333333334,0.06489195357286283,0.4536207000055583,
balanced_subsample_d2_leaf10_split20_mf0.25_ms0.5,fold_4,200,2,10,20,0.25,0.5,balanced_subsample,True,2.0,0.8915655152587583,0.9516358463726885,0.0896066509268365,0.45955339999636635,
balanced_subsample_d2_leaf10_split20_mf0.25_ms0.75,fold_1,200,2,10,20,0.25,0.75,balanced_subsample,True,2.0,0.7044846123287418,0.8224852071005917,0.18648687534436922,0.4196551999921212,
balanced_subsample_d2_leaf10_split20_mf0.25_ms0.75,fold_2,200,2,10,20,0.25,0.75,balanced_subsample,True,2.0,0.9777495232040687,0.987012987012987,0.06362685590696873,0.4570071000052849,
balanced_subsample_d2_leaf10_split20_mf0.25_ms0.75,fold_3,200,2,10,20,0.25,0.75,balanced_subsample,True,2.0,0.9537946693829046,0.9777777777777777,0.059664753206122106,0.4899005000042962,
balanced_subsample_d2_leaf10_split20_mf0.25_ms0.75,fold_4,200,2,10,20,0.25,0.75,balanced_subsample,True,2.0,0.8612408646228811,0.9487908961593172,0.09077927343771353,0.5820087000029162,
balanced_subsample_d2_leaf10_split50_mf0.1_ms0.5,fold_1,200,2,10,50,0.1,0.5,balanced_subsample,True,1.13,0.6098862062754864,0.7840236686390534,0.19408548772252265,0.28494019999925513,
balanced_subsample_d2_leaf10_split50_mf0.1_ms0.5,fold_2,200,2,10,50,0.1,0.5,balanced_subsample,True,1.33,0.9506118881118881,0.9653679653679653,0.09118213490437643,0.2983356000040658,
balanced_subsample_d2_leaf10_split50_mf0.1_ms0.5,fold_3,200,2,10,50,0.1,0.5,balanced_subsample,True,1.78,0.9364526214526214,0.9711111111111111,0.08302143063708137,0.3183797000092454,
balanced_subsample_d2_leaf10_split50_mf0.1_ms0.5,fold_4,200,2,10,50,0.1,0.5,balanced_subsample,True,1.985,0.8523018504207089,0.9459459459459458,0.10866777310296623,0.33824060000188183,
balanced_subsample_d2_leaf10_split50_mf0.1_ms0.75,fold_1,200,2,10,50,0.1,0.75,balanced_subsample,True,1.795,0.6237459065900361,0.7899408284023668,0.19766805486692463,0.3269360999984201,
balanced_subsample_d2_leaf10_split50_mf0.1_ms0.75,fold_2,200,2,10,50,0.1,0.75,balanced_subsample,True,1.995,0.9606060606060606,0.974025974025974,0.07962389177487587,0.3308630999963498,
balanced_subsample_d2_leaf10_split50_mf0.1_ms0.75,fold_3,200,2,10,50,0.1,0.75,balanced_subsample,True,2.0,0.9266864072746426,0.9688888888888889,0.07396722348137964,0.33731149999948684,
balanced_subsample_d2_leaf10_split50_mf0.1_ms0.75,fold_4,200,2,10,50,0.1,0.75,balanced_subsample,True,2.0,0.8375566540965653,0.9459459459459459,0.0972040701462876,0.35911699999996927,
balanced_subsample_d2_leaf10_split50_mf0.25_ms0.5,fold_1,200,2,10,50,0.25,0.5,balanced_subsample,True,1.095,0.6350951853306193,0.7988165680473374,0.18793625273712647,0.3235242000082508,
balanced_subsample_d2_leaf10_split50_mf0.25_ms0.5,fold_2,200,2,10,50,0.25,0.5,balanced_subsample,True,1.32,0.9419404125286479,0.9567099567099566,0.09163207343504977,0.3594806999899447,
balanced_subsample_d2_leaf10_split50_mf0.25_ms0.5,fold_3,200,2,10,50,0.25,0.5,balanced_subsample,True,1.735,0.8762871768754121,0.9555555555555556,0.07962280861081644,0.3950304000027245,
balanced_subsample_d2_leaf10_split50_mf0.25_ms0.5,fold_4,200,2,10,50,0.25,0.5,balanced_subsample,True,1.97,0.8869740572535803,0.9530583214793741,0.09757133644744968,0.4276679999893531,
balanced_subsample_d2_leaf10_split50_mf0.25_ms0.75,fold_1,200,2,10,50,0.25,0.75,balanced_subsample,True,1.77,0.720375131404543,0.8284023668639053,0.18552344299443688,0.40047360000608023,
balanced_subsample_d2_leaf10_split50_mf0.25_ms0.75,fold_2,200,2,10,50,0.25,0.75,balanced_subsample,True,1.985,0.9674931129476584,0.9783549783549783,0.07006981305382184,0.40875070000765845,
balanced_subsample_d2_leaf10_split50_mf0.25_ms0.75,fold_3,200,2,10,50,0.25,0.75,balanced_subsample,True,2.0,0.9598552754435107,0.98,0.06066918419710935,0.46946829999797046,
balanced_subsample_d2_leaf10_split50_mf0.25_ms0.75,fold_4,200,2,10,50,0.25,0.75,balanced_subsample,True,2.0,0.8612408646228811,0.9487908961593172,0.09173233591817866,0.5257893999951193,
balanced_subsample_d2_leaf25_split20_mf0.1_ms0.5,fold_1,200,2,25,20,0.1,0.5,balanced_subsample,True,1.02,0.6192799288774522,0.7899408284023669,0.19006619210109035,0.2727286000008462,
balanced_subsample_d2_leaf25_split20_mf0.1_ms0.5,fold_2,200,2,25,20,0.1,0.5,balanced_subsample,True,1.265,0.9506118881118881,0.9653679653679653,0.09648332075793022,0.2747384999966016,
balanced_subsample_d2_leaf25_split20_mf0.1_ms0.5,fold_3,200,2,25,20,0.1,0.5,balanced_subsample,True,1.77,0.9040529949353479,0.9622222222222222,0.09164031699062429,0.3097972999967169,
balanced_subsample_d2_leaf25_split20_mf0.1_ms0.5,fold_4,200,2,25,20,0.1,0.5,balanced_subsample,True,1.985,0.8678066534499539,0.9473684210526316,0.1137539054292257,0.3324685999978101,
balanced_subsample_d2_leaf25_split20_mf0.1_ms0.75,fold_1,200,2,25,20,0.1,0.75,balanced_subsample,True,1.785,0.6203626068832071,0.7928994082840237,0.19482951626340503,0.35492990000057034,
balanced_subsample_d2_leaf25_split20_mf0.1_ms0.75,fold_2,200,2,25,20,0.1,0.75,balanced_subsample,True,1.995,0.9633264462809917,0.974025974025974,0.08479164940487055,0.36064850000548176,
balanced_subsample_d2_leaf25_split20_mf0.1_ms0.75,fold_3,200,2,25,20,0.1,0.75,balanced_subsample,True,2.0,0.917162597750833,0.9666666666666667,0.07991355549603377,0.32762840000214055,
balanced_subsample_d2_leaf25_split20_mf0.1_ms0.75,fold_4,200,2,25,20,0.1,0.75,balanced_subsample,True,2.0,0.8706575306429364,0.9487908961593172,0.10806681906908475,0.3540525999997044,
balanced_subsample_d2_leaf25_split20_mf0.25_ms0.5,fold_1,200,2,25,20,0.25,0.5,balanced_subsample,True,1.005,0.6085572624691669,0.7899408284023669,0.18533037036926622,0.3062188000039896,
balanced_subsample_d2_leaf25_split20_mf0.25_ms0.5,fold_2,200,2,25,20,0.25,0.5,balanced_subsample,True,1.285,0.9469354175236528,0.961038961038961,0.0927226421924261,0.3325414999999339,
balanced_subsample_d2_leaf25_split20_mf0.25_ms0.5,fold_3,200,2,25,20,0.25,0.5,balanced_subsample,True,1.725,0.8839396823220351,0.9511111111111111,0.08712130422689554,0.3652769000036642,
balanced_subsample_d2_leaf25_split20_mf0.25_ms0.5,fold_4,200,2,25,20,0.25,0.5,balanced_subsample,True,1.97,0.8877764497355397,0.9502133712660028,0.10795939816063894,0.4094586999999592,
balanced_subsample_d2_leaf25_split20_mf0.25_ms0.75,fold_1,200,2,25,20,0.25,0.75,balanced_subsample,True,1.755,0.7214722798701128,0.8313609467455622,0.18478282850951994,0.3650989000016125,
balanced_subsample_d2_leaf25_split20_mf0.25_ms0.75,fold_2,200,2,25,20,0.25,0.75,balanced_subsample,True,1.985,0.9527629233511586,0.9653679653679654,0.08075075388333128,0.4042355999990832,
balanced_subsample_d2_leaf25_split20_mf0.25_ms0.75,fold_3,200,2,25,20,0.25,0.75,balanced_subsample,True,2.0,0.9518864468864467,0.9755555555555556,0.07183145870899921,0.4473886999912793,
balanced_subsample_d2_leaf25_split20_mf0.25_ms0.75,fold_4,200,2,25,20,0.25,0.75,balanced_subsample,True,2.0,0.8723741619648306,0.9473684210526316,0.09906469990867976,0.49742699999478646,
balanced_subsample_d2_leaf25_split50_mf0.1_ms0.5,fold_1,200,2,25,50,0.1,0.5,balanced_subsample,True,1.02,0.6192799288774522,0.7899408284023669,0.19006619210109035,0.2692011999897659,
balanced_subsample_d2_leaf25_split50_mf0.1_ms0.5,fold_2,200,2,25,50,0.1,0.5,balanced_subsample,True,1.265,0.9506118881118881,0.9653679653679653,0.09648332075793022,0.28097799999522977,
balanced_subsample_d2_leaf25_split50_mf0.1_ms0.5,fold_3,200,2,25,50,0.1,0.5,balanced_subsample,True,1.77,0.9040529949353479,0.9622222222222222,0.09164031699062429,0.29747109999880195,
balanced_subsample_d2_leaf25_split50_mf0.1_ms0.5,fold_4,200,2,25,50,0.1,0.5,balanced_subsample,True,1.985,0.8678066534499539,0.9473684210526316,0.1137539054292257,0.31779800000367686,
balanced_subsample_d2_leaf25_split50_mf0.1_ms0.75,fold_1,200,2,25,50,0.1,0.75,balanced_subsample,True,1.785,0.6203626068832071,0.7928994082840237,0.19482951626340503,0.2927521999954479,
balanced_subsample_d2_leaf25_split50_mf0.1_ms0.75,fold_2,200,2,25,50,0.1,0.75,balanced_subsample,True,1.995,0.9633264462809917,0.974025974025974,0.08479164940487055,0.31015029999252874,
balanced_subsample_d2_leaf25_split50_mf0.1_ms0.75,fold_3,200,2,25,50,0.1,0.75,balanced_subsample,True,2.0,0.917162597750833,0.9666666666666667,0.07991355549603377,0.3284568999952171,
balanced_subsample_d2_leaf25_split50_mf0.1_ms0.75,fold_4,200,2,25,50,0.1,0.75,balanced_subsample,True,2.0,0.8706575306429364,0.9487908961593172,0.10806681906908475,0.4086673999991035,
balanced_subsample_d2_leaf25_split50_mf0.25_ms0.5,fold_1,200,2,25,50,0.25,0.5,balanced_subsample,True,1.005,0.6085572624691669,0.7899408284023669,0.18533037036926622,0.31888310000067577,
balanced_subsample_d2_leaf25_split50_mf0.25_ms0.5,fold_2,200,2,25,50,0.25,0.5,balanced_subsample,True,1.285,0.9469354175236528,0.961038961038961,0.0927226421924261,0.3259074999950826,
balanced_subsample_d2_leaf25_split50_mf0.25_ms0.5,fold_3,200,2,25,50,0.25,0.5,balanced_subsample,True,1.725,0.8839396823220351,0.9511111111111111,0.08712130422689554,0.3626248999935342,
balanced_subsample_d2_leaf25_split50_mf0.25_ms0.5,fold_4,200,2,25,50,0.25,0.5,balanced_subsample,True,1.97,0.8877764497355397,0.9502133712660028,0.10795939816063894,0.4090779999969527,
balanced_subsample_d2_leaf25_split50_mf0.25_ms0.75,fold_1,200,2,25,50,0.25,0.75,balanced_subsample,True,1.755,0.7214722798701128,0.8313609467455622,0.18478282850951994,0.37958829999843147,
balanced_subsample_d2_leaf25_split50_mf0.25_ms0.75,fold_2,200,2,25,50,0.25,0.75,balanced_subsample,True,1.985,0.9527629233511586,0.9653679653679654,0.08075075388333128,0.4119856999896001,
balanced_subsample_d2_leaf25_split50_mf0.25_ms0.75,fold_3,200,2,25,50,0.25,0.75,balanced_subsample,True,2.0,0.9518864468864467,0.9755555555555556,0.07183145870899921,0.47027379999053665,
balanced_subsample_d2_leaf25_split50_mf0.25_ms0.75,fold_4,200,2,25,50,0.25,0.75,balanced_subsample,True,2.0,0.8723741619648306,0.9473684210526316,0.09906469990867976,0.49719379999442026,
balanced_subsample_d4_leaf10_split20_mf0.1_ms0.5,fold_1,200,4,10,20,0.1,0.5,balanced_subsample,True,2.57,0.6383390748596749,0.8017751479289941,0.1878052853504825,0.3041363999946043,
balanced_subsample_d4_leaf10_split20_mf0.1_ms0.5,fold_2,200,4,10,20,0.1,0.5,balanced_subsample,True,2.785,0.9653679653679654,0.9783549783549784,0.07086854698796535,0.3147466000082204,
balanced_subsample_d4_leaf10_split20_mf0.1_ms0.5,fold_3,200,4,10,20,0.1,0.5,balanced_subsample,True,3.275,0.9424271480153832,0.9733333333333334,0.07212614625241603,0.33886669999628793,
balanced_subsample_d4_leaf10_split20_mf0.1_ms0.5,fold_4,200,4,10,20,0.1,0.5,balanced_subsample,True,3.355,0.8772391937791049,0.9502133712660028,0.09703203414130188,0.362850100005744,
balanced_subsample_d4_leaf10_split20_mf0.1_ms0.75,fold_1,200,4,10,20,0.1,0.75,balanced_subsample,True,3.02,0.6701346297321529,0.8106508875739645,0.19002872468581392,0.33187399999587797,
balanced_subsample_d4_leaf10_split20_mf0.1_ms0.75,fold_2,200,4,10,20,0.1,0.75,balanced_subsample,True,3.405,0.9674931129476584,0.9783549783549783,0.07118966174444394,0.35900470000342466,
balanced_subsample_d4_leaf10_split20_mf0.1_ms0.75,fold_3,200,4,10,20,0.1,0.75,balanced_subsample,True,3.735,0.9397205953088306,0.9733333333333334,0.06733097493532043,0.38891910000529606,
balanced_subsample_d4_leaf10_split20_mf0.1_ms0.75,fold_4,200,4,10,20,0.1,0.75,balanced_subsample,True,3.785,0.9032625855919705,0.9587482219061166,0.0914742811187096,0.41489719999663066,
balanced_subsample_d4_leaf10_split20_mf0.25_ms0.5,fold_1,200,4,10,20,0.25,0.5,balanced_subsample,True,2.45,0.6850452909663436,0.8165680473372781,0.18459151091685538,0.37746940000215545,
balanced_subsample_d4_leaf10_split20_mf0.25_ms0.5,fold_2,200,4,10,20,0.25,0.5,balanced_subsample,True,2.795,0.9674931129476584,0.9783549783549783,0.06908834421657403,0.4191997000016272,
balanced_subsample_d4_leaf10_split20_mf0.25_ms0.5,fold_3,200,4,10,20,0.25,0.5,balanced_subsample,True,3.2,0.9490938146820499,0.9755555555555555,0.06434666360269013,0.4866182999976445,
balanced_subsample_d4_leaf10_split20_mf0.25_ms0.5,fold_4,200,4,10,20,0.25,0.5,balanced_subsample,True,3.365,0.8869559521352635,0.9502133712660028,0.08750155138198645,0.5295119999937015,
balanced_subsample_d4_leaf10_split20_mf0.25_ms0.75,fold_1,200,4,10,20,0.25,0.75,balanced_subsample,True,2.92,0.7142479259382093,0.8313609467455622,0.18445567934014342,0.46876619999238756,
balanced_subsample_d4_leaf10_split20_mf0.25_ms0.75,fold_2,200,4,10,20,0.25,0.75,balanced_subsample,True,3.28,0.9722550177095632,0.9826839826839827,0.0627174159381345,0.5108923000079812,
balanced_subsample_d4_leaf10_split20_mf0.25_ms0.75,fold_3,200,4,10,20,0.25,0.75,balanced_subsample,True,3.705,0.9654108309990662,0.9822222222222222,0.059566856178326924,0.5638179000088712,
balanced_subsample_d4_leaf10_split20_mf0.25_ms0.75,fold_4,200,4,10,20,0.25,0.75,balanced_subsample,True,3.79,0.8938739178441693,0.9530583214793742,0.0867479541564391,0.6503099999972619,
balanced_subsample_d4_leaf10_split50_mf0.1_ms0.5,fold_1,200,4,10,50,0.1,0.5,balanced_subsample,True,1.13,0.6098862062754864,0.7840236686390534,0.19408548772252265,0.2809156000002986,
balanced_subsample_d4_leaf10_split50_mf0.1_ms0.5,fold_2,200,4,10,50,0.1,0.5,balanced_subsample,True,1.335,0.9506118881118881,0.9653679653679653,0.09112592979881116,0.2919836000073701,
balanced_subsample_d4_leaf10_split50_mf0.1_ms0.5,fold_3,200,4,10,50,0.1,0.5,balanced_subsample,True,1.925,0.9364526214526213,0.9711111111111111,0.08267221918859595,0.3141712000069674,
balanced_subsample_d4_leaf10_split50_mf0.1_ms0.5,fold_4,200,4,10,50,0.1,0.5,balanced_subsample,True,2.24,0.8412347088826533,0.9445234708392602,0.1083834768404007,0.33941020000202116,
balanced_subsample_d4_leaf10_split50_mf0.1_ms0.75,fold_1,200,4,10,50,0.1,0.75,balanced_subsample,True,2.03,0.6212006577212579,0.7869822485207101,0.1981640318957248,0.3138745000032941,
balanced_subsample_d4_leaf10_split50_mf0.1_ms0.75,fold_2,200,4,10,50,0.1,0.75,balanced_subsample,True,2.32,0.9606060606060606,0.974025974025974,0.08007772114630614,0.34035020000010263,
balanced_subsample_d4_leaf10_split50_mf0.1_ms0.75,fold_3,200,4,10,50,0.1,0.75,balanced_subsample,True,2.8,0.9350197406079759,0.9711111111111111,0.07184130588458132,0.3548106999951415,
balanced_subsample_d4_leaf10_split50_mf0.1_ms0.75,fold_4,200,4,10,50,0.1,0.75,balanced_subsample,True,3.015,0.8759464883312749,0.9516358463726885,0.09553181134949164,0.39208599999255966,
balanced_subsample_d4_leaf10_split50_mf0.25_ms0.5,fold_1,200,4,10,50,0.25,0.5,balanced_subsample,True,1.095,0.6350951853306193,0.7988165680473374,0.18793625273712647,0.31173390000185464,
balanced_subsample_d4_leaf10_split50_mf0.25_ms0.5,fold_2,200,4,10,50,0.25,0.5,balanced_subsample,True,1.32,0.9419404125286479,0.9567099567099566,0.09163207343504977,0.33977569999115076,
balanced_subsample_d4_leaf10_split50_mf0.25_ms0.5,fold_3,200,4,10,50,0.25,0.5,balanced_subsample,True,1.855,0.882213102801338,0.9577777777777778,0.0797033994020944,0.3879847000062,
balanced_subsample_d4_leaf10_split50_mf0.25_ms0.5,fold_4,200,4,10,50,0.25,0.5,balanced_subsample,True,2.115,0.8865244037079516,0.9530583214793742,0.09790658324461934,0.42686189999221824,
balanced_subsample_d4_leaf10_split50_mf0.25_ms0.75,fold_1,200,4,10,50,0.25,0.75,balanced_subsample,True,1.955,0.7198372077896964,0.8284023668639053,0.18618177725085894,0.4004973999981303,
balanced_subsample_d4_leaf10_split50_mf0.25_ms0.75,fold_2,200,4,10,50,0.25,0.75,balanced_subsample,True,2.255,0.9674931129476584,0.9783549783549783,0.07016068440582567,0.446747999987565,
balanced_subsample_d4_leaf10_split50_mf0.25_ms0.75,fold_3,200,4,10,50,0.25,0.75,balanced_subsample,True,2.72,0.9654108309990662,0.9822222222222222,0.060781799162486404,0.5058350999897812,
balanced_subsample_d4_leaf10_split50_mf0.25_ms0.75,fold_4,200,4,10,50,0.25,0.75,balanced_subsample,True,2.955,0.8845859921475749,0.9502133712660028,0.09018231805935964,0.5788062999927206,
balanced_subsample_d4_leaf25_split20_mf0.1_ms0.5,fold_1,200,4,25,20,0.1,0.5,balanced_subsample,True,1.02,0.6192799288774522,0.7899408284023669,0.19006619210109035,0.2642974000045797,
balanced_subsample_d4_leaf25_split20_mf0.1_ms0.5,fold_2,200,4,25,20,0.1,0.5,balanced_subsample,True,1.265,0.9506118881118881,0.9653679653679653,0.09648332075793022,0.2752143999969121,
balanced_subsample_d4_leaf25_split20_mf0.1_ms0.5,fold_3,200,4,25,20,0.1,0.5,balanced_subsample,True,1.77,0.9040529949353479,0.9622222222222222,0.09164031699062429,0.2940416999917943,
balanced_subsample_d4_leaf25_split20_mf0.1_ms0.5,fold_4,200,4,25,20,0.1,0.5,balanced_subsample,True,1.995,0.8678066534499539,0.9473684210526316,0.1137539054292257,0.31605819999822415,
balanced_subsample_d4_leaf25_split20_mf0.1_ms0.75,fold_1,200,4,25,20,0.1,0.75,balanced_subsample,True,1.785,0.6203626068832071,0.7928994082840237,0.19482951626340503,0.30520040000556037,
balanced_subsample_d4_leaf25_split20_mf0.1_ms0.75,fold_2,200,4,25,20,0.1,0.75,balanced_subsample,True,2.025,0.9633264462809917,0.974025974025974,0.08484529545529969,0.3288025999936508,
balanced_subsample_d4_leaf25_split20_mf0.1_ms0.75,fold_3,200,4,25,20,0.1,0.75,balanced_subsample,True,2.255,0.917162597750833,0.9666666666666667,0.07978379358409741,0.33531589999620337,
balanced_subsample_d4_leaf25_split20_mf0.1_ms0.75,fold_4,200,4,25,20,0.1,0.75,balanced_subsample,True,2.505,0.8814135874516247,0.9516358463726885,0.1069373297711914,0.3617915999930119,
balanced_subsample_d4_leaf25_split20_mf0.25_ms0.5,fold_1,200,4,25,20,0.25,0.5,balanced_subsample,True,1.005,0.6085572624691669,0.7899408284023669,0.18533037036926622,0.3031295999971917,
balanced_subsample_d4_leaf25_split20_mf0.25_ms0.5,fold_2,200,4,25,20,0.25,0.5,balanced_subsample,True,1.285,0.9469354175236528,0.961038961038961,0.0927226421924261,0.3248215000057826,
balanced_subsample_d4_leaf25_split20_mf0.25_ms0.5,fold_3,200,4,25,20,0.25,0.5,balanced_subsample,True,1.725,0.8839396823220351,0.9511111111111111,0.08712130422689554,0.3609604999946896,
balanced_subsample_d4_leaf25_split20_mf0.25_ms0.5,fold_4,200,4,25,20,0.25,0.5,balanced_subsample,True,1.98,0.8877764497355397,0.9502133712660028,0.10797440517396609,0.4101706000074046,
balanced_subsample_d4_leaf25_split20_mf0.25_ms0.75,fold_1,200,4,25,20,0.25,0.75,balanced_subsample,True,1.755,0.7214722798701128,0.8313609467455622,0.18478282850951994,0.3651049000036437,
balanced_subsample_d4_leaf25_split20_mf0.25_ms0.75,fold_2,200,4,25,20,0.25,0.75,balanced_subsample,True,1.99,0.9527629233511586,0.9653679653679654,0.08075075388333128,0.4010392999916803,
balanced_subsample_d4_leaf25_split20_mf0.25_ms0.75,fold_3,200,4,25,20,0.25,0.75,balanced_subsample,True,2.165,0.9518864468864467,0.9755555555555556,0.07176802785334925,0.44935049999912735,
balanced_subsample_d4_leaf25_split20_mf0.25_ms0.75,fold_4,200,4,25,20,0.25,0.75,balanced_subsample,True,2.35,0.8798929589573117,0.9487908961593172,0.09866047465659834,0.534121500008041,
balanced_subsample_d4_leaf25_split50_mf0.1_ms0.5,fold_1,200,4,25,50,0.1,0.5,balanced_subsample,True,1.02,0.6192799288774522,0.7899408284023669,0.19006619210109035,0.27205590000085067,
balanced_subsample_d4_leaf25_split50_mf0.1_ms0.5,fold_2,200,4,25,50,0.1,0.5,balanced_subsample,True,1.265,0.9506118881118881,0.9653679653679653,0.09648332075793022,0.2750949000037508,
balanced_subsample_d4_leaf25_split50_mf0.1_ms0.5,fold_3,200,4,25,50,0.1,0.5,balanced_subsample,True,1.77,0.9040529949353479,0.9622222222222222,0.09164031699062429,0.29304610000690445,
balanced_subsample_d4_leaf25_split50_mf0.1_ms0.5,fold_4,200,4,25,50,0.1,0.5,balanced_subsample,True,1.995,0.8678066534499539,0.9473684210526316,0.1137539054292257,0.32754579999891575,
balanced_subsample_d4_leaf25_split50_mf0.1_ms0.75,fold_1,200,4,25,50,0.1,0.75,balanced_subsample,True,1.785,0.6203626068832071,0.7928994082840237,0.19482951626340503,0.3075637000001734,
balanced_subsample_d4_leaf25_split50_mf0.1_ms0.75,fold_2,200,4,25,50,0.1,0.75,balanced_subsample,True,2.025,0.9633264462809917,0.974025974025974,0.08484529545529969,0.3110635000048205,
balanced_subsample_d4_leaf25_split50_mf0.1_ms0.75,fold_3,200,4,25,50,0.1,0.75,balanced_subsample,True,2.255,0.917162597750833,0.9666666666666667,0.07978379358409741,0.33279420000326354,
balanced_subsample_d4_leaf25_split50_mf0.1_ms0.75,fold_4,200,4,25,50,0.1,0.75,balanced_subsample,True,2.505,0.8814135874516247,0.9516358463726885,0.1069373297711914,0.3655224999965867,
balanced_subsample_d4_leaf25_split50_mf0.25_ms0.5,fold_1,200,4,25,50,0.25,0.5,balanced_subsample,True,1.005,0.6085572624691669,0.7899408284023669,0.18533037036926622,0.30357220000587404,
balanced_subsample_d4_leaf25_split50_mf0.25_ms0.5,fold_2,200,4,25,50,0.25,0.5,balanced_subsample,True,1.285,0.9469354175236528,0.961038961038961,0.0927226421924261,0.3265806999988854,
balanced_subsample_d4_leaf25_split50_mf0.25_ms0.5,fold_3,200,4,25,50,0.25,0.5,balanced_subsample,True,1.725,0.8839396823220351,0.9511111111111111,0.08712130422689554,0.3671933000005083,
balanced_subsample_d4_leaf25_split50_mf0.25_ms0.5,fold_4,200,4,25,50,0.25,0.5,balanced_subsample,True,1.98,0.8877764497355397,0.9502133712660028,0.10797440517396609,0.4096552000119118,
balanced_subsample_d4_leaf25_split50_mf0.25_ms0.75,fold_1,200,4,25,50,0.25,0.75,balanced_subsample,True,1.755,0.7214722798701128,0.8313609467455622,0.18478282850951994,0.36515649998909794,
balanced_subsample_d4_leaf25_split50_mf0.25_ms0.75,fold_2,200,4,25,50,0.25,0.75,balanced_subsample,True,1.99,0.9527629233511586,0.9653679653679654,0.08075075388333128,0.4086181000020588,
balanced_subsample_d4_leaf25_split50_mf0.25_ms0.75,fold_3,200,4,25,50,0.25,0.75,balanced_subsample,True,2.165,0.9518864468864467,0.9755555555555556,0.07176802785334925,0.4692838000046322,
balanced_subsample_d4_leaf25_split50_mf0.25_ms0.75,fold_4,200,4,25,50,0.25,0.75,balanced_subsample,True,2.35,0.8798929589573117,0.9487908961593172,0.09866047465659834,0.532803000009153,
