company_id,prediction_date,metadata_event_id,target,prediction_year,split,company_group_id,metadata_outcome_end_date,bankruptcy_probability,predicted_target_default_0_5,predicted_target_operating
NB_1009,2001-08-22,NB_1009@2001-08-22,0,2001,train,group:NB_1009,2002-08-22,0.05645833333333333,0,0
NB_1011,2002-02-22,NB_1011@2002-02-22,0,2002,train,group:NB_1011,2003-02-22,1.3812154696132597e-05,0,0
NB_1045,2000-09-30,NB_1045@2000-09-30,0,2000,train,group:NB_1045,2001-09-30,0.016591193107077084,0,0
NB_1045,2001-11-22,NB_1045@2001-11-22,0,2001,train,group:NB_1045,2002-11-22,0.04938881215469613,0,0
NB_1047,2003-05-22,NB_1047@2003-05-22,0,2003,train,group:NB_1047,2004-05-22,0.003138812154696132,0,0
NB_1072,2000-05-10,NB_1072@2000-05-10,0,2000,train,group:NB_1072,2001-05-10,1.3812154696132597e-05,0,0
NB_1072,2001-07-03,NB_1072@2001-07-03,0,2001,train,group:NB_1072,2002-07-03,1.3812154696132597e-05,0,0
NB_1072,2002-12-17,NB_1072@2002-12-17,0,2002,train,group:NB_1072,2003-12-17,1.3812154696132597e-05,0,0
NB_1105,2001-03-02,NB_1105@2001-03-02,0,2001,train,group:NB_1105,2002-03-02,0.012097145488029466,0,0
NB_1148,2001-12-06,NB_1148@2001-12-06,0,2001,train,group:NB_1148,2002-12-06,1.3812154696132597e-05,0,0
NB_1148,2002-09-21,NB_1148@2002-09-21,0,2002,train,group:NB_1148,2003-09-21,0.0037638121546961327,0,0
NB_1148,2003-11-06,NB_1148@2003-11-06,0,2003,train,group:NB_1148,2004-11-06,0.003138812154696132,0,0
NB_1159,2012-01-13,NB_1159@2012-01-13,0,2012,train,group:NB_1159,2013-01-13,0.09729166666666668,0,0
NB_1195,2000-09-20,NB_1195@2000-09-20,0,2000,train,group:NB_1195,2001-09-20,0.02672214548802947,0,0
NB_1195,2001-11-22,NB_1195@2001-11-22,0,2001,train,group:NB_1195,2002-11-22,0.006680478821362798,0,0
NB_1195,2004-02-27,NB_1195@2004-02-27,0,2004,train,group:NB_1195,2005-02-27,0.002513812154696133,0,0
NB_1197,2009-07-03,NB_1197@2009-07-03,0,2009,train,group:NB_1197,2010-07-03,0.3260833333333332,0,0
NB_1211,2003-11-06,NB_1211@2003-11-06,0,2003,train,group:NB_1211,2004-11-06,0.011888812154696133,0,0
NB_1240,2001-11-22,NB_1240@2001-11-22,0,2001,train,group:NB_1240,2002-11-22,0.006263812154696132,0,0
NB_1305,2002-03-13,NB_1305@2002-03-13,0,2002,train,group:NB_1305,2003-03-13,0.13272214548802946,0,0
NB_1305,2005-02-16,NB_1305@2005-02-16,0,2005,train,group:NB_1305,2006-02-16,0.01788881215469613,0,0
NB_1305,2005-06-16,NB_1305@2005-06-16,0,2005,train,group:NB_1305,2006-06-16,0.013138812154696134,0,0
NB_1325,1999-10-20,NB_1325@1999-10-20,0,1999,train,group:NB_1325,2000-10-20,0.010013812154696131,0,0
NB_1325,2011-10-06,NB_1325@2011-10-06,0,2011,train,group:NB_1325,2012-10-06,0.15053464548802947,0,0
NB_1352,2011-10-06,NB_1352@2011-10-06,0,2011,train,group:NB_1352,2012-10-06,0.08722214548802945,0,0
NB_1385,2008-12-18,NB_1385@2008-12-18,0,2008,train,group:NB_1385,2009-12-18,0.004763812154696133,0,0
NB_1385,2011-02-23,NB_1385@2011-02-23,0,2011,train,group:NB_1385,2012-02-23,0.0037638121546961327,0,0
NB_1388,2003-03-31,NB_1388@2003-03-31,0,2003,train,group:NB_1388,2004-03-31,0.1210554788213628,0,0
NB_1398,2008-08-08,NB_1398@2008-08-08,0,2008,train,group:NB_1398,2009-08-08,0.01313881215469613,0,0
NB_1398,2009-08-17,NB_1398@2009-08-17,0,2009,train,group:NB_1398,2010-08-17,0.07751381215469613,0,0
NB_1404,2008-08-08,NB_1404@2008-08-08,0,2008,train,group:NB_1404,2009-08-08,0.04251381215469613,0,0
NB_1468,2012-08-16,NB_1468@2012-08-16,0,2012,train,group:NB_1468,2013-08-16,0.012597145488029466,0,0
NB_1503,1999-06-05,NB_1503@1999-06-05,0,1999,train,group:NB_1503,2000-06-05,0.23416666666666663,0,0
NB_1512,2008-12-18,NB_1512@2008-12-18,0,2008,train,group:NB_1512,2009-12-18,0.13334714548802945,0,0
NB_1547,1998-09-28,NB_1547@1998-09-28,0,1998,train,group:NB_1547,1999-09-28,0.0863054788213628,0,0
NB_1574,2006-06-30,NB_1574@2006-06-30,0,2006,train,group:NB_1574,2007-06-30,0.017930478821362797,0,0
NB_1593,2003-03-19,NB_1593@2003-03-19,0,2003,train,group:NB_1593,2004-03-19,0.020847145488029465,0,0
NB_1596,2013-12-23,NB_1596@2013-12-23,0,2013,train,group:NB_1596,2014-12-23,0.004180478821362799,0,0
NB_160,1999-10-20,NB_160@1999-10-20,0,1999,train,group:NB_160,2000-10-20,0.005430478821362799,0,0
NB_160,2000-09-30,NB_160@2000-09-30,0,2000,train,group:NB_160,2001-09-30,0.0056388121546961335,0,0
NB_160,2013-01-08,NB_160@2013-01-08,0,2013,train,group:NB_160,2014-01-08,0.004388812154696132,0,0
NB_1617,1998-11-13,NB_1617@1998-11-13,0,1998,train,group:NB_1617,1999-11-13,0.020847145488029472,0,0
NB_1617,2003-02-05,NB_1617@2003-02-05,0,2003,train,group:NB_1617,2004-02-05,0.10462500000000002,0,0
NB_1623,2003-05-22,NB_1623@2003-05-22,0,2003,train,group:NB_1623,2004-05-22,0.0628054788213628,0,0
NB_1624,2003-02-14,NB_1624@2003-02-14,0,2003,train,group:NB_1624,2004-02-14,0.23320833333333335,0,0
NB_1624,2007-10-31,NB_1624@2007-10-31,0,2007,train,group:NB_1624,2008-10-31,0.12644345238095236,0,0
NB_1636,2003-05-22,NB_1636@2003-05-22,0,2003,train,group:NB_1636,2004-05-22,0.1522995264404104,0,0
NB_165,2011-08-09,NB_165@2011-08-09,0,2011,train,group:NB_165,2012-08-09,0.0435554788213628,0,0
NB_170,2003-11-06,NB_170@2003-11-06,0,2003,train,group:NB_170,2004-11-06,0.05501381215469613,0,0
NB_1710,2001-11-22,NB_1710@2001-11-22,0,2001,train,group:NB_1710,2002-11-22,0.022263812154696132,0,0
NB_1710,2005-06-16,NB_1710@2005-06-16,0,2005,train,group:NB_1710,2006-06-16,1.3812154696132597e-05,0,0
NB_1718,2002-02-22,NB_1718@2002-02-22,0,2002,train,group:NB_1718,2003-02-22,0.019791666666666666,0,0
NB_1718,2003-03-31,NB_1718@2003-03-31,0,2003,train,group:NB_1718,2004-03-31,0.019284645488029464,0,0
NB_1728,2013-06-19,NB_1728@2013-06-19,0,2013,train,group:NB_1728,2014-06-19,0.0114304788213628,0,0
NB_1730,2007-10-31,NB_1730@2007-10-31,0,2007,train,group:NB_1730,2008-10-31,0.1867083333333333,0,0
NB_1730,2009-04-08,NB_1730@2009-04-08,0,2009,train,group:NB_1730,2010-04-08,0.1802638121546961,0,0
NB_1736,2000-09-30,NB_1736@2000-09-30,0,2000,train,group:NB_1736,2001-09-30,1.3812154696132597e-05,0,0
NB_1746,2004-02-27,NB_1746@2004-02-27,0,2004,train,group:NB_1746,2005-02-27,0.05522214548802947,0,0
NB_1746,2009-01-20,NB_1746@2009-01-20,0,2009,train,group:NB_1746,2010-01-20,0.007930478821362798,0,0
NB_1759,1998-07-07,NB_1759@1998-07-07,0,1998,train,group:NB_1759,1999-07-07,0.0006388121546961325,0,0
NB_1759,1998-11-13,NB_1759@1998-11-13,0,1998,train,group:NB_1759,1999-11-13,1.3812154696132597e-05,0,0
NB_1790,2002-12-17,NB_1790@2002-12-17,0,2002,train,group:NB_1790,2003-12-17,0.0012638121546961326,0,0
NB_1790,2004-02-27,NB_1790@2004-02-27,0,2004,train,group:NB_1790,2005-02-27,0.011888812154696133,0,0
NB_1826,2002-12-21,NB_1826@2002-12-21,0,2002,train,group:NB_1826,2003-12-21,0.0691804788213628,0,0
NB_1932,2002-03-13,NB_1932@2002-03-13,0,2002,train,group:NB_1932,2003-03-13,0.033222145488029466,0,0
NB_194,2004-12-07,NB_194@2004-12-07,0,2004,train,group:NB_194,2005-12-07,0.013763812154696133,0,0
NB_1964,2006-12-21,NB_1964@2006-12-21,0,2006,train,group:NB_1964,2007-12-21,0.24020833333333327,0,0
NB_1975,2012-05-19,NB_1975@2012-05-19,0,2012,train,group:NB_1975,2013-05-19,0.01867452644041042,0,0
NB_1980,2002-03-13,NB_1980@2002-03-13,0,2002,train,group:NB_1980,2003-03-13,0.02376381215469613,0,0
NB_1980,2005-06-16,NB_1980@2005-06-16,0,2005,train,group:NB_1980,2006-06-16,0.02063881215469613,0,0
NB_2021,2011-10-06,NB_2021@2011-10-06,0,2011,train,group:NB_2021,2012-10-06,0.020416666666666666,0,0
NB_2026,2011-10-06,NB_2026@2011-10-06,0,2011,train,group:NB_2026,2012-10-06,0.08572214548802946,0,0
NB_2034,2006-06-30,NB_2034@2006-06-30,0,2006,train,group:NB_2034,2007-06-30,0.07479166666666666,0,0
NB_2041,2011-11-16,NB_2041@2011-11-16,0,2011,train,group:NB_2041,2012-11-16,0.07422214548802947,0,0
NB_2050,2008-08-08,NB_2050@2008-08-08,0,2008,train,group:NB_2050,2009-08-08,1.3812154696132597e-05,0,0
NB_2050,2009-08-17,NB_2050@2009-08-17,0,2009,train,group:NB_2050,2010-08-17,1.3812154696132597e-05,0,0
NB_206,2011-08-09,NB_206@2011-08-09,0,2011,train,group:NB_206,2012-08-09,0.0875,0,0
NB_2068,2004-02-27,NB_2068@2004-02-27,0,2004,train,group:NB_2068,2005-02-27,0.0116804788213628,0,0
NB_2102,1998-07-07,NB_2102@1998-07-07,0,1998,train,group:NB_2102,1999-07-07,0.06643047882136281,0,0
NB_2105,2001-11-22,NB_2105@2001-11-22,0,2001,train,group:NB_2105,2002-11-22,0.011888812154696133,0,0
NB_2105,2008-12-18,NB_2105@2008-12-18,0,2008,train,group:NB_2105,2009-12-18,0.010180478821362799,0,0
NB_212,2012-10-30,NB_212@2012-10-30,0,2012,train,group:NB_212,2013-10-30,0.09604166666666668,0,0
NB_2140,2003-11-06,NB_2140@2003-11-06,0,2003,train,group:NB_2140,2004-11-06,0.02376381215469613,0,0
NB_2158,2001-03-02,NB_2158@2001-03-02,0,2001,train,group:NB_2158,2002-03-02,0.03188881215469613,0,0
NB_2170,2003-03-19,NB_2170@2003-03-19,0,2003,train,group:NB_2170,2004-03-19,0.016458333333333332,0,0
NB_2212,2009-01-20,NB_2212@2009-01-20,0,2009,train,group:NB_2212,2010-01-20,0.17997214548802948,0,0
NB_2238,2009-01-20,NB_2238@2009-01-20,0,2009,train,group:NB_2238,2010-01-20,0.0012638121546961326,0,0
NB_2238,2011-10-06,NB_2238@2011-10-06,0,2011,train,group:NB_2238,2012-10-06,1.3812154696132597e-05,0,0
NB_2249,1998-06-18,NB_2249@1998-06-18,0,1998,train,group:NB_2249,1999-06-18,0.003347145488029466,0,0
NB_2257,1999-10-20,NB_2257@1999-10-20,0,1999,train,group:NB_2257,2000-10-20,0.012097145488029466,0,0
NB_2257,2003-07-25,NB_2257@2003-07-25,0,2003,train,group:NB_2257,2004-07-25,0.004805478821362799,0,0
NB_2264,2000-05-10,NB_2264@2000-05-10,0,2000,train,group:NB_2264,2001-05-10,0.03834714548802946,0,0
NB_2264,2000-07-07,NB_2264@2000-07-07,0,2000,train,group:NB_2264,2001-07-07,0.0366804788213628,0,0
NB_2298,2003-01-01,NB_2298@2003-01-01,0,2003,train,group:NB_2298,2004-01-01,0.0016804788213627992,0,0
NB_2346,2003-03-31,NB_2346@2003-03-31,0,2003,train,group:NB_2346,2004-03-31,0.0216804788213628,0,0
NB_2378,2012-01-13,NB_2378@2012-01-13,0,2012,train,group:NB_2378,2013-01-13,0.05666666666666667,0,0
NB_2386,2000-09-30,NB_2386@2000-09-30,0,2000,train,group:NB_2386,2001-09-30,0.002513812154696133,0,0
NB_2394,1998-12-15,NB_2394@1998-12-15,0,1998,train,group:NB_2394,1999-12-15,0.010638812154696134,0,0
NB_2394,2008-12-18,NB_2394@2008-12-18,0,2008,train,group:NB_2394,2009-12-18,0.010013812154696133,0,0
NB_2430,2006-09-12,NB_2430@2006-09-12,0,2006,train,group:NB_2430,2007-09-12,0.0254304788213628,0,0
NB_2431,2001-07-03,NB_2431@2001-07-03,0,2001,train,group:NB_2431,2002-07-03,0.0041804788213627994,0,0
NB_2442,2001-12-06,NB_2442@2001-12-06,0,2001,train,group:NB_2442,2002-12-06,0.041680478821362804,0,0
NB_2442,2002-06-05,NB_2442@2002-06-05,0,2002,train,group:NB_2442,2003-06-05,0.006680478821362798,0,0
NB_2442,2004-09-01,NB_2442@2004-09-01,0,2004,train,group:NB_2442,2005-09-01,0.006263812154696133,0,0
NB_2446,1998-11-13,NB_2446@1998-11-13,0,1998,train,group:NB_2446,1999-11-13,0.003930478821362799,0,0
NB_2446,1999-10-20,NB_2446@1999-10-20,0,1999,train,group:NB_2446,2000-10-20,1.3812154696132597e-05,0,0
NB_2447,2001-11-22,NB_2447@2001-11-22,0,2001,train,group:NB_2447,2002-11-22,0.015166666666666667,0,0
NB_2458,2008-12-27,NB_2458@2008-12-27,0,2008,train,group:NB_2458,2009-12-27,0.36283333333333334,0,0
NB_246,2001-11-22,NB_246@2001-11-22,0,2001,train,group:NB_246,2002-11-22,0.10245833333333332,0,0
NB_2465,2007-08-21,NB_2465@2007-08-21,0,2007,train,group:NB_2465,2008-08-21,1.3812154696132597e-05,0,0
NB_2478,2001-07-03,NB_2478@2001-07-03,0,2001,train,group:NB_2478,2002-07-03,0.05796619310707708,0,0
NB_2478,2002-02-19,NB_2478@2002-02-19,0,2002,train,group:NB_2478,2003-02-19,0.018763812154696132,0,0
NB_2478,2004-09-01,NB_2478@2004-09-01,0,2004,train,group:NB_2478,2005-09-01,0.0012638121546961326,0,0
NB_248,2013-01-08,NB_248@2013-01-08,0,2013,train,group:NB_248,2014-01-08,1.3812154696132597e-05,0,0
NB_249,2011-10-06,NB_249@2011-10-06,0,2011,train,group:NB_249,2012-10-06,0.08522214548802946,0,0
NB_2492,2001-03-02,NB_2492@2001-03-02,0,2001,train,group:NB_2492,2002-03-02,0.12133333333333333,0,0
NB_2492,2005-08-09,NB_2492@2005-08-09,0,2005,train,group:NB_2492,2006-08-09,0.07,0,0
NB_252,2011-11-16,NB_252@2011-11-16,0,2011,train,group:NB_252,2012-11-16,0.008347145488029464,0,0
NB_2530,2004-02-27,NB_2530@2004-02-27,0,2004,train,group:NB_2530,2005-02-27,0.02376381215469613,0,0
NB_2563,2000-09-30,NB_2563@2000-09-30,0,2000,train,group:NB_2563,2001-09-30,1.3812154696132597e-05,0,0
NB_2587,2001-10-18,NB_2587@2001-10-18,0,2001,train,group:NB_2587,2002-10-18,0.0025138121546961325,0,0
NB_2587,2009-04-08,NB_2587@2009-04-08,0,2009,train,group:NB_2587,2010-04-08,0.03751381215469613,0,0
NB_2603,2004-09-01,NB_2603@2004-09-01,0,2004,train,group:NB_2603,2005-09-01,0.024291666666666666,0,0
NB_261,2004-09-01,NB_261@2004-09-01,0,2004,train,group:NB_261,2005-09-01,1.3812154696132597e-05,0,0
NB_2626,2004-11-04,NB_2626@2004-11-04,0,2004,train,group:NB_2626,2005-11-04,0.0037638121546961323,0,0
NB_2660,2004-07-28,NB_2660@2004-07-28,0,2004,train,group:NB_2660,2005-07-28,0.0012638121546961326,0,0
NB_2660,2004-11-02,NB_2660@2004-11-02,0,2004,train,group:NB_2660,2005-11-02,0.0054304788213628,0,0
NB_2704,2012-01-13,NB_2704@2012-01-13,0,2012,train,group:NB_2704,2013-01-13,0.0035554788213627993,0,0
NB_2720,2003-05-22,NB_2720@2003-05-22,0,2003,train,group:NB_2720,2004-05-22,0.028555478821362796,0,0
NB_2742,2001-10-18,NB_2742@2001-10-18,0,2001,train,group:NB_2742,2002-10-18,0.13549999999999998,0,0
NB_2775,2011-10-06,NB_2775@2011-10-06,0,2011,train,group:NB_2775,2012-10-06,0.023847145488029464,0,0
NB_279,2002-12-17,NB_279@2002-12-17,0,2002,train,group:NB_279,2003-12-17,0.26666666666666666,0,0
NB_2794,2003-02-05,NB_2794@2003-02-05,0,2003,train,group:NB_2794,2004-02-05,0.028347145488029465,0,0
NB_2797,2008-11-23,NB_2797@2008-11-23,0,2008,train,group:NB_2797,2009-11-23,0.14088095238095238,0,0
NB_2798,2008-11-23,NB_2798@2008-11-23,0,2008,train,group:NB_2798,2009-11-23,0.202672619047619,0,0
NB_2811,2001-03-02,NB_2811@2001-03-02,0,2001,train,group:NB_2811,2002-03-02,0.016638812154696134,0,0
NB_2813,1999-09-04,NB_2813@1999-09-04,0,1999,train,group:NB_2813,2000-09-04,0.0006388121546961325,0,0
NB_2813,2000-02-03,NB_2813@2000-02-03,0,2000,train,group:NB_2813,2001-02-03,1.3812154696132597e-05,0,0
NB_2815,2002-02-22,NB_2815@2002-02-22,0,2002,train,group:NB_2815,2003-02-22,0.0366804788213628,0,0
NB_2815,2003-05-22,NB_2815@2003-05-22,0,2003,train,group:NB_2815,2004-05-22,0.028138812154696137,0,0
NB_283,2008-11-23,NB_283@2008-11-23,0,2008,train,group:NB_283,2009-11-23,0.008138812154696133,0,0
NB_2887,2001-03-02,NB_2887@2001-03-02,0,2001,train,group:NB_2887,2002-03-02,0.008763812154696134,0,0
NB_2887,2002-12-17,NB_2887@2002-12-17,0,2002,train,group:NB_2887,2003-12-17,0.041722145488029466,0,0
NB_2939,2002-06-05,NB_2939@2002-06-05,0,2002,train,group:NB_2939,2003-06-05,0.07404166666666667,0,0
NB_2939,2006-12-21,NB_2939@2006-12-21,0,2006,train,group:NB_2939,2007-12-21,0.002513812154696133,0,0
NB_2939,2010-06-25,NB_2939@2010-06-25,0,2010,train,group:NB_2939,2011-06-25,0.010013812154696131,0,0
NB_2942,2005-08-09,NB_2942@2005-08-09,0,2005,train,group:NB_2942,2006-08-09,0.100125,0,0
NB_2944,2008-08-08,NB_2944@2008-08-08,0,2008,train,group:NB_2944,2009-08-08,0.002513812154696133,0,0
NB_2944,2011-02-23,NB_2944@2011-02-23,0,2011,train,group:NB_2944,2012-02-23,0.0066804788213628,0,0
NB_2972,2012-01-13,NB_2972@2012-01-13,0,2012,train,group:NB_2972,2013-01-13,0.0012638121546961326,0,0
NB_3005,2012-10-30,NB_3005@2012-10-30,0,2012,train,group:NB_3005,2013-10-30,0.005847145488029466,0,0
NB_328,2006-12-21,NB_328@2006-12-21,0,2006,train,group:NB_328,2007-12-21,0.02188881215469613,0,0
NB_328,2008-12-18,NB_328@2008-12-18,0,2008,train,group:NB_328,2009-12-18,0.2047638121546961,0,0
NB_335,2011-02-23,NB_335@2011-02-23,0,2011,train,group:NB_335,2012-02-23,0.06291666666666668,0,0
NB_363,2003-01-01,NB_363@2003-01-01,0,2003,train,group:NB_363,2004-01-01,0.15191666666666667,0,0
NB_390,2003-01-01,NB_390@2003-01-01,0,2003,train,group:NB_390,2004-01-01,0.005222145488029466,0,0
NB_390,2008-11-20,NB_390@2008-11-20,0,2008,train,group:NB_390,2009-11-20,0.0075138121546961326,0,0
NB_390,2012-05-19,NB_390@2012-05-19,0,2012,train,group:NB_390,2013-05-19,1.3812154696132597e-05,0,0
NB_395,2011-11-16,NB_395@2011-11-16,0,2011,train,group:NB_395,2012-11-16,0.28889476453564855,0,0
NB_40,2012-10-30,NB_40@2012-10-30,0,2012,train,group:NB_40,2013-10-30,1.3812154696132597e-05,0,0
NB_469,1998-11-13,NB_469@1998-11-13,0,1998,train,group:NB_469,1999-11-13,0.29876381215469616,0,0
NB_476,2009-04-08,NB_476@2009-04-08,0,2009,train,group:NB_476,2010-04-08,0.19584714548802945,0,0
NB_518,1999-08-06,NB_518@1999-08-06,0,1999,train,group:NB_518,2000-08-06,0.0118054788213628,0,0
NB_518,2013-12-23,NB_518@2013-12-23,0,2013,train,group:NB_518,2014-12-23,0.002513812154696133,0,0
NB_523,2004-12-07,NB_523@2004-12-07,0,2004,train,group:NB_523,2005-12-07,0.13108333333333333,0,0
NB_544,2012-10-30,NB_544@2012-10-30,0,2012,train,group:NB_544,2013-10-30,0.0591804788213628,0,0
NB_588,2004-11-02,NB_588@2004-11-02,0,2004,train,group:NB_588,2005-11-02,0.046875,0,0
NB_590,2000-09-30,NB_590@2000-09-30,0,2000,train,group:NB_590,2001-09-30,0.07995833333333334,0,0
NB_590,2001-10-18,NB_590@2001-10-18,0,2001,train,group:NB_590,2002-10-18,0.05145833333333333,0,0
NB_590,2003-06-26,NB_590@2003-06-26,0,2003,train,group:NB_590,2004-06-26,0.21788881215469613,0,0
NB_591,2008-12-18,NB_591@2008-12-18,0,2008,train,group:NB_591,2009-12-18,1.3812154696132597e-05,0,0
NB_594,2001-12-06,NB_594@2001-12-06,0,2001,train,group:NB_594,2002-12-06,0.024597145488029465,0,0
NB_594,2002-12-17,NB_594@2002-12-17,0,2002,train,group:NB_594,2003-12-17,0.013555478821362798,0,0
NB_594,2012-01-13,NB_594@2012-01-13,0,2012,train,group:NB_594,2013-01-13,1.3812154696132597e-05,0,0
NB_605,2000-09-30,NB_605@2000-09-30,0,2000,train,group:NB_605,2001-09-30,0.02751381215469613,0,0
NB_605,2001-03-02,NB_605@2001-03-02,0,2001,train,group:NB_605,2002-03-02,0.08791666666666666,0,0
NB_605,2002-12-17,NB_605@2002-12-17,0,2002,train,group:NB_605,2003-12-17,0.04166666666666666,0,0
NB_607,2008-11-23,NB_607@2008-11-23,0,2008,train,group:NB_607,2009-11-23,0.17132142857142857,0,0
NB_61,2009-02-27,NB_61@2009-02-27,0,2009,train,group:NB_61,2010-02-27,0.01813881215469613,0,0
NB_618,1998-09-28,NB_618@1998-09-28,0,1998,train,group:NB_618,1999-09-28,0.0006388121546961325,0,0
NB_618,2002-02-22,NB_618@2002-02-22,0,2002,train,group:NB_618,2003-02-22,0.023513812154696133,0,0
NB_635,2003-01-01,NB_635@2003-01-01,0,2003,train,group:NB_635,2004-01-01,0.06541666666666666,0,0
NB_642,2001-03-02,NB_642@2001-03-02,0,2001,train,group:NB_642,2002-03-02,0.0366804788213628,0,0
NB_680,2012-08-16,NB_680@2012-08-16,0,2012,train,group:NB_680,2013-08-16,0.006680478821362798,0,0
NB_681,2002-08-29,NB_681@2002-08-29,0,2002,train,group:NB_681,2003-08-29,0.030097145488029463,0,0
NB_688,1998-07-07,NB_688@1998-07-07,0,1998,train,group:NB_688,1999-07-07,0.011472145488029465,0,0
NB_688,1998-09-28,NB_688@1998-09-28,0,1998,train,group:NB_688,1999-09-28,0.04063881215469614,0,0
NB_691,2002-12-17,NB_691@2002-12-17,0,2002,train,group:NB_691,2003-12-17,0.14238881215469612,0,0
NB_691,2003-02-14,NB_691@2003-02-14,0,2003,train,group:NB_691,2004-02-14,0.1331388121546961,0,0
NB_703,2000-02-03,NB_703@2000-02-03,0,2000,train,group:NB_703,2001-02-03,0.03520833333333333,0,0
NB_704,2013-01-08,NB_704@2013-01-08,0,2013,train,group:NB_704,2014-01-08,1.3812154696132597e-05,0,0
NB_733,2007-10-31,NB_733@2007-10-31,0,2007,train,group:NB_733,2008-10-31,0.0012638121546961326,0,0
NB_745,2004-07-28,NB_745@2004-07-28,0,2004,train,group:NB_745,2005-07-28,0.007930478821362798,0,0
NB_754,2002-02-22,NB_754@2002-02-22,0,2002,train,group:NB_754,2003-02-22,0.08147214548802946,0,0
NB_754,2013-06-19,NB_754@2013-06-19,0,2013,train,group:NB_754,2014-06-19,0.010013812154696131,0,0
NB_771,2009-04-08,NB_771@2009-04-08,0,2009,train,group:NB_771,2010-04-08,0.2289583333333333,0,0
NB_780,2009-02-27,NB_780@2009-02-27,0,2009,train,group:NB_780,2010-02-27,0.3361804788213628,0,0
NB_786,2002-09-21,NB_786@2002-09-21,0,2002,train,group:NB_786,2003-09-21,0.0420554788213628,0,0
NB_791,1999-09-04,NB_791@1999-09-04,0,1999,train,group:NB_791,2000-09-04,0.03854166666666667,0,0
NB_791,2003-02-14,NB_791@2003-02-14,0,2003,train,group:NB_791,2004-02-14,0.014138812154696132,0,0
NB_811,2001-11-22,NB_811@2001-11-22,0,2001,train,group:NB_811,2002-11-22,0.13757142857142854,0,0
NB_836,2005-06-16,NB_836@2005-06-16,0,2005,train,group:NB_836,2006-06-16,0.002513812154696133,0,0
NB_872,1998-07-07,NB_872@1998-07-07,0,1998,train,group:NB_872,1999-07-07,0.046472145488029463,0,0
NB_872,1998-11-13,NB_872@1998-11-13,0,1998,train,group:NB_872,1999-11-13,0.07605547882136279,0,0
NB_872,2002-09-21,NB_872@2002-09-21,0,2002,train,group:NB_872,2003-09-21,0.003347145488029466,0,0
NB_873,2003-03-29,NB_873@2003-03-29,0,2003,train,group:NB_873,2004-03-29,0.0166804788213628,0,0
NB_893,2001-08-22,NB_893@2001-08-22,0,2001,train,group:NB_893,2002-08-22,1.3812154696132597e-05,0,0
NB_893,2002-06-05,NB_893@2002-06-05,0,2002,train,group:NB_893,2003-06-05,0.0022638121546961327,0,0
NB_893,2012-01-13,NB_893@2012-01-13,0,2012,train,group:NB_893,2013-01-13,1.3812154696132597e-05,0,0
NB_90,2003-01-01,NB_90@2003-01-01,0,2003,train,group:NB_90,2004-01-01,0.014388812154696132,0,0
NB_904,1998-06-18,NB_904@1998-06-18,0,1998,train,group:NB_904,1999-06-18,0.011013812154696132,0,0
NB_904,2009-07-03,NB_904@2009-07-03,0,2009,train,group:NB_904,2010-07-03,0.031805478821362795,0,0
NB_953,2006-06-30,NB_953@2006-06-30,0,2006,train,group:NB_953,2007-06-30,0.015847145488029468,0,0
NB_968,2008-12-31,NB_968@2008-12-31,0,2008,train,group:NB_968,2009-12-31,0.2489304788213628,0,0
NB_968,2009-04-08,NB_968@2009-04-08,0,2009,train,group:NB_968,2010-04-08,0.2427221454880294,0,0
NB_974,2003-01-01,NB_974@2003-01-01,0,2003,train,group:NB_974,2004-01-01,0.0091804788213628,0,0
NB_986,2000-09-20,NB_986@2000-09-20,0,2000,train,group:NB_986,2001-09-20,0.016041666666666666,0,0
NB_998,2004-12-07,NB_998@2004-12-07,0,2004,train,group:NB_998,2005-12-07,0.0148054788213628,0,0
NB_998,2009-08-17,NB_998@2009-08-17,0,2009,train,group:NB_998,2010-08-17,0.0066804788213628,0,0
SA_0,2003-11-06,SA_0@2003-11-06,1,2003,train,group:SA_0,2004-11-06,0.8750000000000001,1,1
SA_10,2001-08-22,SA_10@2001-08-22,1,2001,train,group:SA_10,2002-08-22,0.809875,1,1
SA_102,2009-04-08,SA_102@2009-04-08,1,2009,train,group:SA_102,2010-04-08,0.9337500000000002,1,1
SA_105,2003-03-29,SA_105@2003-03-29,1,2003,train,group:SA_105,2004-03-29,0.8983333333333334,1,1
SA_113,2012-01-13,SA_113@2012-01-13,1,2012,train,group:SA_113,2013-01-13,0.91025,1,1
SA_115,2009-01-19,SA_115@2009-01-19,1,2009,train,group:SA_115,2010-01-19,0.8471875,1,1
SA_117,2003-05-22,SA_117@2003-05-22,1,2003,train,group:SA_117,2004-05-22,0.96875,1,1
SA_118,2002-02-19,SA_118@2002-02-19,1,2002,train,group:SA_118,2003-02-19,0.9258333333333333,1,1
SA_129,2009-02-27,SA_129@2009-02-27,1,2009,train,group:SA_129,2010-02-27,0.853958333333333,1,1
SA_13,2004-07-07,SA_13@2004-07-07,1,2004,train,group:SA_13,2005-07-07,0.9132499999999999,1,1
SA_130,2000-02-03,SA_130@2000-02-03,1,2000,train,group:SA_130,2001-02-03,0.9737500000000001,1,1
SA_131,2002-03-05,SA_131@2002-03-05,1,2002,train,group:SA_131,2003-03-05,0.9836666666666667,1,1
SA_134,1999-06-05,SA_134@1999-06-05,1,1999,train,group:SA_134,2000-06-05,0.9403888121546962,1,1
SA_135,1998-09-28,SA_135@1998-09-28,1,1998,train,group:SA_135,1999-09-28,0.9341666666666667,1,1
SA_140,2003-03-19,SA_140@2003-03-19,1,2003,train,group:SA_140,2004-03-19,0.8402083333333334,1,1
SA_143,2001-03-02,SA_143@2001-03-02,1,2001,train,group:SA_143,2002-03-02,0.9066666666666666,1,1
SA_145,1999-08-06,SA_145@1999-08-06,1,1999,train,group:SA_145,2000-08-06,0.8398749999999999,1,1
SA_153,2008-08-08,SA_153@2008-08-08,1,2008,train,group:SA_153,2009-08-08,0.7800833333333334,1,1
SA_158,2004-12-07,SA_158@2004-12-07,1,2004,train,group:SA_158,2005-12-07,0.8640197645356487,1,1
SA_160,2001-10-18,SA_160@2001-10-18,1,2001,train,group:SA_160,2002-10-18,0.6233214285714286,1,1
SA_162,2001-07-03,SA_162@2001-07-03,1,2001,train,group:SA_162,2002-07-03,0.97375,1,1
SA_164,2009-08-17,SA_164@2009-08-17,1,2009,train,group:SA_164,2010-08-17,0.959375,1,1
SA_165,2004-07-28,SA_165@2004-07-28,1,2004,train,group:SA_165,2005-07-28,0.81525,1,1
SA_166,2003-01-01,SA_166@2003-01-01,1,2003,train,group:SA_166,2004-01-01,0.8205416666666666,1,1
SA_171,2008-12-18,SA_171@2008-12-18,1,2008,train,group:SA_171,2009-12-18,0.7314583333333333,1,1
SA_178,2003-02-06,SA_178@2003-02-06,1,2003,train,group:SA_178,2004-02-06,0.5647916666666668,1,1
SA_18,2013-01-08,SA_18@2013-01-08,1,2013,train,group:SA_18,2014-01-08,0.8369583333333334,1,1
SA_182,2004-11-04,SA_182@2004-11-04,1,2004,train,group:SA_182,2005-11-04,0.9216666666666665,1,1
SA_186,2011-08-09,SA_186@2011-08-09,1,2011,train,group:SA_186,2012-08-09,0.7879166666666667,1,1
SA_187,1998-07-07,SA_187@1998-07-07,1,1998,train,group:SA_187,1999-07-07,0.8962221454880296,1,1
SA_190,2006-06-30,SA_190@2006-06-30,1,2006,train,group:SA_190,2007-06-30,0.6729166666666666,1,1
SA_202,2009-02-27,SA_202@2009-02-27,1,2009,train,group:SA_202,2010-02-27,0.8879166666666667,1,1
SA_203,2003-03-31,SA_203@2003-03-31,1,2003,train,group:SA_203,2004-03-31,0.9661309523809524,1,1
SA_205,2013-06-19,SA_205@2013-06-19,1,2013,train,group:SA_205,2014-06-19,0.8745,1,1
SA_207,2004-11-02,SA_207@2004-11-02,1,2004,train,group:SA_207,2005-11-02,0.7865000000000001,1,1
SA_209,2011-02-23,SA_209@2011-02-23,1,2011,train,group:SA_209,2012-02-23,0.9408333333333334,1,1
SA_211,2008-11-20,SA_211@2008-11-20,1,2008,train,group:SA_211,2009-11-20,0.9113333333333334,1,1
SA_215,2000-08-11,SA_215@2000-08-11,1,2000,train,group:SA_215,2001-08-11,0.8825416666666667,1,1
SA_22,2002-12-21,SA_22@2002-12-21,1,2002,train,group:SA_22,2003-12-21,0.9207916666666668,1,1
SA_220,2001-08-15,SA_220@2001-08-15,1,2001,train,group:SA_220,2002-08-15,0.8821804788213627,1,1
SA_222,1998-06-18,SA_222@1998-06-18,1,1998,train,group:SA_222,1999-06-18,0.7745833333333336,1,1
SA_223,2002-06-05,SA_223@2002-06-05,1,2002,train,group:SA_223,2003-06-05,0.9211666666666667,1,1
SA_235,2003-02-05,SA_235@2003-02-05,1,2003,train,group:SA_235,2004-02-05,0.9841666666666667,1,1
SA_238,2001-08-17,SA_238@2001-08-17,1,2001,train,group:SA_238,2002-08-17,0.93875,1,1
SA_240,2001-12-06,SA_240@2001-12-06,1,2001,train,group:SA_240,2002-12-06,0.920452380952381,1,1
SA_243,2008-12-27,SA_243@2008-12-27,1,2008,train,group:SA_243,2009-12-27,0.8847499999999998,1,1
SA_248,2009-07-03,SA_248@2009-07-03,1,2009,train,group:SA_248,2010-07-03,0.8739583333333334,1,1
SA_251,2003-06-26,SA_251@2003-06-26,1,2003,train,group:SA_251,2004-06-26,0.6685286931070772,1,1
SA_26,1998-11-13,SA_26@1998-11-13,1,1998,train,group:SA_26,1999-11-13,0.8955833333333334,1,1
SA_267,2005-06-16,SA_267@2005-06-16,1,2005,train,group:SA_267,2006-06-16,0.9764583333333333,1,1
SA_268,2004-02-27,SA_268@2004-02-27,1,2004,train,group:SA_268,2005-02-27,0.9302976190476193,1,1
SA_27,2008-11-23,SA_27@2008-11-23,1,2008,train,group:SA_27,2009-11-23,0.853125,1,1
SA_271,2002-12-17,SA_271@2002-12-17,1,2002,train,group:SA_271,2003-12-17,0.9733333333333333,1,1
SA_274,2011-10-06,SA_274@2011-10-06,1,2011,train,group:SA_274,2012-10-06,0.6241249999999998,1,1
SA_277,2003-02-14,SA_277@2003-02-14,1,2003,train,group:SA_277,2004-02-14,0.9114583333333333,1,1
SA_280,2000-09-20,SA_280@2000-09-20,1,2000,train,group:SA_280,2001-09-20,0.9428333333333333,1,1
SA_287,2004-09-01,SA_287@2004-09-01,1,2004,train,group:SA_287,2005-09-01,0.878125,1,1
SA_29,2012-05-19,SA_29@2012-05-19,1,2012,train,group:SA_29,2013-05-19,0.8063333333333333,1,1
SA_290,2001-09-06,SA_290@2001-09-06,1,2001,train,group:SA_290,2002-09-06,0.97375,1,1
SA_3,2001-12-11,SA_3@2001-12-11,1,2001,train,group:SA_3,2002-12-11,0.8135554788213628,1,1
SA_307,2011-08-04,SA_307@2011-08-04,1,2011,train,group:SA_307,2012-08-04,0.6126607142857143,1,1
SA_308,2002-02-22,SA_308@2002-02-22,1,2002,train,group:SA_308,2003-02-22,0.7788471454880296,1,1
SA_309,2008-12-31,SA_309@2008-12-31,1,2008,train,group:SA_309,2009-12-31,0.8411458333333333,1,1
SA_36,2002-03-13,SA_36@2002-03-13,1,2002,train,group:SA_36,2003-03-13,0.726375,1,1
SA_39,2007-10-31,SA_39@2007-10-31,1,2007,train,group:SA_39,2008-10-31,0.8904166666666665,1,1
SA_40,2010-06-25,SA_40@2010-06-25,1,2010,train,group:SA_40,2011-06-25,0.8734583333333332,1,1
SA_41,2013-12-23,SA_41@2013-12-23,1,2013,train,group:SA_41,2014-12-23,0.8183333333333331,1,1
SA_45,2002-08-29,SA_45@2002-08-29,1,2002,train,group:SA_45,2003-08-29,0.9123333333333333,1,1
SA_47,2003-07-25,SA_47@2003-07-25,1,2003,train,group:SA_47,2004-07-25,0.9268333333333334,1,1
SA_49,2006-12-21,SA_49@2006-12-21,1,2006,train,group:SA_49,2007-12-21,0.7710416666666667,1,1
SA_5,2005-06-16,SA_5@2005-06-16,1,2005,train,group:SA_5,2006-06-16,0.8575000000000002,1,1
SA_51,2000-07-07,SA_51@2000-07-07,1,2000,train,group:SA_51,2001-07-07,0.8851250000000002,1,1
SA_58,2002-09-21,SA_58@2002-09-21,1,2002,train,group:SA_58,2003-09-21,0.739125,1,1
SA_59,1999-10-20,SA_59@1999-10-20,1,1999,train,group:SA_59,2000-10-20,0.9282083333333333,1,1
SA_64,2011-11-16,SA_64@2011-11-16,1,2011,train,group:SA_64,2012-11-16,0.8892916666666666,1,1
SA_65,2012-08-16,SA_65@2012-08-16,1,2012,train,group:SA_65,2013-08-16,0.8972916666666666,1,1
SA_68,2003-06-16,SA_68@2003-06-16,1,2003,train,group:SA_68,2004-06-16,0.9691666666666667,1,1
SA_7,2009-01-20,SA_7@2009-01-20,1,2009,train,group:SA_7,2010-01-20,0.8045833333333334,1,1
SA_70,2004-07-22,SA_70@2004-07-22,1,2004,train,group:SA_70,2005-07-22,0.85675,1,1
SA_71,2006-09-12,SA_71@2006-09-12,1,2006,train,group:SA_71,2007-09-12,0.8981249999999998,1,1
SA_72,2012-10-30,SA_72@2012-10-30,1,2012,train,group:SA_72,2013-10-30,0.8777083333333334,1,1
SA_74,2012-10-30,SA_74@2012-10-30,1,2012,train,group:SA_74,2013-10-30,0.9187083333333332,1,1
SA_75,1999-09-04,SA_75@1999-09-04,1,1999,train,group:SA_75,2000-09-04,0.8548333333333333,1,1
SA_77,2001-11-22,SA_77@2001-11-22,1,2001,train,group:SA_77,2002-11-22,0.9220833333333333,1,1
SA_79,2005-08-09,SA_79@2005-08-09,1,2005,train,group:SA_79,2006-08-09,0.9841666666666665,1,1
SA_80,1998-12-15,SA_80@1998-12-15,1,1998,train,group:SA_80,1999-12-15,0.9533333333333335,1,1
SA_84,2001-09-15,SA_84@2001-09-15,1,2001,train,group:SA_84,2002-09-15,0.9808333333333334,1,1
SA_88,2005-02-16,SA_88@2005-02-16,1,2005,train,group:SA_88,2006-02-16,0.8247083333333335,1,1
SA_9,2000-05-10,SA_9@2000-05-10,1,2000,train,group:SA_9,2001-05-10,0.950625,1,1
SA_90,2000-09-30,SA_90@2000-09-30,1,2000,train,group:SA_90,2001-09-30,0.8209583333333333,1,1
SA_93,2007-08-21,SA_93@2007-08-21,1,2007,train,group:SA_93,2008-08-21,0.7962380952380953,1,1
NB_1048,2017-10-17,NB_1048@2017-10-17,0,2017,validation,group:NB_1048,2018-10-17,0.04601381215469614,0,0
NB_1079,2016-06-18,NB_1079@2016-06-18,0,2016,validation,group:NB_1079,2017-06-18,0.27710416666666665,0,0
NB_1089,2018-12-14,NB_1089@2018-12-14,0,2018,validation,group:NB_1089,2019-12-14,0.27351381215469617,0,0
NB_1134,2015-11-10,NB_1134@2015-11-10,0,2015,validation,group:NB_1134,2016-11-10,0.12159714548802944,0,0
NB_1167,2016-06-18,NB_1167@2016-06-18,0,2016,validation,group:NB_1167,2017-06-18,0.6459583333333333,1,1
NB_1193,2016-01-22,NB_1193@2016-01-22,0,2016,validation,group:NB_1193,2017-01-22,0.1539583333333333,0,0
NB_1266,2015-11-10,NB_1266@2015-11-10,0,2015,validation,group:NB_1266,2016-11-10,0.18584714548802947,0,0
NB_1333,2017-05-28,NB_1333@2017-05-28,0,2017,validation,group:NB_1333,2018-05-28,0.03734714548802946,0,0
NB_1343,2018-11-27,NB_1343@2018-11-27,0,2018,validation,group:NB_1343,2019-11-27,0.29291666666666666,0,0
NB_1359,2016-03-09,NB_1359@2016-03-09,0,2016,validation,group:NB_1359,2017-03-09,0.09878464548802945,0,0
NB_1455,2016-02-04,NB_1455@2016-02-04,0,2016,validation,group:NB_1455,2017-02-04,1.3812154696132597e-05,0,0
NB_1487,2017-10-17,NB_1487@2017-10-17,0,2017,validation,group:NB_1487,2018-10-17,0.03864583333333333,0,0
NB_1538,2018-02-17,NB_1538@2018-02-17,0,2018,validation,group:NB_1538,2019-02-17,1.3812154696132597e-05,0,0
NB_1567,2015-04-16,NB_1567@2015-04-16,0,2015,validation,group:NB_1567,2016-04-16,0.5866934523809523,1,1
NB_1664,2017-09-20,NB_1664@2017-09-20,0,2017,validation,group:NB_1664,2018-09-20,0.18604166666666663,0,0
NB_1707,2016-02-16,NB_1707@2016-02-16,0,2016,validation,group:NB_1707,2017-02-16,0.012513812154696134,0,0
NB_1732,2016-02-16,NB_1732@2016-02-16,0,2016,validation,group:NB_1732,2017-02-16,0.06625,0,0
NB_1732,2018-07-17,NB_1732@2018-07-17,0,2018,validation,group:NB_1732,2019-07-17,0.048138812154696134,0,0
NB_1814,2016-05-03,NB_1814@2016-05-03,0,2016,validation,group:NB_1814,2017-05-03,0.003347145488029466,0,0
NB_1814,2017-10-17,NB_1814@2017-10-17,0,2017,validation,group:NB_1814,2018-10-17,0.005847145488029467,0,0
NB_1830,2015-04-16,NB_1830@2015-04-16,0,2015,validation,group:NB_1830,2016-04-16,0.005013812154696134,0,0
NB_1830,2018-07-17,NB_1830@2018-07-17,0,2018,validation,group:NB_1830,2019-07-17,0.002513812154696133,0,0
NB_1898,2017-10-17,NB_1898@2017-10-17,0,2017,validation,group:NB_1898,2018-10-17,0.705125,1,1
NB_1898,2017-11-04,NB_1898@2017-11-04,0,2017,validation,group:NB_1898,2018-11-04,0.7076250000000001,1,1
NB_1911,2015-11-10,NB_1911@2015-11-10,0,2015,validation,group:NB_1911,2016-11-10,0.6729166666666666,1,1
NB_2006,2015-11-10,NB_2006@2015-11-10,0,2015,validation,group:NB_2006,2016-11-10,0.17562500000000003,0,0
NB_2015,2018-02-17,NB_2015@2018-02-17,0,2018,validation,group:NB_2015,2019-02-17,0.017513812154696135,0,0
NB_2059,2015-11-27,NB_2059@2015-11-27,0,2015,validation,group:NB_2059,2016-11-27,0.0441804788213628,0,0
NB_2097,2018-07-17,NB_2097@2018-07-17,0,2018,validation,group:NB_2097,2019-07-17,0.1957638121546961,0,0
NB_2097,2018-08-02,NB_2097@2018-08-02,0,2018,validation,group:NB_2097,2019-08-02,0.18659714548802941,0,0
NB_2147,2016-06-18,NB_2147@2016-06-18,0,2016,validation,group:NB_2147,2017-06-18,0.0941804788213628,0,0
NB_2180,2016-05-03,NB_2180@2016-05-03,0,2016,validation,group:NB_2180,2017-05-03,0.031180478821362802,0,0
NB_2209,2018-12-14,NB_2209@2018-12-14,0,2018,validation,group:NB_2209,2019-12-14,0.03626381215469614,0,0
NB_2278,2015-03-27,NB_2278@2015-03-27,0,2015,validation,group:NB_2278,2016-03-27,0.020430478821362796,0,0
NB_2278,2016-02-16,NB_2278@2016-02-16,0,2016,validation,group:NB_2278,2017-02-16,0.006263812154696133,0,0
NB_2324,2018-11-27,NB_2324@2018-11-27,0,2018,validation,group:NB_2324,2019-11-27,0.0898054788213628,0,0
NB_2434,2016-05-03,NB_2434@2016-05-03,0,2016,validation,group:NB_2434,2017-05-03,0.006263812154696133,0,0
NB_2548,2017-05-28,NB_2548@2017-05-28,0,2017,validation,group:NB_2548,2018-05-28,0.2889721454880295,0,0
NB_273,2015-05-15,NB_273@2015-05-15,0,2015,validation,group:NB_273,2016-05-15,0.31001381215469614,0,0
NB_2771,2015-04-16,NB_2771@2015-04-16,0,2015,validation,group:NB_2771,2016-04-16,0.0360554788213628,0,0
NB_2778,2017-09-20,NB_2778@2017-09-20,0,2017,validation,group:NB_2778,2018-09-20,0.08329166666666668,0,0
NB_2967,2016-02-15,NB_2967@2016-02-15,0,2016,validation,group:NB_2967,2017-02-15,0.6805,1,1
NB_2997,2017-09-20,NB_2997@2017-09-20,0,2017,validation,group:NB_2997,2018-09-20,0.008763812154696134,0,0
NB_3004,2015-11-10,NB_3004@2015-11-10,0,2015,validation,group:NB_3004,2016-11-10,0.021222145488029465,0,0
NB_3012,2016-03-09,NB_3012@2016-03-09,0,2016,validation,group:NB_3012,2017-03-09,0.2730138121546961,0,0
NB_340,2017-09-20,NB_340@2017-09-20,0,2017,validation,group:NB_340,2018-09-20,0.12126381215469612,0,0
NB_424,2015-11-10,NB_424@2015-11-10,0,2015,validation,group:NB_424,2016-11-10,0.020847145488029465,0,0
NB_424,2016-03-09,NB_424@2016-03-09,0,2016,validation,group:NB_424,2017-03-09,0.03126381215469613,0,0
NB_425,2016-02-04,NB_425@2016-02-04,0,2016,validation,group:NB_425,2017-02-04,0.12334714548802946,0,0
NB_438,2015-11-10,NB_438@2015-11-10,0,2015,validation,group:NB_438,2016-11-10,0.011680478821362798,0,0
NB_447,2018-08-02,NB_447@2018-08-02,0,2018,validation,group:NB_447,2019-08-02,0.041875,0,0
NB_468,2018-12-14,NB_468@2018-12-14,0,2018,validation,group:NB_468,2019-12-14,0.26999999999999996,0,0
NB_494,2016-01-22,NB_494@2016-01-22,0,2016,validation,group:NB_494,2017-01-22,0.01501381215469613,0,0
NB_678,2017-10-17,NB_678@2017-10-17,0,2017,validation,group:NB_678,2018-10-17,0.216875,0,0
NB_706,2016-03-09,NB_706@2016-03-09,0,2016,validation,group:NB_706,2017-03-09,0.032972145488029465,0,0
NB_712,2015-04-16,NB_712@2015-04-16,0,2015,validation,group:NB_712,2016-04-16,0.008763812154696132,0,0
NB_737,2015-11-27,NB_737@2015-11-27,0,2015,validation,group:NB_737,2016-11-27,0.09126381215469612,0,0
NB_899,2017-09-20,NB_899@2017-09-20,0,2017,validation,group:NB_899,2018-09-20,0.3614583333333334,0,0
NB_941,2016-03-09,NB_941@2016-03-09,0,2016,validation,group:NB_941,2017-03-09,0.010097145488029466,0,0
NB_99,2016-02-16,NB_99@2016-02-16,0,2016,validation,group:NB_99,2017-02-16,0.015847145488029468,0,0
SA_109,2016-03-09,SA_109@2016-03-09,1,2016,validation,group:SA_109,2017-03-09,0.6064166666666666,1,1
SA_112,2018-08-02,SA_112@2018-08-02,1,2018,validation,group:SA_112,2019-08-02,0.7965416666666668,1,1
SA_151,2017-11-04,SA_151@2017-11-04,1,2017,validation,group:SA_151,2018-11-04,0.7110625000000002,1,1
SA_154,2015-05-15,SA_154@2015-05-15,1,2015,validation,group:SA_154,2016-05-15,0.6400833333333332,1,1
SA_174,2015-11-27,SA_174@2015-11-27,1,2015,validation,group:SA_174,2016-11-27,0.5524583333333333,1,1
SA_180,2016-02-02,SA_180@2016-02-02,1,2016,validation,group:SA_180,2017-02-02,0.714375,1,1
SA_221,2015-05-05,SA_221@2015-05-05,1,2015,validation,group:SA_221,2016-05-05,0.79125,1,1
SA_224,2016-02-04,SA_224@2016-02-04,1,2016,validation,group:SA_224,2017-02-04,0.7952083333333333,1,1
SA_232,2017-10-17,SA_232@2017-10-17,1,2017,validation,group:SA_232,2018-10-17,0.7797916666666667,1,1
SA_236,2017-05-28,SA_236@2017-05-28,1,2017,validation,group:SA_236,2018-05-28,0.496875,0,1
SA_250,2017-12-12,SA_250@2017-12-12,1,2017,validation,group:SA_250,2018-12-12,0.6337083333333333,1,1
SA_256,2016-02-15,SA_256@2016-02-15,1,2016,validation,group:SA_256,2017-02-15,0.6247083333333334,1,1
SA_272,2015-03-27,SA_272@2015-03-27,1,2015,validation,group:SA_272,2016-03-27,0.7599583333333331,1,1
SA_276,2015-11-10,SA_276@2015-11-10,1,2015,validation,group:SA_276,2016-11-10,0.7245971454880293,1,1
SA_282,2016-02-16,SA_282@2016-02-16,1,2016,validation,group:SA_282,2017-02-16,0.5949166666666668,1,1
SA_288,2018-07-17,SA_288@2018-07-17,1,2018,validation,group:SA_288,2019-07-17,0.8104166666666667,1,1
SA_289,2018-11-27,SA_289@2018-11-27,1,2018,validation,group:SA_289,2019-11-27,0.7720833333333332,1,1
SA_292,2017-09-15,SA_292@2017-09-15,1,2017,validation,group:SA_292,2018-09-15,0.696625,1,1
SA_304,2016-05-03,SA_304@2016-05-03,1,2016,validation,group:SA_304,2017-05-03,0.7918749999999999,1,1
SA_44,2015-04-16,SA_44@2015-04-16,1,2015,validation,group:SA_44,2016-04-16,0.7202083333333333,1,1
SA_46,2018-02-17,SA_46@2018-02-17,1,2018,validation,group:SA_46,2019-02-17,0.7999166666666667,1,1
SA_55,2016-01-22,SA_55@2016-01-22,1,2016,validation,group:SA_55,2017-01-22,0.7679166666666666,1,1
SA_62,2017-09-20,SA_62@2017-09-20,1,2017,validation,group:SA_62,2018-09-20,0.5149166666666666,1,1
SA_69,2018-12-14,SA_69@2018-12-14,1,2018,validation,group:SA_69,2019-12-14,0.5614583333333333,1,1
SA_81,2016-06-18,SA_81@2016-06-18,1,2016,validation,group:SA_81,2017-06-18,0.6327708333333333,1,1
SA_82,2015-04-16,SA_82@2015-04-16,1,2015,validation,group:SA_82,2016-04-16,0.8054166666666666,1,1
NB_1010,2024-06-11,NB_1010@2024-06-11,0,2024,test,group:NB_1010,2025-06-11,0.6249166666666666,1,1
NB_1010,2025-01-22,NB_1010@2025-01-22,0,2025,test,group:NB_1010,2026-01-22,0.6551250000000001,1,1
NB_1023,2025-04-30,NB_1023@2025-04-30,0,2025,test,group:NB_1023,2026-04-30,0.09188881215469615,0,0
NB_1025,2020-04-13,NB_1025@2020-04-13,0,2020,test,group:NB_1025,2021-04-13,0.49770833333333336,0,1
NB_1026,2025-03-12,NB_1026@2025-03-12,0,2025,test,group:NB_1026,2026-03-12,0.08412499999999999,0,0
NB_1027,2024-09-25,NB_1027@2024-09-25,0,2024,test,group:NB_1027,2025-09-25,0.6459166666666667,1,1
NB_1027,2025-04-30,NB_1027@2025-04-30,0,2025,test,group:NB_1027,2026-04-30,0.53825,1,1
NB_1073,2025-01-22,NB_1073@2025-01-22,0,2025,test,group:NB_1073,2026-01-22,0.0804304788213628,0,0
NB_1085,2024-09-06,NB_1085@2024-09-06,0,2024,test,group:NB_1085,2025-09-06,0.326875,0,0
NB_1108,2024-11-26,NB_1108@2024-11-26,0,2024,test,group:NB_1108,2025-11-26,0.06584714548802946,0,0
NB_1116,2024-11-27,NB_1116@2024-11-27,0,2024,test,group:NB_1116,2025-11-27,0.0429304788213628,0,0
NB_1119,2024-11-16,NB_1119@2024-11-16,0,2024,test,group:NB_1119,2025-11-16,0.05001381215469613,0,0
NB_1119,2025-02-20,NB_1119@2025-02-20,0,2025,test,group:NB_1119,2026-02-20,0.04126381215469613,0,0
NB_1138,2024-10-01,NB_1138@2024-10-01,0,2024,test,group:NB_1138,2025-10-01,0.4173333333333334,0,0
NB_1168,2020-05-04,NB_1168@2020-05-04,0,2020,test,group:NB_1168,2021-05-04,0.1986607142857143,0,0
NB_1200,2025-01-22,NB_1200@2025-01-22,0,2025,test,group:NB_1200,2026-01-22,0.06579166666666666,0,0
NB_1201,2025-02-13,NB_1201@2025-02-13,0,2025,test,group:NB_1201,2026-02-13,0.0535554788213628,0,0
NB_1201,2025-04-30,NB_1201@2025-04-30,0,2025,test,group:NB_1201,2026-04-30,0.07334714548802947,0,0
NB_1206,2020-04-13,NB_1206@2020-04-13,0,2020,test,group:NB_1206,2021-04-13,0.026222145488029466,0,0
NB_1241,2025-03-22,NB_1241@2025-03-22,0,2025,test,group:NB_1241,2026-03-22,0.03813881215469613,0,0
NB_1293,2024-08-29,NB_1293@2024-08-29,0,2024,test,group:NB_1293,2025-08-29,0.08272214548802946,0,0
NB_1321,2024-05-22,NB_1321@2024-05-22,0,2024,test,group:NB_1321,2025-05-22,0.5234166666666666,1,1
NB_1323,2025-04-30,NB_1323@2025-04-30,0,2025,test,group:NB_1323,2026-04-30,0.21793047882136282,0,0
NB_1397,2024-12-28,NB_1397@2024-12-28,0,2024,test,group:NB_1397,2025-12-28,0.10480547882136278,0,0
NB_1409,2024-05-08,NB_1409@2024-05-08,0,2024,test,group:NB_1409,2025-05-08,0.007513812154696133,0,0
NB_1409,2025-01-22,NB_1409@2025-01-22,0,2025,test,group:NB_1409,2026-01-22,0.008763812154696134,0,0
NB_1413,2024-12-04,NB_1413@2024-12-04,0,2024,test,group:NB_1413,2025-12-04,0.012513812154696132,0,0
NB_1429,2024-05-22,NB_1429@2024-05-22,0,2024,test,group:NB_1429,2025-05-22,0.03626381215469613,0,0
NB_1430,2024-05-22,NB_1430@2024-05-22,0,2024,test,group:NB_1430,2025-05-22,0.05772214548802946,0,0
NB_1440,2020-05-04,NB_1440@2020-05-04,0,2020,test,group:NB_1440,2021-05-04,0.04126381215469613,0,0
NB_1440,2024-05-22,NB_1440@2024-05-22,0,2024,test,group:NB_1440,2025-05-22,0.07397214548802947,0,0
NB_1464,2021-06-02,NB_1464@2021-06-02,0,2021,test,group:NB_1464,2022-06-02,1.3812154696132597e-05,0,0
NB_1482,2020-03-03,NB_1482@2020-03-03,0,2020,test,group:NB_1482,2021-03-03,1.3812154696132597e-05,0,0
NB_1482,2024-11-16,NB_1482@2024-11-16,0,2024,test,group:NB_1482,2025-11-16,0.017930478821362797,0,0
NB_1498,2020-05-04,NB_1498@2020-05-04,0,2020,test,group:NB_1498,2021-05-04,0.4953054788213629,0,0
NB_152,2024-12-04,NB_152@2024-12-04,0,2024,test,group:NB_152,2025-12-04,0.021763812154696135,0,0
NB_1548,2020-02-18,NB_1548@2020-02-18,0,2020,test,group:NB_1548,2021-02-18,0.0079304788213628,0,0
NB_1551,2020-01-08,NB_1551@2020-01-08,0,2020,test,group:NB_1551,2021-01-08,0.22412500000000002,0,0
NB_1556,2024-11-16,NB_1556@2024-11-16,0,2024,test,group:NB_1556,2025-11-16,0.15834714548802947,0,0
NB_156,2020-04-27,NB_156@2020-04-27,0,2020,test,group:NB_156,2021-04-27,0.6633333333333334,1,1
NB_1570,2020-05-04,NB_1570@2020-05-04,0,2020,test,group:NB_1570,2021-05-04,0.01813881215469613,0,0
NB_1580,2024-06-22,NB_1580@2024-06-22,0,2024,test,group:NB_1580,2025-06-22,0.11126381215469612,0,0
NB_1583,2025-02-13,NB_1583@2025-02-13,0,2025,test,group:NB_1583,2026-02-13,0.35784714548802954,0,0
NB_1614,2024-08-29,NB_1614@2024-08-29,0,2024,test,group:NB_1614,2025-08-29,0.6617221454880295,1,1
NB_1630,2020-02-18,NB_1630@2020-02-18,0,2020,test,group:NB_1630,2021-02-18,0.06104166666666667,0,0
NB_1630,2024-09-06,NB_1630@2024-09-06,0,2024,test,group:NB_1630,2025-09-06,0.06376381215469613,0,0
NB_1647,2024-09-06,NB_1647@2024-09-06,0,2024,test,group:NB_1647,2025-09-06,0.03376381215469613,0,0
NB_1681,2025-01-22,NB_1681@2025-01-22,0,2025,test,group:NB_1681,2026-01-22,0.22562499999999996,0,0
NB_1690,2024-05-22,NB_1690@2024-05-22,0,2024,test,group:NB_1690,2025-05-22,0.018659645488029467,0,0
NB_17,2025-03-12,NB_17@2025-03-12,0,2025,test,group:NB_17,2026-03-12,0.07959714548802947,0,0
NB_1769,2025-03-12,NB_1769@2025-03-12,0,2025,test,group:NB_1769,2026-03-12,0.02813881215469613,0,0
NB_1775,2024-06-22,NB_1775@2024-06-22,0,2024,test,group:NB_1775,2025-06-22,0.464875,0,0
NB_1796,2020-05-04,NB_1796@2020-05-04,0,2020,test,group:NB_1796,2021-05-04,0.008138812154696133,0,0
NB_1805,2024-05-22,NB_1805@2024-05-22,0,2024,test,group:NB_1805,2025-05-22,0.010013812154696131,0,0
NB_1813,2020-03-03,NB_1813@2020-03-03,0,2020,test,group:NB_1813,2021-03-03,0.0075138121546961326,0,0
NB_1841,2020-04-13,NB_1841@2020-04-13,0,2020,test,group:NB_1841,2021-04-13,0.13530547882136282,0,0
NB_1842,2024-11-27,NB_1842@2024-11-27,0,2024,test,group:NB_1842,2025-11-27,0.11063881215469613,0,0
NB_1850,2020-04-13,NB_1850@2020-04-13,0,2020,test,group:NB_1850,2021-04-13,0.09834714548802946,0,0
NB_1867,2025-01-04,NB_1867@2025-01-04,0,2025,test,group:NB_1867,2026-01-04,0.0598054788213628,0,0
NB_1875,2024-05-22,NB_1875@2024-05-22,0,2024,test,group:NB_1875,2025-05-22,0.05397214548802947,0,0
NB_1912,2020-04-27,NB_1912@2020-04-27,0,2020,test,group:NB_1912,2021-04-27,0.0460554788213628,0,0
NB_1928,2024-10-01,NB_1928@2024-10-01,0,2024,test,group:NB_1928,2025-10-01,0.013680478821362798,0,0
NB_1930,2025-01-22,NB_1930@2025-01-22,0,2025,test,group:NB_1930,2026-01-22,0.022722145488029463,0,0
NB_1941,2024-10-30,NB_1941@2024-10-30,0,2024,test,group:NB_1941,2025-10-30,0.09397214548802946,0,0
NB_1953,2024-05-22,NB_1953@2024-05-22,0,2024,test,group:NB_1953,2025-05-22,0.04751381215469613,0,0
NB_1959,2024-10-01,NB_1959@2024-10-01,0,2024,test,group:NB_1959,2025-10-01,0.030805478821362794,0,0
NB_1962,2024-09-25,NB_1962@2024-09-25,0,2024,test,group:NB_1962,2025-09-25,0.02825785977374375,0,0
NB_1973,2024-05-22,NB_1973@2024-05-22,0,2024,test,group:NB_1973,2025-05-22,0.27084714548802946,0,0
NB_1989,2020-02-19,NB_1989@2020-02-19,0,2020,test,group:NB_1989,2021-02-19,0.5167499999999999,1,1
NB_202,2025-03-12,NB_202@2025-03-12,0,2025,test,group:NB_202,2026-03-12,0.0691804788213628,0,0
NB_2020,2024-07-23,NB_2020@2024-07-23,0,2024,test,group:NB_2020,2025-07-23,0.19288881215469608,0,0
NB_204,2024-12-04,NB_204@2024-12-04,0,2024,test,group:NB_204,2025-12-04,0.22179166666666666,0,0
NB_2060,2024-05-22,NB_2060@2024-05-22,0,2024,test,group:NB_2060,2025-05-22,0.0691804788213628,0,0
NB_2062,2024-08-29,NB_2062@2024-08-29,0,2024,test,group:NB_2062,2025-08-29,0.13813881215469612,0,0
NB_2132,2024-09-06,NB_2132@2024-09-06,0,2024,test,group:NB_2132,2025-09-06,0.6575416666666666,1,1
NB_2132,2024-09-10,NB_2132@2024-09-10,0,2024,test,group:NB_2132,2025-09-10,0.6575416666666666,1,1
NB_2181,2024-11-16,NB_2181@2024-11-16,0,2024,test,group:NB_2181,2025-11-16,0.7081249999999999,1,1
NB_2182,2020-05-04,NB_2182@2020-05-04,0,2020,test,group:NB_2182,2021-05-04,0.02876381215469613,0,0
NB_2199,2020-04-13,NB_2199@2020-04-13,0,2020,test,group:NB_2199,2021-04-13,0.317827380952381,0,0
NB_2219,2024-11-20,NB_2219@2024-11-20,0,2024,test,group:NB_2219,2025-11-20,0.10313881215469614,0,0
NB_2240,2024-07-05,NB_2240@2024-07-05,0,2024,test,group:NB_2240,2025-07-05,0.0198054788213628,0,0
NB_2242,2024-11-27,NB_2242@2024-11-27,0,2024,test,group:NB_2242,2025-11-27,0.19895833333333335,0,0
NB_2242,2024-12-04,NB_2242@2024-12-04,0,2024,test,group:NB_2242,2025-12-04,0.19770833333333335,0,0
NB_2266,2024-05-22,NB_2266@2024-05-22,0,2024,test,group:NB_2266,2025-05-22,0.012632859773743753,0,0
NB_2276,2024-10-01,NB_2276@2024-10-01,0,2024,test,group:NB_2276,2025-10-01,0.05209714548802946,0,0
NB_2286,2024-07-23,NB_2286@2024-07-23,0,2024,test,group:NB_2286,2025-07-23,0.07688881215469613,0,0
NB_2308,2024-11-16,NB_2308@2024-11-16,0,2024,test,group:NB_2308,2025-11-16,0.08168047882136278,0,0
NB_2312,2024-05-22,NB_2312@2024-05-22,0,2024,test,group:NB_2312,2025-05-22,0.01888285977374375,0,0
NB_2368,2024-12-04,NB_2368@2024-12-04,0,2024,test,group:NB_2368,2025-12-04,0.1598054788213628,0,0
NB_2402,2020-02-20,NB_2402@2020-02-20,0,2020,test,group:NB_2402,2021-02-20,0.041638812154696135,0,0
NB_2403,2024-05-22,NB_2403@2024-05-22,0,2024,test,group:NB_2403,2025-05-22,0.08058333333333334,0,0
NB_2405,2024-10-30,NB_2405@2024-10-30,0,2024,test,group:NB_2405,2025-10-30,0.07834714548802946,0,0
NB_2416,2024-06-22,NB_2416@2024-06-22,0,2024,test,group:NB_2416,2025-06-22,0.07334714548802947,0,0
NB_244,2024-12-04,NB_244@2024-12-04,0,2024,test,group:NB_244,2025-12-04,0.0485554788213628,0,0
NB_245,2024-05-22,NB_245@2024-05-22,0,2024,test,group:NB_245,2025-05-22,0.4423333333333334,0,0
NB_2474,2024-08-01,NB_2474@2024-08-01,0,2024,test,group:NB_2474,2025-08-01,0.12355547882136278,0,0
NB_2477,2024-10-01,NB_2477@2024-10-01,0,2024,test,group:NB_2477,2025-10-01,0.035083333333333334,0,0
NB_2481,2024-08-01,NB_2481@2024-08-01,0,2024,test,group:NB_2481,2025-08-01,0.26293047882136283,0,0
NB_2490,2024-07-23,NB_2490@2024-07-23,0,2024,test,group:NB_2490,2025-07-23,0.0037638121546961327,0,0
NB_25,2024-08-01,NB_25@2024-08-01,0,2024,test,group:NB_25,2025-08-01,0.008763812154696134,0,0
NB_2506,2020-04-13,NB_2506@2020-04-13,0,2020,test,group:NB_2506,2021-04-13,0.6514583333333335,1,1
NB_251,2024-10-02,NB_251@2024-10-02,0,2024,test,group:NB_251,2025-10-02,0.056263812154696134,0,0
NB_2512,2024-10-30,NB_2512@2024-10-30,0,2024,test,group:NB_2512,2025-10-30,0.05501381215469614,0,0
NB_2549,2024-05-22,NB_2549@2024-05-22,0,2024,test,group:NB_2549,2025-05-22,0.5355416666666667,1,1
NB_2573,2020-04-13,NB_2573@2020-04-13,0,2020,test,group:NB_2573,2021-04-13,0.18495833333333334,0,0
NB_2573,2024-10-01,NB_2573@2024-10-01,0,2024,test,group:NB_2573,2025-10-01,0.25647214548802943,0,0
NB_2576,2024-11-16,NB_2576@2024-11-16,0,2024,test,group:NB_2576,2025-11-16,0.5981388121546961,1,1
NB_2599,2022-09-12,NB_2599@2022-09-12,0,2022,test,group:NB_2599,2023-09-12,0.16276381215469612,0,0
NB_2601,2025-01-22,NB_2601@2025-01-22,0,2025,test,group:NB_2601,2026-01-22,0.05001381215469613,0,0
NB_2641,2024-08-29,NB_2641@2024-08-29,0,2024,test,group:NB_2641,2025-08-29,0.28467261904761904,0,0
NB_2644,2022-09-12,NB_2644@2022-09-12,0,2022,test,group:NB_2644,2023-09-12,0.1683471454880295,0,0
NB_2671,2024-05-22,NB_2671@2024-05-22,0,2024,test,group:NB_2671,2025-05-22,0.0025138121546961325,0,0
NB_2673,2025-01-22,NB_2673@2025-01-22,0,2025,test,group:NB_2673,2026-01-22,0.1141804788213628,0,0
NB_2692,2024-09-25,NB_2692@2024-09-25,0,2024,test,group:NB_2692,2025-09-25,0.08813881215469614,0,0
NB_2700,2024-07-23,NB_2700@2024-07-23,0,2024,test,group:NB_2700,2025-07-23,0.07147214548802946,0,0
NB_2710,2024-08-29,NB_2710@2024-08-29,0,2024,test,group:NB_2710,2025-08-29,0.08788881215469614,0,0
NB_2719,2025-02-20,NB_2719@2025-02-20,0,2025,test,group:NB_2719,2026-02-20,0.1695971454880295,0,0
NB_2751,2024-08-29,NB_2751@2024-08-29,0,2024,test,group:NB_2751,2025-08-29,0.049180478821362804,0,0
NB_2751,2025-04-30,NB_2751@2025-04-30,0,2025,test,group:NB_2751,2026-04-30,0.06022214548802946,0,0
NB_2757,2024-12-04,NB_2757@2024-12-04,0,2024,test,group:NB_2757,2025-12-04,0.23587500000000003,0,0
NB_2773,2020-04-13,NB_2773@2020-04-13,0,2020,test,group:NB_2773,2021-04-13,0.03851381215469613,0,0
NB_278,2025-02-20,NB_278@2025-02-20,0,2025,test,group:NB_278,2026-02-20,0.0598054788213628,0,0
NB_2792,2024-08-01,NB_2792@2024-08-01,0,2024,test,group:NB_2792,2025-08-01,0.15126381215469611,0,0
NB_2827,2025-04-30,NB_2827@2025-04-30,0,2025,test,group:NB_2827,2026-04-30,0.040222145488029465,0,0
NB_2844,2025-03-12,NB_2844@2025-03-12,0,2025,test,group:NB_2844,2026-03-12,0.0340554788213628,0,0
NB_2854,2020-04-13,NB_2854@2020-04-13,0,2020,test,group:NB_2854,2021-04-13,0.0012638121546961326,0,0
NB_2858,2024-11-16,NB_2858@2024-11-16,0,2024,test,group:NB_2858,2025-11-16,0.08351381215469614,0,0
NB_2860,2024-07-05,NB_2860@2024-07-05,0,2024,test,group:NB_2860,2025-07-05,0.02751381215469613,0,0
NB_2866,2020-03-03,NB_2866@2020-03-03,0,2020,test,group:NB_2866,2021-03-03,0.15979166666666667,0,0
NB_2866,2021-06-02,NB_2866@2021-06-02,0,2021,test,group:NB_2866,2022-06-02,0.5656666666666667,1,1
NB_2870,2024-06-22,NB_2870@2024-06-22,0,2024,test,group:NB_2870,2025-06-22,0.005847145488029467,0,0
NB_2875,2020-04-13,NB_2875@2020-04-13,0,2020,test,group:NB_2875,2021-04-13,0.08822916666666666,0,0
NB_2876,2022-09-12,NB_2876@2022-09-12,0,2022,test,group:NB_2876,2023-09-12,0.20572214548802947,0,0
NB_2915,2024-07-23,NB_2915@2024-07-23,0,2024,test,group:NB_2915,2025-07-23,0.09251381215469612,0,0
NB_2930,2021-06-02,NB_2930@2021-06-02,0,2021,test,group:NB_2930,2022-06-02,0.03626381215469613,0,0
NB_2943,2024-10-01,NB_2943@2024-10-01,0,2024,test,group:NB_2943,2025-10-01,0.4095833333333333,0,0
NB_2976,2024-12-04,NB_2976@2024-12-04,0,2024,test,group:NB_2976,2025-12-04,0.1568888121546961,0,0
NB_2984,2024-12-04,NB_2984@2024-12-04,0,2024,test,group:NB_2984,2025-12-04,0.09849999999999999,0,0
NB_2989,2024-12-04,NB_2989@2024-12-04,0,2024,test,group:NB_2989,2025-12-04,0.3977916666666667,0,0
NB_3001,2024-12-04,NB_3001@2024-12-04,0,2024,test,group:NB_3001,2025-12-04,0.30930547882136283,0,0
NB_3013,2020-03-17,NB_3013@2020-03-17,0,2020,test,group:NB_3013,2021-03-17,0.03584714548802947,0,0
NB_3013,2024-05-22,NB_3013@2024-05-22,0,2024,test,group:NB_3013,2025-05-22,0.373625,0,0
NB_3017,2020-03-17,NB_3017@2020-03-17,0,2020,test,group:NB_3017,2021-03-17,0.13622214548802947,0,0
NB_3023,2025-04-30,NB_3023@2025-04-30,0,2025,test,group:NB_3023,2026-04-30,0.0966804788213628,0,0
NB_309,2024-12-04,NB_309@2024-12-04,0,2024,test,group:NB_309,2025-12-04,0.04188881215469613,0,0
NB_35,2024-11-16,NB_35@2024-11-16,0,2024,test,group:NB_35,2025-11-16,0.09513881215469613,0,0
NB_36,2024-10-30,NB_36@2024-10-30,0,2024,test,group:NB_36,2025-10-30,0.0904304788213628,0,0
NB_361,2024-12-04,NB_361@2024-12-04,0,2024,test,group:NB_361,2025-12-04,0.11709714548802946,0,0
NB_409,2024-06-22,NB_409@2024-06-22,0,2024,test,group:NB_409,2025-06-22,0.02501381215469613,0,0
NB_416,2020-05-04,NB_416@2020-05-04,0,2020,test,group:NB_416,2021-05-04,0.3889583333333333,0,0
NB_421,2024-07-05,NB_421@2024-07-05,0,2024,test,group:NB_421,2025-07-05,0.027888812154696133,0,0
NB_421,2024-07-23,NB_421@2024-07-23,0,2024,test,group:NB_421,2025-07-23,0.026638812154696132,0,0
NB_446,2020-05-04,NB_446@2020-05-04,0,2020,test,group:NB_446,2021-05-04,0.15104166666666666,0,0
NB_451,2024-12-04,NB_451@2024-12-04,0,2024,test,group:NB_451,2025-12-04,0.0037638121546961327,0,0
NB_474,2024-12-04,NB_474@2024-12-04,0,2024,test,group:NB_474,2025-12-04,0.7360833333333333,1,1
NB_505,2024-12-04,NB_505@2024-12-04,0,2024,test,group:NB_505,2025-12-04,0.4320833333333334,0,0
NB_513,2024-10-01,NB_513@2024-10-01,0,2024,test,group:NB_513,2025-10-01,0.5927083333333332,1,1
NB_521,2024-12-04,NB_521@2024-12-04,0,2024,test,group:NB_521,2025-12-04,0.15772214548802943,0,0
NB_553,2020-04-13,NB_553@2020-04-13,0,2020,test,group:NB_553,2021-04-13,0.05226381215469614,0,0
NB_554,2024-12-04,NB_554@2024-12-04,0,2024,test,group:NB_554,2025-12-04,0.039180478821362795,0,0
NB_586,2024-12-04,NB_586@2024-12-04,0,2024,test,group:NB_586,2025-12-04,0.007930478821362798,0,0
NB_601,2024-12-04,NB_601@2024-12-04,0,2024,test,group:NB_601,2025-12-04,0.07597214548802947,0,0
NB_626,2020-05-04,NB_626@2020-05-04,0,2020,test,group:NB_626,2021-05-04,0.4953333333333333,0,0
NB_638,2025-02-13,NB_638@2025-02-13,0,2025,test,group:NB_638,2026-02-13,0.1895,0,0
NB_693,2020-04-27,NB_693@2020-04-27,0,2020,test,group:NB_693,2021-04-27,0.006263812154696132,0,0
NB_693,2024-06-22,NB_693@2024-06-22,0,2024,test,group:NB_693,2025-06-22,0.012513812154696132,0,0
NB_698,2020-04-13,NB_698@2020-04-13,0,2020,test,group:NB_698,2021-04-13,0.0037638121546961323,0,0
NB_71,2024-07-23,NB_71@2024-07-23,0,2024,test,group:NB_71,2025-07-23,0.5246666666666667,1,1
NB_71,2025-03-12,NB_71@2025-03-12,0,2025,test,group:NB_71,2026-03-12,0.5034166666666667,1,1
NB_719,2020-04-27,NB_719@2020-04-27,0,2020,test,group:NB_719,2021-04-27,0.06709714548802946,0,0
NB_719,2020-05-04,NB_719@2020-05-04,0,2020,test,group:NB_719,2021-05-04,0.28776381215469615,0,0
NB_728,2020-03-03,NB_728@2020-03-03,0,2020,test,group:NB_728,2021-03-03,0.03875,0,0
NB_734,2024-05-22,NB_734@2024-05-22,0,2024,test,group:NB_734,2025-05-22,0.12208333333333332,0,0
NB_734,2024-07-23,NB_734@2024-07-23,0,2024,test,group:NB_734,2025-07-23,0.16979166666666665,0,0
NB_752,2024-05-22,NB_752@2024-05-22,0,2024,test,group:NB_752,2025-05-22,0.19655547882136282,0,0
NB_762,2024-11-16,NB_762@2024-11-16,0,2024,test,group:NB_762,2025-11-16,0.6035971454880295,1,1
NB_794,2024-12-04,NB_794@2024-12-04,0,2024,test,group:NB_794,2025-12-04,0.0435554788213628,0,0
NB_830,2020-01-08,NB_830@2020-01-08,0,2020,test,group:NB_830,2021-01-08,0.22085416666666668,0,0
NB_840,2025-04-30,NB_840@2025-04-30,0,2025,test,group:NB_840,2026-04-30,0.08813881215469614,0,0
NB_842,2024-11-27,NB_842@2024-11-27,0,2024,test,group:NB_842,2025-11-27,0.0654304788213628,0,0
NB_857,2024-11-16,NB_857@2024-11-16,0,2024,test,group:NB_857,2025-11-16,0.010638812154696134,0,0
NB_86,2024-10-01,NB_86@2024-10-01,0,2024,test,group:NB_86,2025-10-01,0.0679304788213628,0,0
NB_868,2020-04-13,NB_868@2020-04-13,0,2020,test,group:NB_868,2021-04-13,0.09118047882136279,0,0
NB_890,2024-10-01,NB_890@2024-10-01,0,2024,test,group:NB_890,2025-10-01,0.09438881215469613,0,0
NB_890,2024-11-16,NB_890@2024-11-16,0,2024,test,group:NB_890,2025-11-16,0.10063881215469614,0,0
NB_895,2024-09-06,NB_895@2024-09-06,0,2024,test,group:NB_895,2025-09-06,0.02501381215469613,0,0
NB_933,2024-12-04,NB_933@2024-12-04,0,2024,test,group:NB_933,2025-12-04,0.07062500000000001,0,0
NB_948,2024-09-25,NB_948@2024-09-25,0,2024,test,group:NB_948,2025-09-25,0.165625,0,0
SA_100,2020-03-31,SA_100@2020-03-31,1,2020,test,group:SA_100,2021-03-31,0.6714464285714287,1,1
SA_103,2025-03-12,SA_103@2025-03-12,1,2025,test,group:SA_103,2026-03-12,0.7852499999999999,1,1
SA_11,2022-09-12,SA_11@2022-09-12,1,2022,test,group:SA_11,2023-09-12,0.6532083333333333,1,1
SA_110,2024-09-06,SA_110@2024-09-06,1,2024,test,group:SA_110,2025-09-06,0.05188881215469613,0,0
SA_124,2024-10-30,SA_124@2024-10-30,1,2024,test,group:SA_124,2025-10-30,0.635375,1,1
SA_132,2024-08-20,SA_132@2024-08-20,1,2024,test,group:SA_132,2025-08-20,0.7298333333333333,1,1
SA_133,2024-08-29,SA_133@2024-08-29,1,2024,test,group:SA_133,2025-08-29,0.7478333333333333,1,1
SA_141,2025-01-04,SA_141@2025-01-04,1,2025,test,group:SA_141,2026-01-04,0.07376381215469613,0,0
SA_144,2020-02-20,SA_144@2020-02-20,1,2020,test,group:SA_144,2021-02-20,0.7770833333333332,1,1
SA_156,2024-05-09,SA_156@2024-05-09,1,2024,test,group:SA_156,2025-05-09,0.39645833333333336,0,0
SA_157,2024-09-06,SA_157@2024-09-06,1,2024,test,group:SA_157,2025-09-06,0.7010416666666667,1,1
SA_169,2024-12-12,SA_169@2024-12-12,1,2024,test,group:SA_169,2025-12-12,0.7717499999999998,1,1
SA_170,2024-11-26,SA_170@2024-11-26,1,2024,test,group:SA_170,2025-11-26,0.6367083333333334,1,1
SA_175,2024-10-02,SA_175@2024-10-02,1,2024,test,group:SA_175,2025-10-02,0.2073471454880295,0,0
SA_177,2024-09-18,SA_177@2024-09-18,1,2024,test,group:SA_177,2025-09-18,0.3670971454880294,0,0
SA_181,2024-09-10,SA_181@2024-09-10,1,2024,test,group:SA_181,2025-09-10,0.6990138121546962,1,1
SA_184,2024-05-08,SA_184@2024-05-08,1,2024,test,group:SA_184,2025-05-08,0.6729999999999999,1,1
SA_188,2020-03-17,SA_188@2020-03-17,1,2020,test,group:SA_188,2021-03-17,0.7902500000000002,1,1
SA_195,2025-03-27,SA_195@2025-03-27,1,2025,test,group:SA_195,2026-03-27,0.056263812154696134,0,0
SA_196,2025-01-21,SA_196@2025-01-21,1,2025,test,group:SA_196,2026-01-21,0.2507638121546962,0,0
SA_197,2025-02-13,SA_197@2025-02-13,1,2025,test,group:SA_197,2026-02-13,0.28372214548802943,0,0
SA_198,2020-02-18,SA_198@2020-02-18,1,2020,test,group:SA_198,2021-02-18,0.6033749999999999,1,1
SA_200,2024-06-11,SA_200@2024-06-11,1,2024,test,group:SA_200,2025-06-11,0.7524166666666666,1,1
SA_204,2024-11-27,SA_204@2024-11-27,1,2024,test,group:SA_204,2025-11-27,0.6952083333333333,1,1
SA_208,2024-08-01,SA_208@2024-08-01,1,2024,test,group:SA_208,2025-08-01,0.359375,0,0
SA_21,2024-06-19,SA_21@2024-06-19,1,2024,test,group:SA_21,2025-06-19,0.8664583333333331,1,1
SA_213,2024-09-20,SA_213@2024-09-20,1,2024,test,group:SA_213,2025-09-20,0.08147214548802946,0,0
SA_216,2025-04-30,SA_216@2025-04-30,1,2025,test,group:SA_216,2026-04-30,0.15876381215469615,0,0
SA_217,2025-02-20,SA_217@2025-02-20,1,2025,test,group:SA_217,2026-02-20,0.08618047882136277,0,0
SA_226,2020-05-04,SA_226@2020-05-04,1,2020,test,group:SA_226,2021-05-04,0.8020833333333335,1,1
SA_228,2024-12-25,SA_228@2024-12-25,1,2024,test,group:SA_228,2025-12-25,0.06313881215469613,0,0
SA_230,2024-06-22,SA_230@2024-06-22,1,2024,test,group:SA_230,2025-06-22,0.7024583333333332,1,1
SA_231,2020-03-22,SA_231@2020-03-22,1,2020,test,group:SA_231,2021-03-22,0.7667083333333332,1,1
SA_24,2024-06-19,SA_24@2024-06-19,1,2024,test,group:SA_24,2025-06-19,0.7291666666666667,1,1
SA_242,2024-08-23,SA_242@2024-08-23,1,2024,test,group:SA_242,2025-08-23,0.07334714548802947,0,0
SA_258,2024-10-01,SA_258@2024-10-01,1,2024,test,group:SA_258,2025-10-01,0.6081666666666667,1,1
SA_259,2024-09-25,SA_259@2024-09-25,1,2024,test,group:SA_259,2025-09-25,0.21437500000000004,0,0
SA_260,2024-11-16,SA_260@2024-11-16,1,2024,test,group:SA_260,2025-11-16,0.07959714548802947,0,0
SA_261,2024-11-20,SA_261@2024-11-20,1,2024,test,group:SA_261,2025-11-20,0.09313881215469615,0,0
SA_262,2020-01-08,SA_262@2020-01-08,1,2020,test,group:SA_262,2021-01-08,0.861875,1,1
SA_273,2025-01-22,SA_273@2025-01-22,1,2025,test,group:SA_273,2026-01-22,0.2730416666666666,0,0
SA_275,2024-05-22,SA_275@2024-05-22,1,2024,test,group:SA_275,2025-05-22,0.4118888121546962,0,0
SA_278,2025-03-22,SA_278@2025-03-22,1,2025,test,group:SA_278,2026-03-22,0.08209714548802946,0,0
SA_279,2024-12-18,SA_279@2024-12-18,1,2024,test,group:SA_279,2025-12-18,0.06584714548802946,0,0
SA_281,2024-09-18,SA_281@2024-09-18,1,2024,test,group:SA_281,2025-09-18,0.6965833333333334,1,1
SA_284,2024-12-26,SA_284@2024-12-26,1,2024,test,group:SA_284,2025-12-26,0.5983471454880295,1,1
SA_286,2020-03-26,SA_286@2020-03-26,1,2020,test,group:SA_286,2021-03-26,0.64125,1,1
SA_291,2025-01-21,SA_291@2025-01-21,1,2025,test,group:SA_291,2026-01-21,0.12126381215469612,0,0
SA_294,2024-05-11,SA_294@2024-05-11,1,2024,test,group:SA_294,2025-05-11,0.746875,1,1
SA_30,2024-07-23,SA_30@2024-07-23,1,2024,test,group:SA_30,2025-07-23,0.5772500000000002,1,1
SA_303,2024-05-17,SA_303@2024-05-17,1,2024,test,group:SA_303,2025-05-17,0.7317083333333333,1,1
SA_31,2020-03-03,SA_31@2020-03-03,1,2020,test,group:SA_31,2021-03-03,0.5712916666666668,1,1
SA_38,2020-04-27,SA_38@2020-04-27,1,2020,test,group:SA_38,2021-04-27,0.4346666666666667,0,0
SA_42,2024-07-09,SA_42@2024-07-09,1,2024,test,group:SA_42,2025-07-09,0.7626666666666666,1,1
SA_43,2024-12-28,SA_43@2024-12-28,1,2024,test,group:SA_43,2025-12-28,0.3505138121546962,0,0
SA_48,2024-06-20,SA_48@2024-06-20,1,2024,test,group:SA_48,2025-06-20,0.1379304788213628,0,0
SA_54,2021-06-02,SA_54@2021-06-02,1,2021,test,group:SA_54,2022-06-02,0.6344166666666667,1,1
SA_56,2020-02-19,SA_56@2020-02-19,1,2020,test,group:SA_56,2021-02-19,0.18545833333333334,0,0
SA_60,2024-06-20,SA_60@2024-06-20,1,2024,test,group:SA_60,2025-06-20,0.11126381215469612,0,0
SA_66,2024-12-04,SA_66@2024-12-04,1,2024,test,group:SA_66,2025-12-04,0.14518047882136279,0,0
SA_67,2024-09-13,SA_67@2024-09-13,1,2024,test,group:SA_67,2025-09-13,0.10084714548802946,0,0
SA_73,2024-07-05,SA_73@2024-07-05,1,2024,test,group:SA_73,2025-07-05,0.8191666666666667,1,1
SA_8,2020-03-25,SA_8@2020-03-25,1,2020,test,group:SA_8,2021-03-25,0.5912351190476192,1,1
SA_95,2020-04-13,SA_95@2020-04-13,1,2020,test,group:SA_95,2021-04-13,0.6854166666666667,1,1
