feature,family,included_in_model,excluded_reason,training_impurity_importance
numeric__original_net_income,original,True,,0.10136301971730154
numeric__original_total_liabilities,original,True,,0.06171946802323444
numeric__derived_liabilities_to_assets,derived,True,,0.05878385103351689
numeric__original_total_debt,original,True,,0.05481523410189624
numeric__trend_operating_cash_flow_change_3y,trend,True,,0.02663564948252252
numeric__original_interest_expense,original,True,,0.02315257990579802
numeric__original_total_assets,original,True,,0.022043433750294085
numeric__trend_market_cap_growth_3y,trend,True,,0.021039955452669335
numeric__original_free_cash_flow,original,True,,0.0209922337774857
numeric__original_current_liabilities,original,True,,0.020925291676503987
numeric__market_maximum_drawdown_12m,market,True,,0.02070766043570674
numeric__trend_adjusted_price_growth_2y,trend,True,,0.020650194268645127
numeric__market_maximum_drawdown_36m,market,True,,0.019345579917638977
numeric__market_return_36m,market,True,,0.018238997971526543
numeric__market_maximum_drawdown_24m,market,True,,0.017121598416247913
numeric__trend_market_cap_growth_2y,trend,True,,0.015920770036539127
numeric__market_volatility_12m,market,True,,0.012129013883877023
numeric__market_return_24m,market,True,,0.012056472168533606
numeric__trend_adjusted_price_growth_1y,trend,True,,0.012047033215965222
numeric__trend_adjusted_price_growth_3y,trend,True,,0.011653359885210523
numeric__market_volatility_24m,market,True,,0.010939031594155123
numeric__trend_net_income_change_2y,trend,True,,0.010857405692185731
numeric__original_shares_outstanding,original,True,,0.01058764887234386
numeric__trend_operating_cash_flow_change_2y,trend,True,,0.009408152650444588
numeric__trend_net_income_change_1y,trend,True,,0.007364751721566246
numeric__trend_operating_cash_flow_slope_3y,trend,True,,0.007329770130723092
numeric__market_return_12m,market,True,,0.006757525769965439
numeric__derived_net_income_margin,derived,True,,0.006496188724069592
numeric__original_long_term_debt,original,True,,0.006409277120853913
numeric__trend_net_income_change_3y,trend,True,,0.006273813060836361
numeric__trend_net_income_slope_3y,trend,True,,0.006169371435064634
numeric__trend_total_debt_change_2y,trend,True,,0.006142689757756427
numeric__original_volume,original,True,,0.005554535362328516
numeric__original_market_cap,original,True,,0.005395792195257331
numeric__trend_market_cap_growth_1y,trend,True,,0.005020548777442231
numeric__trend_interest_expense_slope_3y,trend,True,,0.004912301704634731
numeric__market_volatility_36m,market,True,,0.004904225077553221
numeric__original_revenue,original,True,,0.004421326710651273
numeric__trend_working_capital_change_1y,trend,True,,0.004391499948803957
numeric__trend_total_debt_change_3y,trend,True,,0.004305201578736057
numeric__derived_debt_to_assets,derived,True,,0.004256414623420337
numeric__trend_total_liabilities_change_2y,trend,True,,0.004032664577429157
numeric__trend_long_term_debt_change_2y,trend,True,,0.003985423674878496
numeric__trend_market_cap_slope_3y,trend,True,,0.0036774236895683915
numeric__derived_free_cash_flow_to_debt,derived,True,,0.0036323232254027132
numeric__trend_operating_cash_flow_change_1y,trend,True,,0.0035288434805845568
numeric__trend_working_capital_change_3y,trend,True,,0.00337028433723759
numeric__trend_revenue_change_2y,trend,True,,0.003276563033964918
numeric__derived_debt_to_equity,derived,True,,0.003254352235333297
numeric__trend_market_to_book_change_3y,trend,True,,0.0032463066495755544
numeric__derived_operating_cash_flow_to_debt,derived,True,,0.0031678174303948754
numeric__trend_working_capital_change_2y,trend,True,,0.0030037992172588296
numeric__trend_free_cash_flow_change_2y,trend,True,,0.002926250959637255
numeric__macro_vix_change_2y,macro,True,,0.002699303239462454
numeric__trend_net_income_growth_1y,trend,True,,0.0023913759334356337
numeric__trend_shareholders_equity_change_3y,trend,True,,0.0022977843096637653
numeric__original_capital_expenditures,original,True,,0.0022818543664535865
numeric__original_shareholders_equity,original,True,,0.0022419907497221764
numeric__trend_debt_to_assets_change_3y,trend,True,,0.002206653611843813
numeric__original_ebit,original,True,,0.0021519143258918487
numeric__trend_current_liabilities_change_2y,trend,True,,0.0021506579076516668
numeric__original_operating_cash_flow,original,True,,0.00207006347543355
numeric__trend_liabilities_to_equity_growth_3y,trend,True,,0.0019743554523029656
numeric__macro_vix_volatility_1y,macro,True,,0.0019435306367490942
numeric__trend_short_term_debt_change_2y,trend,True,,0.001932313484794498
numeric__trend_shares_outstanding_slope_3y,trend,True,,0.0019018392839397086
numeric__original_current_assets,original,True,,0.0018348803402397076
numeric__trend_current_assets_change_2y,trend,True,,0.001822324998113712
numeric__trend_ebit_change_3y,trend,True,,0.0017972105363983327
numeric__original_ebitda,original,True,,0.0017724282328080909
numeric__trend_total_liabilities_slope_3y,trend,True,,0.001733965857195881
numeric__trend_operating_cash_flow_growth_1y,trend,True,,0.0016922600205259936
numeric__trend_ebitda_slope_3y,trend,True,,0.0016793938504131188
numeric__original_depreciation_amortization,original,True,,0.0016718470627081145
numeric__trend_market_to_book_slope_3y,trend,True,,0.0016572652904909247
numeric__trend_short_term_debt_slope_3y,trend,True,,0.0016277833404174113
numeric__trend_liabilities_to_assets_change_1y,trend,True,,0.0016031623558499114
numeric__trend_total_liabilities_change_1y,trend,True,,0.001600089540788156
numeric__macro_gdp_growth,macro,True,,0.0015899726558187325
numeric__trend_operating_cash_flow_margin_growth_1y,trend,True,,0.0015766726883015294
numeric__trend_revenue_change_3y,trend,True,,0.001543149159393309
numeric__trend_revenue_slope_3y,trend,True,,0.0015221601789180534
numeric__trend_market_cap_change_2y,trend,True,,0.0015005652952083534
numeric__trend_shareholders_equity_slope_3y,trend,True,,0.0014991212591822748
numeric__trend_total_debt_slope_3y,trend,True,,0.0014982692280526991
numeric__trend_total_liabilities_change_3y,trend,True,,0.0014792724609994285
numeric__trend_volume_growth_1y,trend,True,,0.0014640086160053396
numeric__trend_operating_cash_flow_to_debt_growth_2y,trend,True,,0.0014632019827404488
numeric__derived_interest_coverage,derived,True,,0.0014525256750726099
numeric__trend_current_liabilities_slope_3y,trend,True,,0.0014403342237796052
numeric__trend_short_term_debt_change_3y,trend,True,,0.0014360715550543806
numeric__trend_depreciation_amortization_slope_3y,trend,True,,0.0014217775507968805
numeric__trend_long_term_debt_slope_3y,trend,True,,0.0014138811474472296
numeric__derived_current_ratio,derived,True,,0.0014006040403436145
numeric__trend_debt_to_assets_change_1y,trend,True,,0.0013788183548170765
numeric__trend_net_income_margin_growth_1y,trend,True,,0.0013652917074199744
numeric__trend_inventory_slope_3y,trend,True,,0.001357266881005419
numeric__trend_interest_expense_change_1y,trend,True,,0.001356380297574636
numeric__trend_net_income_margin_growth_3y,trend,True,,0.0013515189089387972
numeric__trend_shares_outstanding_growth_2y,trend,True,,0.0013281567309637238
numeric__trend_liabilities_to_assets_change_2y,trend,True,,0.0013050250953559812
numeric__trend_current_assets_change_3y,trend,True,,0.0013015301970534965
numeric__macro_gdp_growth_level_at_prediction_date,macro,True,,0.0013003616249057117
numeric__trend_total_liabilities_growth_1y,trend,True,,0.001287561951115253
numeric__trend_operating_cash_flow_margin_growth_3y,trend,True,,0.0012818509861285796
numeric__trend_operating_cash_flow_to_debt_growth_1y,trend,True,,0.0012753288620059337
numeric__trend_working_capital_slope_3y,trend,True,,0.0012745836122910698
numeric__trend_interest_expense_change_3y,trend,True,,0.0012605273014691843
numeric__trend_volume_change_1y,trend,True,,0.0012539517886285348
numeric__derived_operating_cash_flow_margin,derived,True,,0.001241106804822157
numeric__trend_total_debt_growth_1y,trend,True,,0.0012388600140095312
numeric__trend_interest_expense_change_2y,trend,True,,0.0012388235623991958
numeric__trend_debt_to_assets_change_2y,trend,True,,0.00122967365450728
numeric__derived_liabilities_to_equity,derived,True,,0.0012222800162584094
numeric__trend_current_liabilities_change_1y,trend,True,,0.0012134465897003716
numeric__trend_current_assets_change_1y,trend,True,,0.001180957805997882
numeric__trend_market_to_book_growth_3y,trend,True,,0.0011786581634049278
numeric__trend_turnover_growth_1y,trend,True,,0.0011749640497653881
numeric__trend_ebit_growth_2y,trend,True,,0.0011526891623645738
numeric__original_accounts_receivable,original,True,,0.0011434208081940506
numeric__trend_free_cash_flow_growth_3y,trend,True,,0.0011356056160816148
numeric__trend_ebit_change_2y,trend,True,,0.001131768219474112
numeric__trend_cash_to_assets_growth_2y,trend,True,,0.001109634205281448
numeric__trend_short_term_debt_growth_1y,trend,True,,0.0010965852888805035
numeric__macro_corporate_bond_total_return_index_change_3y,macro,True,,0.0010791339321020018
numeric__trend_operating_cash_flow_growth_2y,trend,True,,0.0010711563016507877
numeric__trend_turnover_slope_3y,trend,True,,0.0010677715546101915
numeric__macro_treasury_3m_yield_change_2y,macro,True,,0.0010281438081854966
numeric__trend_liabilities_to_equity_slope_3y,trend,True,,0.0010163976156196486
numeric__trend_free_cash_flow_to_debt_growth_1y,trend,True,,0.0010081698341466
numeric__trend_total_debt_change_1y,trend,True,,0.0010072675421691503
numeric__macro_vix_average_1y,macro,True,,0.0009911933346680986
numeric__derived_market_to_book,derived,True,,0.0009835141590143772
numeric__trend_short_term_debt_growth_3y,trend,True,,0.0009833526933053793
numeric__macro_federal_funds_rate_change_2y,macro,True,,0.0009825890215347912
numeric__trend_total_assets_change_3y,trend,True,,0.0009813174406473589
numeric__trend_operating_cash_flow_growth_3y,trend,True,,0.0009795505000741106
numeric__trend_free_cash_flow_change_1y,trend,True,,0.0009767984122699132
numeric__trend_inventory_change_3y,trend,True,,0.0009711157902178695
numeric__derived_ebit_margin,derived,True,,0.0009585496334696701
numeric__trend_free_cash_flow_change_3y,trend,True,,0.0009523713066101781
numeric__trend_working_capital_to_assets_change_1y,trend,True,,0.0009372269134839072
numeric__macro_yield_curve_spread_change_2y,macro,True,,0.0009196953553327124
numeric__trend_operating_cash_flow_margin_slope_3y,trend,True,,0.0008976539369622964
numeric__original_working_capital,original,True,,0.0008929773862918156
numeric__trend_shareholders_equity_growth_3y,trend,True,,0.0008840643008778754
numeric__original_turnover,original,True,,0.0008825238617529652
numeric__derived_working_capital_to_assets,derived,True,,0.0008814465405533178
numeric__trend_net_income_margin_change_1y,trend,True,,0.0008766701651175886
numeric__trend_debt_to_equity_slope_3y,trend,True,,0.0008762004504358528
numeric__trend_depreciation_amortization_change_1y,trend,True,,0.0008641141315921801
numeric__macro_vix,macro,True,,0.0008624337613199566
numeric__trend_volume_change_3y,trend,True,,0.000855761618899573
numeric__trend_interest_coverage_growth_2y,trend,True,,0.0008537474523733915
numeric__trend_total_assets_change_2y,trend,True,,0.0008445756234721056
numeric__trend_shares_outstanding_change_2y,trend,True,,0.0008349829140993994
numeric__trend_current_assets_growth_1y,trend,True,,0.0008315882623282248
numeric__trend_free_cash_flow_slope_3y,trend,True,,0.0008283981425973436
numeric__trend_current_ratio_slope_3y,trend,True,,0.0008263845207926963
numeric__trend_current_liabilities_change_3y,trend,True,,0.0008246727366810843
numeric__macro_treasury_10y_yield_change_2y,macro,True,,0.000819170862144503
numeric__market_market_cap_change_12m,market,True,,0.0008138273953100128
numeric__trend_liabilities_to_assets_slope_3y,trend,True,,0.000811130757131398
numeric__trend_total_assets_growth_2y,trend,True,,0.0008109943275809196
numeric__macro_treasury_10y_yield_volatility_1y,macro,True,,0.0008019453220770405
numeric__trend_ebit_growth_1y,trend,True,,0.0007926361252327937
numeric__trend_operating_cash_flow_margin_growth_2y,trend,True,,0.0007914431973705138
numeric__trend_ebit_margin_growth_3y,trend,True,,0.0007890164310769525
numeric__trend_liabilities_to_assets_change_3y,trend,True,,0.0007849700180980565
numeric__trend_turnover_change_2y,trend,True,,0.0007767121590771836
numeric__trend_total_assets_growth_1y,trend,True,,0.0007650245604777884
numeric__derived_cash_to_assets,derived,True,,0.0007481483132212083
numeric__trend_liabilities_to_assets_growth_2y,trend,True,,0.0007472877601985013
numeric__trend_shares_outstanding_growth_1y,trend,True,,0.0007433178048357565
numeric__trend_interest_coverage_change_1y,trend,True,,0.000741953006321145
numeric__trend_debt_to_assets_growth_2y,trend,True,,0.0007371995308510841
numeric__trend_ebitda_margin_growth_1y,trend,True,,0.000734721508034803
numeric__trend_ebitda_change_2y,trend,True,,0.0007304800650739722
numeric__macro_treasury_3m_yield_change_3y,macro,True,,0.0007291986657583254
numeric__trend_volume_slope_3y,trend,True,,0.0007245287923435548
numeric__trend_operating_cash_flow_margin_change_2y,trend,True,,0.0007141642053220033
numeric__trend_long_term_debt_change_1y,trend,True,,0.0007118867321467572
numeric__original_short_term_debt,original,True,,0.0007116136649486216
numeric__trend_cash_to_assets_change_2y,trend,True,,0.000707598016378772
numeric__macro_federal_funds_rate_volatility_1y,macro,True,,0.0007066987052683935
numeric__trend_working_capital_to_assets_change_2y,trend,True,,0.0007012102588434564
numeric__trend_current_ratio_change_3y,trend,True,,0.0006876477148728083
numeric__trend_operating_cash_flow_to_debt_change_1y,trend,True,,0.0006760527841448361
numeric__trend_capex_to_revenue_change_1y,trend,True,,0.000675190559202656
numeric__trend_operating_cash_flow_to_debt_growth_3y,trend,True,,0.0006734291881893423
numeric__trend_ebitda_change_3y,trend,True,,0.0006730025931146323
numeric__trend_ebitda_growth_1y,trend,True,,0.0006717752808792555
numeric__market_volume_change_12m,market,True,,0.0006683652821680173
numeric__original_inventory,original,True,,0.0006679319895089526
numeric__trend_depreciation_amortization_change_2y,trend,True,,0.0006620263139812621
numeric__trend_working_capital_to_assets_growth_2y,trend,True,,0.0006605530374951882
numeric__trend_market_cap_change_1y,trend,True,,0.000658814742375519
numeric__trend_operating_cash_flow_to_debt_change_2y,trend,True,,0.0006586089507994234
numeric__trend_current_ratio_change_1y,trend,True,,0.0006522489332854106
numeric__trend_market_to_book_growth_2y,trend,True,,0.0006521864508396053
numeric__trend_free_cash_flow_to_debt_slope_3y,trend,True,,0.0006454945553893311
missing__missingindicator_trend_market_to_book_growth_3y,missing_trend,True,,0.0006412520018815388
numeric__trend_free_cash_flow_growth_1y,trend,True,,0.0006364612129646641
numeric__macro_corporate_bond_total_return_index_volatility_1y,macro,True,,0.0006315807213964025
numeric__trend_total_debt_growth_2y,trend,True,,0.0006226943470971513
numeric__trend_accounts_receivable_change_1y,trend,True,,0.0006096209246533832
numeric__trend_volume_change_2y,trend,True,,0.0005995274976360052
numeric__trend_inventory_change_1y,trend,True,,0.0005876276634984187
numeric__trend_shares_outstanding_growth_3y,trend,True,,0.0005845227934880205
numeric__trend_ebit_margin_slope_3y,trend,True,,0.0005719427087971355
numeric__trend_accounts_receivable_change_3y,trend,True,,0.0005717264857155358
numeric__trend_liabilities_to_assets_growth_1y,trend,True,,0.0005712931865388574
numeric__trend_ebit_change_1y,trend,True,,0.0005671603999394978
numeric__trend_net_income_growth_3y,trend,True,,0.0005647262088028992
numeric__macro_gdp_growth_change_2y,macro,True,,0.000562962405581253
numeric__trend_working_capital_to_assets_change_3y,trend,True,,0.0005567050297822286
numeric__macro_federal_funds_rate_change_1y,macro,True,,0.0005527202868914882
numeric__trend_current_liabilities_growth_2y,trend,True,,0.0005526560001325051
numeric__trend_capital_expenditures_change_2y,trend,True,,0.0005473824071066419
numeric__macro_corporate_bond_total_return_index_change_1y,macro,True,,0.0005389729441418333
numeric__trend_ebit_slope_3y,trend,True,,0.0005382163136317683
numeric__trend_working_capital_growth_3y,trend,True,,0.000537837731934954
numeric__trend_shares_outstanding_change_3y,trend,True,,0.0005324144662189043
numeric__macro_unemployment_change_1y,macro,True,,0.0005282615462952053
numeric__macro_treasury_3m_yield_level_at_prediction_date,macro,True,,0.0005263591199459369
numeric__trend_ebitda_margin_change_1y,trend,True,,0.0005244673181905228
numeric__trend_free_cash_flow_to_debt_change_2y,trend,True,,0.0005176153392859421
missing__missingindicator_derived_liabilities_to_equity,missing_derived,True,,0.0005139157643336708
numeric__trend_current_assets_slope_3y,trend,True,,0.0005120284952416
numeric__trend_inventory_growth_1y,trend,True,,0.0005057116392982525
numeric__trend_cash_short_term_investments_growth_2y,trend,True,,0.0005008182557060994
numeric__macro_inflation_volatility_1y,macro,True,,0.0004963104582884196
numeric__trend_inventory_change_2y,trend,True,,0.000494734263621232
numeric__trend_total_assets_growth_3y,trend,True,,0.0004907097059444559
numeric__trend_depreciation_amortization_growth_3y,trend,True,,0.0004829992142401167
numeric__macro_gdp_growth_volatility_1y,macro,True,,0.00048196215721029925
numeric__trend_cash_short_term_investments_change_2y,trend,True,,0.0004811080921962433
numeric__trend_cash_short_term_investments_change_3y,trend,True,,0.0004754628151079243
missing__missingindicator_trend_market_to_book_slope_3y,missing_trend,True,,0.0004715484382902284
numeric__trend_debt_to_equity_growth_3y,trend,True,,0.0004704334145896675
numeric__trend_volume_growth_3y,trend,True,,0.0004699523786053675
numeric__trend_long_term_debt_change_3y,trend,True,,0.00046653605627147417
missing__missingindicator_derived_debt_to_equity,missing_derived,True,,0.00046146747657614673
numeric__trend_shares_outstanding_change_1y,trend,True,,0.0004606609399626954
numeric__macro_gdp_growth_average_1y,macro,True,,0.0004599170783237718
numeric__trend_debt_to_equity_change_3y,trend,True,,0.00045121156022198764
numeric__trend_ebit_margin_growth_1y,trend,True,,0.00044890865088231314
numeric__macro_treasury_3m_yield,macro,True,,0.00044856719379357654
numeric__trend_total_assets_slope_3y,trend,True,,0.0004417154184668165
numeric__trend_depreciation_amortization_change_3y,trend,True,,0.0004395630502436587
numeric__trend_interest_coverage_change_3y,trend,True,,0.0004385826393566515
numeric__trend_liabilities_to_equity_change_2y,trend,True,,0.0004376983809774292
numeric__trend_capex_to_revenue_change_3y,trend,True,,0.00043572006812048496
numeric__trend_short_term_debt_change_1y,trend,True,,0.00043526937101438757
numeric__trend_working_capital_growth_2y,trend,True,,0.000435069695942929
numeric__macro_unemployment_rate_average_1y,macro,True,,0.00043488252930974793
numeric__macro_yield_curve_spread_average_1y,macro,True,,0.0004325060202143725
numeric__macro_vix_change_1y,macro,True,,0.00043164017154264723
numeric__macro_unemployment_rate_change_1y,macro,True,,0.0004299214021190162
numeric__trend_total_liabilities_growth_2y,trend,True,,0.00042674657996708107
numeric__trend_debt_to_equity_growth_1y,trend,True,,0.0004248336195351987
numeric__macro_inflation_level_at_prediction_date,macro,True,,0.00042347028432267566
missing__missingindicator_derived_market_to_book,missing_derived,True,,0.0004217608423747149
numeric__trend_shareholders_equity_change_1y,trend,True,,0.00041581401765738464
numeric__trend_liabilities_to_assets_growth_3y,trend,True,,0.00041467994444908306
numeric__trend_market_cap_change_3y,trend,True,,0.00041248522446781394
numeric__trend_cash_short_term_investments_growth_3y,trend,True,,0.0004120262422398568
numeric__trend_volume_growth_2y,trend,True,,0.00041051702440135165
numeric__trend_free_cash_flow_to_debt_change_1y,trend,True,,0.000409755635392238
numeric__trend_ebitda_change_1y,trend,True,,0.0004089309597769754
numeric__macro_inflation_change_1y,macro,True,,0.00040444392925157726
numeric__trend_working_capital_to_assets_growth_3y,trend,True,,0.00040421004037954124
numeric__trend_inventory_growth_2y,trend,True,,0.00040359631373723117
numeric__trend_accounts_receivable_slope_3y,trend,True,,0.0003989750547876319
numeric__trend_net_income_margin_change_3y,trend,True,,0.0003988464435397854
numeric__macro_inflation_change_2y,macro,True,,0.00039880123923621336
numeric__trend_capital_expenditures_slope_3y,trend,True,,0.00039165508874524203
numeric__trend_interest_coverage_slope_3y,trend,True,,0.0003904052472810581
numeric__trend_current_ratio_growth_1y,trend,True,,0.00039007463386289134
numeric__derived_ebitda_margin,derived,True,,0.00038630052296848537
numeric__trend_turnover_change_3y,trend,True,,0.0003828902418244905
numeric__trend_debt_to_assets_slope_3y,trend,True,,0.0003792374612227768
numeric__trend_revenue_change_1y,trend,True,,0.0003762138880841226
numeric__trend_ebit_margin_change_3y,trend,True,,0.0003758064699160955
numeric__trend_ebit_growth_3y,trend,True,,0.00036926068576528337
numeric__macro_corporate_bond_total_return_index_change_2y,macro,True,,0.0003690829081671364
numeric__trend_free_cash_flow_growth_2y,trend,True,,0.0003669519484201325
numeric__trend_free_cash_flow_to_debt_growth_3y,trend,True,,0.00036642956588458695
numeric__original_cash_short_term_investments,original,True,,0.0003653975031108773
numeric__trend_long_term_debt_growth_3y,trend,True,,0.0003606749976588672
numeric__trend_revenue_growth_1y,trend,True,,0.0003588287656198312
numeric__macro_yield_curve_spread_change_1y,macro,True,,0.000356906580871418
numeric__trend_total_liabilities_growth_3y,trend,True,,0.0003551077252459014
numeric__trend_capex_to_revenue_growth_3y,trend,True,,0.00035272820900544665
numeric__trend_net_income_margin_growth_2y,trend,True,,0.00035131082519947036
numeric__macro_federal_funds_rate,macro,True,,0.000349199533861224
numeric__trend_interest_coverage_growth_1y,trend,True,,0.0003491935061548533
numeric__macro_treasury_3m_yield_volatility_1y,macro,True,,0.0003472804562826841
numeric__trend_ebitda_margin_growth_2y,trend,True,,0.00034319177155170665
numeric__trend_capital_expenditures_growth_1y,trend,True,,0.00033618075927141196
numeric__macro_vix_change_3y,macro,True,,0.0003344334222750614
numeric__trend_ebit_margin_change_1y,trend,True,,0.00033384996755859937
numeric__trend_cash_to_assets_growth_3y,trend,True,,0.0003330995905616563
numeric__trend_debt_to_assets_growth_1y,trend,True,,0.00033124516222992576
numeric__macro_yield_curve_spread_volatility_1y,macro,True,,0.0003308280499988832
numeric__macro_inflation_change_3y,macro,True,,0.0003300214105348158
numeric__trend_shareholders_equity_change_2y,trend,True,,0.0003297734877632949
numeric__trend_cash_to_assets_slope_3y,trend,True,,0.00032956712777345676
numeric__trend_accounts_receivable_change_2y,trend,True,,0.000329302509505768
numeric__trend_operating_cash_flow_margin_change_1y,trend,True,,0.0003253068504108619
numeric__trend_ebitda_margin_growth_3y,trend,True,,0.00032428126497472727
numeric__trend_liabilities_to_equity_growth_2y,trend,True,,0.00032080184854916746
numeric__trend_interest_expense_growth_2y,trend,True,,0.0003206337720981807
numeric__trend_accounts_receivable_growth_2y,trend,True,,0.00031998441155272554
numeric__trend_ebitda_margin_change_3y,trend,True,,0.0003174392193791773
numeric__trend_cash_short_term_investments_change_1y,trend,True,,0.0003149950508842043
numeric__trend_accounts_receivable_growth_3y,trend,True,,0.0003142149754013378
numeric__macro_gdp_growth_change_3y,macro,True,,0.00031045313775394397
numeric__macro_corporate_bond_total_return_index_average_1y,macro,True,,0.0003074867239963635
numeric__trend_capital_expenditures_change_1y,trend,True,,0.00030344658822751007
numeric__trend_cash_short_term_investments_growth_1y,trend,True,,0.0003029693612493308
numeric__macro_vix_level_at_prediction_date,macro,True,,0.00030085722291966046
missing__missingindicator_original_shareholders_equity,missing_original,True,,0.0002962871260695821
missing__missingindicator_trend_depreciation_amortization_change_3y,missing_trend,True,,0.00029323853459722627
numeric__macro_federal_funds_rate_level_at_prediction_date,macro,True,,0.0002915708251598194
numeric__macro_treasury_10y_yield_change_3y,macro,True,,0.00029135383941738006
numeric__trend_capital_expenditures_change_3y,trend,True,,0.00029109498805084816
numeric__trend_current_ratio_growth_3y,trend,True,,0.00029101235105742466
numeric__trend_working_capital_to_assets_slope_3y,trend,True,,0.0002887377975942198
numeric__macro_federal_funds_rate_average_1y,macro,True,,0.00028755198907217446
numeric__trend_shareholders_equity_growth_1y,trend,True,,0.00028383046353885243
numeric__macro_unemployment_rate_volatility_1y,macro,True,,0.00028334787124248976
numeric__trend_shareholders_equity_growth_2y,trend,True,,0.0002831562950283729
missing__missingindicator_trend_shareholders_equity_slope_3y,missing_trend,True,,0.00027902268048253455
numeric__trend_turnover_growth_2y,trend,True,,0.00026938646974830177
numeric__trend_capex_to_revenue_change_2y,trend,True,,0.0002691773776359814
numeric__trend_long_term_debt_growth_1y,trend,True,,0.000269062986033081
numeric__trend_operating_cash_flow_to_debt_change_3y,trend,True,,0.0002690002202260257
numeric__trend_liabilities_to_equity_change_1y,trend,True,,0.00026814820159722433
numeric__trend_revenue_growth_3y,trend,True,,0.0002659558248815141
numeric__trend_revenue_growth_2y,trend,True,,0.00026138592546111604
missing__missingindicator_trend_operating_cash_flow_margin_growth_1y,missing_trend,True,,0.00025679347549117037
numeric__macro_treasury_10y_yield_average_1y,macro,True,,0.0002566779331961667
numeric__trend_short_term_debt_growth_2y,trend,True,,0.0002548925948406194
numeric__trend_capital_expenditures_growth_3y,trend,True,,0.00025288180651237353
numeric__macro_unemployment_rate_change_3y,macro,True,,0.0002526424610677973
numeric__trend_operating_cash_flow_margin_change_3y,trend,True,,0.0002499572358478896
numeric__trend_ebitda_growth_2y,trend,True,,0.00024699486282806664
numeric__trend_accounts_receivable_growth_1y,trend,True,,0.00024395702455692807
numeric__macro_unemployment_rate_level_at_prediction_date,macro,True,,0.0002422397085706579
missing__missingindicator_trend_debt_to_equity_slope_3y,missing_trend,True,,0.0002421619163153111
numeric__trend_net_income_growth_2y,trend,True,,0.00024200929847964286
numeric__trend_market_to_book_change_2y,trend,True,,0.0002409411050185214
numeric__trend_net_income_margin_slope_3y,trend,True,,0.0002407139745414161
numeric__market_turnover_change_12m,market,True,,0.0002404304203869382
numeric__trend_cash_to_assets_change_1y,trend,True,,0.0002313322889382588
numeric__macro_yield_curve_spread,macro,True,,0.00022657264744882776
missing__missingindicator_trend_shareholders_equity_growth_3y,missing_trend,True,,0.00021702584765322057
numeric__trend_working_capital_to_assets_growth_1y,trend,True,,0.00021490333798316108
numeric__trend_cash_short_term_investments_slope_3y,trend,True,,0.00021241567518842023
numeric__trend_interest_expense_growth_3y,trend,True,,0.0002118586393639021
numeric__macro_treasury_3m_yield_change_1y,macro,True,,0.00021155649584377913
numeric__macro_federal_funds_rate_change_3y,macro,True,,0.00021136774258364807
categorical__sector_Communications,categorical_sector,True,,0.00021127817573392082
numeric__macro_treasury_10y_yield_change_1y,macro,True,,0.00021117860894873656
numeric__trend_capex_to_revenue_growth_1y,trend,True,,0.00020849260807428115
numeric__trend_ebitda_margin_slope_3y,trend,True,,0.00020829870504063334
numeric__macro_inflation_level,macro,True,,0.0002063248799387807
numeric__trend_interest_coverage_change_2y,trend,True,,0.00020482856247767546
numeric__trend_current_ratio_change_2y,trend,True,,0.00020212190866168063
numeric__macro_treasury_10y_yield_level_at_prediction_date,macro,True,,0.00019490765743832277
numeric__trend_cash_to_assets_change_3y,trend,True,,0.00018964866702168815
numeric__trend_free_cash_flow_to_debt_growth_2y,trend,True,,0.00018894351356153424
numeric__trend_ebitda_growth_3y,trend,True,,0.0001837013431117978
numeric__trend_ebit_margin_growth_2y,trend,True,,0.00018058901153656659
numeric__trend_market_to_book_change_1y,trend,True,,0.0001785444327971231
numeric__trend_current_assets_growth_2y,trend,True,,0.00017598539187905354
missing__missingindicator_trend_ebitda_margin_change_1y,missing_trend,True,,0.00017405973500574036
missing__missingindicator_trend_operating_cash_flow_margin_change_1y,missing_trend,True,,0.00017226456226043742
missing__missingindicator_original_depreciation_amortization,missing_original,True,,0.00017165006849971396
numeric__trend_ebitda_margin_change_2y,trend,True,,0.00016968448774343768
numeric__trend_capex_to_revenue_slope_3y,trend,True,,0.0001670624853167031
missing__missingindicator_trend_capital_expenditures_growth_2y,missing_trend,True,,0.00016349000980964384
numeric__trend_debt_to_equity_change_1y,trend,True,,0.00016282199474615584
missing__missingindicator_trend_debt_to_equity_change_2y,missing_trend,True,,0.00016246142155381578
numeric__trend_turnover_growth_3y,trend,True,,0.00016112375448078695
numeric__derived_capex_to_revenue,derived,True,,0.0001545583608522158
numeric__trend_interest_expense_growth_1y,trend,True,,0.00015421497488985803
numeric__macro_unemployment_rate,macro,True,,0.00014695564642355785
missing__missingindicator_trend_inventory_change_1y,missing_trend,True,,0.00014647375322152749
missing__missingindicator_trend_operating_cash_flow_to_debt_change_2y,missing_trend,True,,0.00014604539176093018
missing__missingindicator_trend_total_debt_growth_1y,missing_trend,True,,0.00014463370525808042
numeric__trend_capex_to_revenue_growth_2y,trend,True,,0.00014387499598080773
missing__missingindicator_trend_total_assets_change_2y,missing_trend,True,,0.0001423242938758111
numeric__trend_net_income_margin_change_2y,trend,True,,0.00014182333770124938
missing__missingindicator_trend_shares_outstanding_change_3y,missing_trend,True,,0.00014004358916930328
numeric__macro_corporate_bond_total_return_index,macro,True,,0.00013961338833228142
numeric__trend_current_ratio_growth_2y,trend,True,,0.00013954877854742285
missing__missingindicator_trend_ebit_margin_change_1y,missing_trend,True,,0.00013709759500302838
numeric__trend_debt_to_equity_change_2y,trend,True,,0.00013536911624669184
missing__missingindicator_trend_total_debt_growth_2y,missing_trend,True,,0.0001345126594064459
missing__missingindicator_trend_long_term_debt_growth_3y,missing_trend,True,,0.00013365650203262447
missing__missingindicator_trend_total_debt_change_3y,missing_trend,True,,0.00013221765385623268
numeric__macro_yield_curve_spread_change_3y,macro,True,,0.00012632047516608811
missing__missingindicator_trend_ebit_growth_3y,missing_trend,True,,0.00012519901749785662
missing__missingindicator_trend_market_to_book_change_2y,missing_trend,True,,0.00012325934238952048
numeric__macro_unemployment_rate_change_2y,macro,True,,0.0001191883461831976
missing__missingindicator_trend_current_ratio_change_3y,missing_trend,True,,0.00011853524090949414
numeric__trend_interest_coverage_growth_3y,trend,True,,0.00011816235764446775
missing__missingindicator_trend_accounts_receivable_growth_3y,missing_trend,True,,0.00011523085609683538
missing__missingindicator_trend_long_term_debt_growth_2y,missing_trend,True,,0.00011321640484291305
numeric__trend_liabilities_to_equity_change_3y,trend,True,,0.00011248805188970222
missing__missingindicator_trend_market_cap_growth_3y,missing_trend,True,,0.00011076882653326979
numeric__macro_inflation_average_1y,macro,True,,0.00011013700912727773
missing__missingindicator_trend_interest_coverage_change_2y,missing_trend,True,,0.00010768456059947794
numeric__trend_current_liabilities_growth_1y,trend,True,,0.00010697597242627618
missing__missingindicator_trend_inventory_change_2y,missing_trend,True,,0.00010545866552684048
missing__missingindicator_trend_debt_to_equity_growth_3y,missing_trend,True,,0.00010269548029461459
numeric__trend_cash_to_assets_growth_1y,trend,True,,0.0001026935737471654
numeric__trend_current_liabilities_growth_3y,trend,True,,0.00010085335283479897
missing__missingindicator_trend_depreciation_amortization_slope_3y,missing_trend,True,,0.00010079479768786125
missing__missingindicator_trend_net_income_margin_change_1y,missing_trend,True,,9.954566604230885e-05
numeric__trend_capital_expenditures_growth_2y,trend,True,,9.724891306621061e-05
numeric__trend_current_assets_growth_3y,trend,True,,9.649524272921747e-05
numeric__trend_depreciation_amortization_growth_2y,trend,True,,9.589759493181127e-05
missing__missingindicator_trend_operating_cash_flow_margin_growth_2y,missing_trend,True,,9.535042821844664e-05
missing__missingindicator_trend_liabilities_to_equity_slope_3y,missing_trend,True,,9.391915546818195e-05
numeric__macro_treasury_3m_yield_average_1y,macro,True,,9.386670643844146e-05
numeric__trend_total_assets_change_1y,trend,True,,9.309765962901552e-05
missing__missingindicator_trend_ebitda_growth_2y,missing_trend,True,,8.928865334606145e-05
missing__missingindicator_trend_free_cash_flow_change_3y,missing_trend,True,,8.903645711977874e-05
numeric__trend_operating_cash_flow_to_debt_slope_3y,trend,True,,8.895329670832364e-05
numeric__trend_long_term_debt_growth_2y,trend,True,,8.580128651461412e-05
numeric__trend_depreciation_amortization_growth_1y,trend,True,,8.444730293103254e-05
missing__missingindicator_trend_liabilities_to_equity_change_3y,missing_trend,True,,8.017315138034941e-05
missing__missingindicator_trend_long_term_debt_change_3y,missing_trend,True,,7.983262020803732e-05
missing__missingindicator_trend_operating_cash_flow_margin_change_2y,missing_trend,True,,7.977475171997713e-05
missing__missingindicator_trend_short_term_debt_change_1y,missing_trend,True,,7.945849809122816e-05
missing__missingindicator_trend_long_term_debt_change_2y,missing_trend,True,,7.919541300631468e-05
numeric__trend_free_cash_flow_to_debt_change_3y,trend,True,,7.890935843951747e-05
numeric__trend_total_debt_growth_3y,trend,True,,7.875068144110906e-05
missing__missingindicator_trend_market_cap_growth_1y,missing_trend,True,,7.689031375067892e-05
missing__missingindicator_trend_net_income_margin_slope_3y,missing_trend,True,,7.574995950693407e-05
numeric__trend_turnover_change_1y,trend,True,,7.551917245692972e-05
missing__missingindicator_trend_total_debt_growth_3y,missing_trend,True,,7.485576180091695e-05
categorical__industry_Home Construction,categorical_industry,True,,7.469873803883108e-05
categorical__industry_Leisure Products,categorical_industry,True,,7.443641820843646e-05
numeric__trend_inventory_growth_3y,trend,True,,7.3071846124835e-05
missing__missingindicator_trend_ebitda_margin_change_2y,missing_trend,True,,7.220463757015879e-05
missing__missingindicator_trend_liabilities_to_equity_growth_3y,missing_trend,True,,7.076326755318432e-05
categorical__industry_Retail - Discretionary,categorical_industry,True,,7.075399924934824e-05
numeric__trend_liabilities_to_equity_growth_1y,trend,True,,7.0293270207341e-05
missing__missingindicator_trend_shareholders_equity_change_2y,missing_trend,True,,6.834403505387604e-05
numeric__macro_corporate_bond_total_return_index_level_at_prediction_date,macro,True,,6.755584306230391e-05
missing__missingindicator_trend_capex_to_revenue_growth_1y,missing_trend,True,,6.487759958861023e-05
numeric__trend_working_capital_growth_1y,trend,True,,6.418883682076138e-05
missing__missingindicator_trend_depreciation_amortization_growth_3y,missing_trend,True,,6.298696373034537e-05
missing__missingindicator_trend_interest_coverage_slope_3y,missing_trend,True,,6.269888355536379e-05
missing__missingindicator_trend_short_term_debt_growth_3y,missing_trend,True,,6.106402929617379e-05
missing__missingindicator_trend_ebit_margin_slope_3y,missing_trend,True,,5.7164780275175814e-05
categorical__industry_Publishing & Broadcasting,categorical_industry,True,,5.7014241585322554e-05
missing__missingindicator_trend_net_income_margin_growth_2y,missing_trend,True,,5.2913171687847675e-05
missing__missingindicator_trend_depreciation_amortization_change_1y,missing_trend,True,,5.1307938662186866e-05
missing__missingindicator_trend_total_liabilities_growth_3y,missing_trend,True,,5.00232366002272e-05
numeric__trend_market_to_book_growth_1y,trend,True,,4.995922107358206e-05
missing__missingindicator_trend_market_cap_change_1y,missing_trend,True,,4.9834011732035134e-05
numeric__trend_debt_to_assets_growth_3y,trend,True,,4.980669036516434e-05
missing__missingindicator_trend_interest_coverage_growth_2y,missing_trend,True,,4.957223954585432e-05
missing__missingindicator_trend_ebit_margin_change_2y,missing_trend,True,,4.605254960368595e-05
categorical__sector_Industrials,categorical_sector,True,,4.506346398768048e-05
missing__missingindicator_trend_cash_short_term_investments_slope_3y,missing_trend,True,,4.355587880390765e-05
missing__missingindicator_trend_shareholders_equity_change_3y,missing_trend,True,,4.299919376511691e-05
numeric__macro_treasury_10y_yield,macro,True,,4.1471941778744965e-05
missing__missingindicator_trend_short_term_debt_growth_1y,missing_trend,True,,4.13524639747965e-05
missing__missingindicator_trend_shareholders_equity_change_1y,missing_trend,True,,4.014122806260306e-05
missing__missingindicator_trend_debt_to_equity_change_1y,missing_trend,True,,3.983005841741902e-05
categorical__industry_Steel,categorical_industry,True,,3.951103524552982e-05
numeric__macro_yield_curve_spread_level_at_prediction_date,macro,True,,3.9059960719003605e-05
missing__missingindicator_trend_capital_expenditures_slope_3y,missing_trend,True,,3.83821678548699e-05
missing__missingindicator_trend_shares_outstanding_slope_3y,missing_trend,True,,3.806071785537396e-05
numeric__trend_ebit_margin_change_2y,trend,True,,3.7289453886233064e-05
categorical__industry_Leisure Facilities & Services,categorical_industry,True,,3.6318108147007056e-05
missing__missingindicator_trend_net_income_growth_3y,missing_trend,True,,3.536032819145569e-05
missing__missingindicator_trend_interest_coverage_growth_1y,missing_trend,True,,3.451774137675063e-05
numeric__macro_gdp_growth_change_1y,macro,True,,3.256983846702573e-05
missing__missingindicator_trend_inventory_growth_1y,missing_trend,True,,3.1295665802670745e-05
missing__missingindicator_trend_working_capital_to_assets_slope_3y,missing_trend,True,,2.880273972492984e-05
missing__missingindicator_trend_market_to_book_growth_2y,missing_trend,True,,2.8639794532570834e-05
missing__missingindicator_trend_shares_outstanding_change_2y,missing_trend,True,,2.811303932113052e-05
missing__missingindicator_trend_ebit_growth_1y,missing_trend,True,,2.144154234903725e-05
missing__missingindicator_trend_interest_coverage_change_1y,missing_trend,True,,2.1364536642233778e-05
missing__missingindicator_trend_net_income_margin_growth_3y,missing_trend,True,,2.1095490687299763e-05
missing__missingindicator_trend_total_assets_growth_3y,missing_trend,True,,2.1024807503585764e-05
categorical__sector_Energy,categorical_sector,True,,2.0538480467936642e-05
missing__missingindicator_original_interest_expense,missing_original,True,,2.0513072593589775e-05
missing__missingindicator_trend_long_term_debt_growth_1y,missing_trend,True,,2.05033988609223e-05
missing__missingindicator_trend_capex_to_revenue_change_3y,missing_trend,True,,2.0363096638731514e-05
missing__missingindicator_trend_ebit_slope_3y,missing_trend,True,,2.0356570466872115e-05
missing__missingindicator_trend_ebitda_margin_slope_3y,missing_trend,True,,2.0160233375604696e-05
categorical__industry_Chemicals,categorical_industry,True,,2.0126896251428724e-05
missing__missingindicator_trend_net_income_margin_change_2y,missing_trend,True,,1.9523176571695463e-05
missing__missingindicator_trend_debt_to_assets_growth_1y,missing_trend,True,,1.950051522098588e-05
missing__missingindicator_trend_liabilities_to_assets_growth_1y,missing_trend,True,,1.948053560120243e-05
missing__missingindicator_trend_net_income_change_2y,missing_trend,True,,1.931105282792131e-05
missing__missingindicator_trend_revenue_slope_3y,missing_trend,True,,1.9257321216076252e-05
missing__missingindicator_trend_current_ratio_growth_3y,missing_trend,True,,1.906030434354889e-05
missing__missingindicator_trend_liabilities_to_assets_change_1y,missing_trend,True,,1.8905687784486193e-05
missing__missingindicator_trend_working_capital_slope_3y,missing_trend,True,,1.8796528668669203e-05
missing__missingindicator_trend_current_liabilities_change_3y,missing_trend,True,,1.8793803558473055e-05
missing__missingindicator_trend_cash_short_term_investments_growth_3y,missing_trend,True,,1.8696482157480163e-05
missing__missingindicator_trend_accounts_receivable_growth_2y,missing_trend,True,,1.8578183757178958e-05
missing__missingindicator_trend_ebitda_margin_growth_2y,missing_trend,True,,1.8548378273404177e-05
missing__missingindicator_trend_current_assets_growth_1y,missing_trend,True,,1.8539758811800273e-05
missing__missingindicator_market_market_cap_change_12m,missing_market,True,,1.848519353485628e-05
missing__missingindicator_trend_total_debt_slope_3y,missing_trend,True,,1.8425279872249268e-05
missing__missingindicator_trend_free_cash_flow_growth_1y,missing_trend,True,,1.8303928545186278e-05
missing__missingindicator_trend_total_liabilities_slope_3y,missing_trend,True,,1.830132241813598e-05
missing__missingindicator_trend_net_income_margin_growth_1y,missing_trend,True,,1.8146897708941524e-05
missing__missingindicator_trend_capital_expenditures_change_3y,missing_trend,True,,1.8070709391297947e-05
missing__missingindicator_trend_ebit_change_3y,missing_trend,True,,1.7850562004790863e-05
missing__missingindicator_trend_liabilities_to_equity_change_2y,missing_trend,True,,1.6792872021702905e-05
missing__missingindicator_trend_current_assets_growth_3y,missing_trend,True,,1.673325142572175e-05
missing__missingindicator_trend_current_assets_change_2y,missing_trend,True,,1.6713832823331807e-05
categorical__sector_Consumer Discretionary,categorical_sector,True,,1.669235905341247e-05
missing__missingindicator_trend_depreciation_amortization_growth_2y,missing_trend,True,,1.5737247752788708e-05
missing__missingindicator_trend_turnover_growth_3y,missing_trend,True,,1.4418783488787455e-05
missing__missingindicator_trend_ebitda_slope_3y,missing_trend,True,,1.4086576401500764e-05
missing__missingindicator_trend_working_capital_to_assets_growth_3y,missing_trend,True,,1.3966354601238052e-05
missing__missingindicator_trend_accounts_receivable_slope_3y,missing_trend,True,,1.3765607617555523e-05
missing__missingindicator_trend_depreciation_amortization_growth_1y,missing_trend,True,,1.3018403075889348e-05
missing__missingindicator_trend_total_assets_change_3y,missing_trend,True,,1.2470499892726877e-05
missing__missingindicator_trend_ebitda_margin_change_3y,missing_trend,True,,8.887687481057366e-06
categorical__industry_Commercial Support Services,categorical_industry,True,,5.399599384561672e-06
categorical__industry_Advertising & Marketing,categorical_industry,True,,0.0
categorical__industry_Aerospace & Defense,categorical_industry,True,,0.0
categorical__industry_Apparel & Textile Products,categorical_industry,True,,0.0
categorical__industry_Automotive,categorical_industry,True,,0.0
categorical__industry_Beverages,categorical_industry,True,,0.0
categorical__industry_Cable & Satellite,categorical_industry,True,,0.0
categorical__industry_Construction Materials,categorical_industry,True,,0.0
categorical__industry_Consumer Services,categorical_industry,True,,0.0
categorical__industry_Electric Utilities,categorical_industry,True,,0.0
categorical__industry_Electrical Equipment,categorical_industry,True,,0.0
categorical__industry_Entertainment Content,categorical_industry,True,,0.0
"categorical__industry_Forestry, Paper & Wood Products",categorical_industry,True,,0.0
categorical__industry_Health Care Facilities & Svcs,categorical_industry,True,,0.0
categorical__industry_Home & Office Products,categorical_industry,True,,0.0
categorical__industry_IT Services,categorical_industry,True,,0.0
categorical__industry_Industrial Support Services,categorical_industry,True,,0.0
categorical__industry_Internet Media & Services,categorical_industry,True,,0.0
categorical__industry_Machinery,categorical_industry,True,,0.0
categorical__industry_Oil & Gas Supply Chain,categorical_industry,True,,0.0
categorical__industry_Renewable Energy,categorical_industry,True,,0.0
categorical__industry_Semiconductors,categorical_industry,True,,0.0
categorical__industry_Software,categorical_industry,True,,0.0
categorical__industry_Technology Hardware,categorical_industry,True,,0.0
categorical__industry_Telecommunications,categorical_industry,True,,0.0
categorical__industry_Transportation & Logistics,categorical_industry,True,,0.0
categorical__industry_Wholesale - Consumer Staples,categorical_industry,True,,0.0
categorical__industry_Wholesale - Discretionary,categorical_industry,True,,0.0
categorical__industry___MISSING__,categorical_industry,False,constant in training,0.0
categorical__sector_Consumer Staples,categorical_sector,True,,0.0
categorical__sector_Health Care,categorical_sector,True,,0.0
categorical__sector_Materials,categorical_sector,True,,0.0
categorical__sector_Technology,categorical_sector,True,,0.0
categorical__sector_Utilities,categorical_sector,True,,0.0
categorical__sector___MISSING__,categorical_sector,False,constant in training,0.0
missing__missingindicator_derived_capex_to_revenue,missing_derived,True,,0.0
missing__missingindicator_derived_cash_to_assets,missing_derived,False,constant in training,0.0
missing__missingindicator_derived_current_ratio,missing_derived,False,constant in training,0.0
missing__missingindicator_derived_debt_to_assets,missing_derived,True,,0.0
missing__missingindicator_derived_ebit_margin,missing_derived,True,,0.0
missing__missingindicator_derived_ebitda_margin,missing_derived,True,,0.0
missing__missingindicator_derived_free_cash_flow_to_debt,missing_derived,True,,0.0
missing__missingindicator_derived_interest_coverage,missing_derived,True,,0.0
missing__missingindicator_derived_liabilities_to_assets,missing_derived,True,,0.0
missing__missingindicator_derived_net_income_margin,missing_derived,True,,0.0
missing__missingindicator_derived_operating_cash_flow_margin,missing_derived,True,,0.0
missing__missingindicator_derived_operating_cash_flow_to_debt,missing_derived,True,,0.0
missing__missingindicator_derived_working_capital_to_assets,missing_derived,False,constant in training,0.0
missing__missingindicator_macro_corporate_bond_total_return_index,missing_macro,False,constant in training,0.0
missing__missingindicator_macro_corporate_bond_total_return_index_average_1y,missing_macro,True,,0.0
missing__missingindicator_macro_corporate_bond_total_return_index_change_1y,missing_macro,False,constant in training,0.0
missing__missingindicator_macro_corporate_bond_total_return_index_change_2y,missing_macro,False,constant in training,0.0
missing__missingindicator_macro_corporate_bond_total_return_index_change_3y,missing_macro,False,constant in training,0.0
missing__missingindicator_macro_corporate_bond_total_return_index_level_at_prediction_date,missing_macro,False,constant in training,0.0
missing__missingindicator_macro_corporate_bond_total_return_index_volatility_1y,missing_macro,True,,0.0
missing__missingindicator_macro_federal_funds_rate,missing_macro,False,constant in training,0.0
missing__missingindicator_macro_federal_funds_rate_average_1y,missing_macro,False,constant in training,0.0
missing__missingindicator_macro_federal_funds_rate_change_1y,missing_macro,False,constant in training,0.0
missing__missingindicator_macro_federal_funds_rate_change_2y,missing_macro,False,constant in training,0.0
missing__missingindicator_macro_federal_funds_rate_change_3y,missing_macro,False,constant in training,0.0
missing__missingindicator_macro_federal_funds_rate_level_at_prediction_date,missing_macro,False,constant in training,0.0
missing__missingindicator_macro_federal_funds_rate_volatility_1y,missing_macro,False,constant in training,0.0
missing__missingindicator_macro_gdp_growth,missing_macro,False,constant in training,0.0
missing__missingindicator_macro_gdp_growth_average_1y,missing_macro,False,constant in training,0.0
missing__missingindicator_macro_gdp_growth_change_1y,missing_macro,False,constant in training,0.0
missing__missingindicator_macro_gdp_growth_change_2y,missing_macro,False,constant in training,0.0
missing__missingindicator_macro_gdp_growth_change_3y,missing_macro,False,constant in training,0.0
missing__missingindicator_macro_gdp_growth_level_at_prediction_date,missing_macro,False,constant in training,0.0
missing__missingindicator_macro_gdp_growth_volatility_1y,missing_macro,False,constant in training,0.0
missing__missingindicator_macro_inflation_average_1y,missing_macro,False,constant in training,0.0
missing__missingindicator_macro_inflation_change_1y,missing_macro,False,constant in training,0.0
missing__missingindicator_macro_inflation_change_2y,missing_macro,False,constant in training,0.0
missing__missingindicator_macro_inflation_change_3y,missing_macro,False,constant in training,0.0
missing__missingindicator_macro_inflation_level,missing_macro,False,constant in training,0.0
missing__missingindicator_macro_inflation_level_at_prediction_date,missing_macro,False,constant in training,0.0
missing__missingindicator_macro_inflation_volatility_1y,missing_macro,False,constant in training,0.0
missing__missingindicator_macro_treasury_10y_yield,missing_macro,False,constant in training,0.0
missing__missingindicator_macro_treasury_10y_yield_average_1y,missing_macro,False,constant in training,0.0
missing__missingindicator_macro_treasury_10y_yield_change_1y,missing_macro,False,constant in training,0.0
missing__missingindicator_macro_treasury_10y_yield_change_2y,missing_macro,False,constant in training,0.0
missing__missingindicator_macro_treasury_10y_yield_change_3y,missing_macro,False,constant in training,0.0
missing__missingindicator_macro_treasury_10y_yield_level_at_prediction_date,missing_macro,False,constant in training,0.0
missing__missingindicator_macro_treasury_10y_yield_volatility_1y,missing_macro,False,constant in training,0.0
missing__missingindicator_macro_treasury_3m_yield,missing_macro,False,constant in training,0.0
missing__missingindicator_macro_treasury_3m_yield_average_1y,missing_macro,False,constant in training,0.0
missing__missingindicator_macro_treasury_3m_yield_change_1y,missing_macro,False,constant in training,0.0
missing__missingindicator_macro_treasury_3m_yield_change_2y,missing_macro,False,constant in training,0.0
missing__missingindicator_macro_treasury_3m_yield_change_3y,missing_macro,False,constant in training,0.0
missing__missingindicator_macro_treasury_3m_yield_level_at_prediction_date,missing_macro,False,constant in training,0.0
missing__missingindicator_macro_treasury_3m_yield_volatility_1y,missing_macro,False,constant in training,0.0
missing__missingindicator_macro_unemployment_change_1y,missing_macro,False,constant in training,0.0
missing__missingindicator_macro_unemployment_rate,missing_macro,False,constant in training,0.0
missing__missingindicator_macro_unemployment_rate_average_1y,missing_macro,False,constant in training,0.0
missing__missingindicator_macro_unemployment_rate_change_1y,missing_macro,False,constant in training,0.0
missing__missingindicator_macro_unemployment_rate_change_2y,missing_macro,False,constant in training,0.0
missing__missingindicator_macro_unemployment_rate_change_3y,missing_macro,False,constant in training,0.0
missing__missingindicator_macro_unemployment_rate_level_at_prediction_date,missing_macro,False,constant in training,0.0
missing__missingindicator_macro_unemployment_rate_volatility_1y,missing_macro,False,constant in training,0.0
missing__missingindicator_macro_vix,missing_macro,False,constant in training,0.0
missing__missingindicator_macro_vix_average_1y,missing_macro,False,constant in training,0.0
missing__missingindicator_macro_vix_change_1y,missing_macro,False,constant in training,0.0
missing__missingindicator_macro_vix_change_2y,missing_macro,False,constant in training,0.0
missing__missingindicator_macro_vix_change_3y,missing_macro,False,constant in training,0.0
missing__missingindicator_macro_vix_level_at_prediction_date,missing_macro,False,constant in training,0.0
missing__missingindicator_macro_vix_volatility_1y,missing_macro,False,constant in training,0.0
missing__missingindicator_macro_yield_curve_spread,missing_macro,False,constant in training,0.0
missing__missingindicator_macro_yield_curve_spread_average_1y,missing_macro,False,constant in training,0.0
missing__missingindicator_macro_yield_curve_spread_change_1y,missing_macro,False,constant in training,0.0
missing__missingindicator_macro_yield_curve_spread_change_2y,missing_macro,False,constant in training,0.0
missing__missingindicator_macro_yield_curve_spread_change_3y,missing_macro,False,constant in training,0.0
missing__missingindicator_macro_yield_curve_spread_level_at_prediction_date,missing_macro,False,constant in training,0.0
missing__missingindicator_macro_yield_curve_spread_volatility_1y,missing_macro,False,constant in training,0.0
missing__missingindicator_market_maximum_drawdown_12m,missing_market,False,constant in training,0.0
missing__missingindicator_market_maximum_drawdown_24m,missing_market,True,,0.0
missing__missingindicator_market_maximum_drawdown_36m,missing_market,True,,0.0
missing__missingindicator_market_return_12m,missing_market,False,constant in training,0.0
missing__missingindicator_market_return_24m,missing_market,True,,0.0
missing__missingindicator_market_return_36m,missing_market,True,,0.0
missing__missingindicator_market_turnover_change_12m,missing_market,True,,0.0
missing__missingindicator_market_volatility_12m,missing_market,False,constant in training,0.0
missing__missingindicator_market_volatility_24m,missing_market,True,,0.0
missing__missingindicator_market_volatility_36m,missing_market,True,,0.0
missing__missingindicator_market_volume_change_12m,missing_market,False,constant in training,0.0
missing__missingindicator_original_accounts_receivable,missing_original,True,,0.0
missing__missingindicator_original_adjusted_price,missing_original,False,constant in training,0.0
missing__missingindicator_original_capital_expenditures,missing_original,True,,0.0
missing__missingindicator_original_cash_short_term_investments,missing_original,False,constant in training,0.0
missing__missingindicator_original_current_assets,missing_original,False,constant in training,0.0
missing__missingindicator_original_current_liabilities,missing_original,False,constant in training,0.0
missing__missingindicator_original_ebit,missing_original,False,constant in training,0.0
missing__missingindicator_original_ebitda,missing_original,True,,0.0
missing__missingindicator_original_free_cash_flow,missing_original,True,,0.0
missing__missingindicator_original_inventory,missing_original,True,,0.0
missing__missingindicator_original_long_term_debt,missing_original,True,,0.0
missing__missingindicator_original_market_cap,missing_original,True,,0.0
missing__missingindicator_original_market_monthly_price_00,missing_original,False,constant in training,0.0
missing__missingindicator_original_market_monthly_price_01,missing_original,False,constant in training,0.0
missing__missingindicator_original_market_monthly_price_02,missing_original,False,constant in training,0.0
missing__missingindicator_original_market_monthly_price_03,missing_original,False,constant in training,0.0
missing__missingindicator_original_market_monthly_price_04,missing_original,False,constant in training,0.0
missing__missingindicator_original_market_monthly_price_05,missing_original,False,constant in training,0.0
missing__missingindicator_original_market_monthly_price_06,missing_original,False,constant in training,0.0
missing__missingindicator_original_market_monthly_price_07,missing_original,False,constant in training,0.0
missing__missingindicator_original_market_monthly_price_08,missing_original,False,constant in training,0.0
missing__missingindicator_original_market_monthly_price_09,missing_original,False,constant in training,0.0
missing__missingindicator_original_market_monthly_price_10,missing_original,False,constant in training,0.0
missing__missingindicator_original_market_monthly_price_11,missing_original,False,constant in training,0.0
missing__missingindicator_original_market_monthly_price_12,missing_original,False,constant in training,0.0
missing__missingindicator_original_net_income,missing_original,False,constant in training,0.0
missing__missingindicator_original_operating_cash_flow,missing_original,True,,0.0
missing__missingindicator_original_revenue,missing_original,False,constant in training,0.0
missing__missingindicator_original_shares_outstanding,missing_original,True,,0.0
missing__missingindicator_original_short_term_debt,missing_original,True,,0.0
missing__missingindicator_original_total_assets,missing_original,False,constant in training,0.0
missing__missingindicator_original_total_debt,missing_original,True,,0.0
missing__missingindicator_original_total_liabilities,missing_original,True,,0.0
missing__missingindicator_original_turnover,missing_original,True,,0.0
missing__missingindicator_original_volume,missing_original,False,constant in training,0.0
missing__missingindicator_original_working_capital,missing_original,False,constant in training,0.0
missing__missingindicator_trend_accounts_receivable_change_1y,missing_trend,True,,0.0
missing__missingindicator_trend_accounts_receivable_change_2y,missing_trend,True,,0.0
missing__missingindicator_trend_accounts_receivable_change_3y,missing_trend,True,,0.0
missing__missingindicator_trend_accounts_receivable_growth_1y,missing_trend,True,,0.0
missing__missingindicator_trend_adjusted_price_change_1y,missing_trend,False,constant in training,0.0
missing__missingindicator_trend_adjusted_price_change_2y,missing_trend,True,,0.0
missing__missingindicator_trend_adjusted_price_change_3y,missing_trend,True,,0.0
missing__missingindicator_trend_adjusted_price_growth_1y,missing_trend,False,constant in training,0.0
missing__missingindicator_trend_adjusted_price_growth_2y,missing_trend,True,,0.0
missing__missingindicator_trend_adjusted_price_growth_3y,missing_trend,True,,0.0
missing__missingindicator_trend_adjusted_price_slope_3y,missing_trend,False,constant in training,0.0
missing__missingindicator_trend_capex_to_revenue_change_1y,missing_trend,True,,0.0
missing__missingindicator_trend_capex_to_revenue_change_2y,missing_trend,True,,0.0
missing__missingindicator_trend_capex_to_revenue_growth_2y,missing_trend,True,,0.0
missing__missingindicator_trend_capex_to_revenue_growth_3y,missing_trend,True,,0.0
missing__missingindicator_trend_capex_to_revenue_slope_3y,missing_trend,True,,0.0
missing__missingindicator_trend_capital_expenditures_change_1y,missing_trend,True,,0.0
missing__missingindicator_trend_capital_expenditures_change_2y,missing_trend,True,,0.0
missing__missingindicator_trend_capital_expenditures_growth_1y,missing_trend,True,,0.0
missing__missingindicator_trend_capital_expenditures_growth_3y,missing_trend,True,,0.0
missing__missingindicator_trend_cash_short_term_investments_change_1y,missing_trend,True,,0.0
missing__missingindicator_trend_cash_short_term_investments_change_2y,missing_trend,True,,0.0
missing__missingindicator_trend_cash_short_term_investments_change_3y,missing_trend,True,,0.0
missing__missingindicator_trend_cash_short_term_investments_growth_1y,missing_trend,True,,0.0
missing__missingindicator_trend_cash_short_term_investments_growth_2y,missing_trend,True,,0.0
missing__missingindicator_trend_cash_to_assets_change_1y,missing_trend,True,,0.0
missing__missingindicator_trend_cash_to_assets_change_2y,missing_trend,True,,0.0
missing__missingindicator_trend_cash_to_assets_change_3y,missing_trend,True,,0.0
missing__missingindicator_trend_cash_to_assets_growth_1y,missing_trend,True,,0.0
missing__missingindicator_trend_cash_to_assets_growth_2y,missing_trend,True,,0.0
missing__missingindicator_trend_cash_to_assets_growth_3y,missing_trend,True,,0.0
missing__missingindicator_trend_cash_to_assets_slope_3y,missing_trend,True,,0.0
missing__missingindicator_trend_current_assets_change_1y,missing_trend,True,,0.0
missing__missingindicator_trend_current_assets_change_3y,missing_trend,True,,0.0
missing__missingindicator_trend_current_assets_growth_2y,missing_trend,True,,0.0
missing__missingindicator_trend_current_assets_slope_3y,missing_trend,True,,0.0
missing__missingindicator_trend_current_liabilities_change_1y,missing_trend,True,,0.0
missing__missingindicator_trend_current_liabilities_change_2y,missing_trend,True,,0.0
missing__missingindicator_trend_current_liabilities_growth_1y,missing_trend,True,,0.0
missing__missingindicator_trend_current_liabilities_growth_2y,missing_trend,True,,0.0
missing__missingindicator_trend_current_liabilities_growth_3y,missing_trend,True,,0.0
missing__missingindicator_trend_current_liabilities_slope_3y,missing_trend,True,,0.0
missing__missingindicator_trend_current_ratio_change_1y,missing_trend,True,,0.0
missing__missingindicator_trend_current_ratio_change_2y,missing_trend,True,,0.0
missing__missingindicator_trend_current_ratio_growth_1y,missing_trend,True,,0.0
missing__missingindicator_trend_current_ratio_growth_2y,missing_trend,True,,0.0
missing__missingindicator_trend_current_ratio_slope_3y,missing_trend,True,,0.0
missing__missingindicator_trend_debt_to_assets_change_1y,missing_trend,True,,0.0
missing__missingindicator_trend_debt_to_assets_change_2y,missing_trend,True,,0.0
missing__missingindicator_trend_debt_to_assets_change_3y,missing_trend,True,,0.0
missing__missingindicator_trend_debt_to_assets_growth_2y,missing_trend,True,,0.0
missing__missingindicator_trend_debt_to_assets_growth_3y,missing_trend,True,,0.0
missing__missingindicator_trend_debt_to_assets_slope_3y,missing_trend,True,,0.0
missing__missingindicator_trend_debt_to_equity_change_3y,missing_trend,True,,0.0
missing__missingindicator_trend_debt_to_equity_growth_1y,missing_trend,True,,0.0
missing__missingindicator_trend_debt_to_equity_growth_2y,missing_trend,True,,0.0
missing__missingindicator_trend_depreciation_amortization_change_2y,missing_trend,True,,0.0
missing__missingindicator_trend_ebit_change_1y,missing_trend,True,,0.0
missing__missingindicator_trend_ebit_change_2y,missing_trend,True,,0.0
missing__missingindicator_trend_ebit_growth_2y,missing_trend,True,,0.0
missing__missingindicator_trend_ebit_margin_change_3y,missing_trend,True,,0.0
missing__missingindicator_trend_ebit_margin_growth_1y,missing_trend,True,,0.0
missing__missingindicator_trend_ebit_margin_growth_2y,missing_trend,True,,0.0
missing__missingindicator_trend_ebit_margin_growth_3y,missing_trend,True,,0.0
missing__missingindicator_trend_ebitda_change_1y,missing_trend,True,,0.0
missing__missingindicator_trend_ebitda_change_2y,missing_trend,True,,0.0
missing__missingindicator_trend_ebitda_change_3y,missing_trend,True,,0.0
missing__missingindicator_trend_ebitda_growth_1y,missing_trend,True,,0.0
missing__missingindicator_trend_ebitda_growth_3y,missing_trend,True,,0.0
missing__missingindicator_trend_ebitda_margin_growth_1y,missing_trend,True,,0.0
missing__missingindicator_trend_ebitda_margin_growth_3y,missing_trend,True,,0.0
missing__missingindicator_trend_free_cash_flow_change_1y,missing_trend,True,,0.0
missing__missingindicator_trend_free_cash_flow_change_2y,missing_trend,True,,0.0
missing__missingindicator_trend_free_cash_flow_growth_2y,missing_trend,True,,0.0
missing__missingindicator_trend_free_cash_flow_growth_3y,missing_trend,True,,0.0
missing__missingindicator_trend_free_cash_flow_slope_3y,missing_trend,True,,0.0
missing__missingindicator_trend_free_cash_flow_to_debt_change_1y,missing_trend,True,,0.0
missing__missingindicator_trend_free_cash_flow_to_debt_change_2y,missing_trend,True,,0.0
missing__missingindicator_trend_free_cash_flow_to_debt_change_3y,missing_trend,True,,0.0
missing__missingindicator_trend_free_cash_flow_to_debt_growth_1y,missing_trend,True,,0.0
missing__missingindicator_trend_free_cash_flow_to_debt_growth_2y,missing_trend,True,,0.0
missing__missingindicator_trend_free_cash_flow_to_debt_growth_3y,missing_trend,True,,0.0
missing__missingindicator_trend_free_cash_flow_to_debt_slope_3y,missing_trend,True,,0.0
missing__missingindicator_trend_interest_coverage_change_3y,missing_trend,True,,0.0
missing__missingindicator_trend_interest_coverage_growth_3y,missing_trend,True,,0.0
missing__missingindicator_trend_interest_expense_change_1y,missing_trend,True,,0.0
missing__missingindicator_trend_interest_expense_change_2y,missing_trend,True,,0.0
missing__missingindicator_trend_interest_expense_change_3y,missing_trend,True,,0.0
missing__missingindicator_trend_interest_expense_growth_1y,missing_trend,True,,0.0
missing__missingindicator_trend_interest_expense_growth_2y,missing_trend,True,,0.0
missing__missingindicator_trend_interest_expense_growth_3y,missing_trend,True,,0.0
missing__missingindicator_trend_interest_expense_slope_3y,missing_trend,True,,0.0
missing__missingindicator_trend_inventory_change_3y,missing_trend,True,,0.0
missing__missingindicator_trend_inventory_growth_2y,missing_trend,True,,0.0
missing__missingindicator_trend_inventory_growth_3y,missing_trend,True,,0.0
missing__missingindicator_trend_inventory_slope_3y,missing_trend,True,,0.0
missing__missingindicator_trend_liabilities_to_assets_change_2y,missing_trend,True,,0.0
missing__missingindicator_trend_liabilities_to_assets_change_3y,missing_trend,True,,0.0
missing__missingindicator_trend_liabilities_to_assets_growth_2y,missing_trend,True,,0.0
missing__missingindicator_trend_liabilities_to_assets_growth_3y,missing_trend,True,,0.0
missing__missingindicator_trend_liabilities_to_assets_slope_3y,missing_trend,True,,0.0
missing__missingindicator_trend_liabilities_to_equity_change_1y,missing_trend,True,,0.0
missing__missingindicator_trend_liabilities_to_equity_growth_1y,missing_trend,True,,0.0
missing__missingindicator_trend_liabilities_to_equity_growth_2y,missing_trend,True,,0.0
missing__missingindicator_trend_long_term_debt_change_1y,missing_trend,True,,0.0
missing__missingindicator_trend_long_term_debt_slope_3y,missing_trend,True,,0.0
missing__missingindicator_trend_market_cap_change_2y,missing_trend,True,,0.0
missing__missingindicator_trend_market_cap_change_3y,missing_trend,True,,0.0
missing__missingindicator_trend_market_cap_growth_2y,missing_trend,True,,0.0
missing__missingindicator_trend_market_cap_slope_3y,missing_trend,True,,0.0
missing__missingindicator_trend_market_to_book_change_1y,missing_trend,True,,0.0
missing__missingindicator_trend_market_to_book_change_3y,missing_trend,True,,0.0
missing__missingindicator_trend_market_to_book_growth_1y,missing_trend,True,,0.0
missing__missingindicator_trend_net_income_change_1y,missing_trend,True,,0.0
missing__missingindicator_trend_net_income_change_3y,missing_trend,True,,0.0
missing__missingindicator_trend_net_income_growth_1y,missing_trend,True,,0.0
missing__missingindicator_trend_net_income_growth_2y,missing_trend,True,,0.0
missing__missingindicator_trend_net_income_margin_change_3y,missing_trend,True,,0.0
missing__missingindicator_trend_net_income_slope_3y,missing_trend,True,,0.0
missing__missingindicator_trend_operating_cash_flow_change_1y,missing_trend,True,,0.0
missing__missingindicator_trend_operating_cash_flow_change_2y,missing_trend,True,,0.0
missing__missingindicator_trend_operating_cash_flow_change_3y,missing_trend,True,,0.0
missing__missingindicator_trend_operating_cash_flow_growth_1y,missing_trend,True,,0.0
missing__missingindicator_trend_operating_cash_flow_growth_2y,missing_trend,True,,0.0
missing__missingindicator_trend_operating_cash_flow_growth_3y,missing_trend,True,,0.0
missing__missingindicator_trend_operating_cash_flow_margin_change_3y,missing_trend,True,,0.0
missing__missingindicator_trend_operating_cash_flow_margin_growth_3y,missing_trend,True,,0.0
missing__missingindicator_trend_operating_cash_flow_margin_slope_3y,missing_trend,True,,0.0
missing__missingindicator_trend_operating_cash_flow_slope_3y,missing_trend,True,,0.0
missing__missingindicator_trend_operating_cash_flow_to_debt_change_1y,missing_trend,True,,0.0
missing__missingindicator_trend_operating_cash_flow_to_debt_change_3y,missing_trend,True,,0.0
missing__missingindicator_trend_operating_cash_flow_to_debt_growth_1y,missing_trend,True,,0.0
missing__missingindicator_trend_operating_cash_flow_to_debt_growth_2y,missing_trend,True,,0.0
missing__missingindicator_trend_operating_cash_flow_to_debt_growth_3y,missing_trend,True,,0.0
missing__missingindicator_trend_operating_cash_flow_to_debt_slope_3y,missing_trend,True,,0.0
missing__missingindicator_trend_revenue_change_1y,missing_trend,True,,0.0
missing__missingindicator_trend_revenue_change_2y,missing_trend,True,,0.0
missing__missingindicator_trend_revenue_change_3y,missing_trend,True,,0.0
missing__missingindicator_trend_revenue_growth_1y,missing_trend,True,,0.0
missing__missingindicator_trend_revenue_growth_2y,missing_trend,True,,0.0
missing__missingindicator_trend_revenue_growth_3y,missing_trend,True,,0.0
missing__missingindicator_trend_shareholders_equity_growth_1y,missing_trend,True,,0.0
missing__missingindicator_trend_shareholders_equity_growth_2y,missing_trend,True,,0.0
missing__missingindicator_trend_shares_outstanding_change_1y,missing_trend,True,,0.0
missing__missingindicator_trend_shares_outstanding_growth_1y,missing_trend,True,,0.0
missing__missingindicator_trend_shares_outstanding_growth_2y,missing_trend,True,,0.0
missing__missingindicator_trend_shares_outstanding_growth_3y,missing_trend,True,,0.0
missing__missingindicator_trend_short_term_debt_change_2y,missing_trend,True,,0.0
missing__missingindicator_trend_short_term_debt_change_3y,missing_trend,True,,0.0
missing__missingindicator_trend_short_term_debt_growth_2y,missing_trend,True,,0.0
missing__missingindicator_trend_short_term_debt_slope_3y,missing_trend,True,,0.0
missing__missingindicator_trend_total_assets_change_1y,missing_trend,True,,0.0
missing__missingindicator_trend_total_assets_growth_1y,missing_trend,True,,0.0
missing__missingindicator_trend_total_assets_growth_2y,missing_trend,True,,0.0
missing__missingindicator_trend_total_assets_slope_3y,missing_trend,True,,0.0
missing__missingindicator_trend_total_debt_change_1y,missing_trend,True,,0.0
missing__missingindicator_trend_total_debt_change_2y,missing_trend,True,,0.0
missing__missingindicator_trend_total_liabilities_change_1y,missing_trend,True,,0.0
missing__missingindicator_trend_total_liabilities_change_2y,missing_trend,True,,0.0
missing__missingindicator_trend_total_liabilities_change_3y,missing_trend,True,,0.0
missing__missingindicator_trend_total_liabilities_growth_1y,missing_trend,True,,0.0
missing__missingindicator_trend_total_liabilities_growth_2y,missing_trend,True,,0.0
missing__missingindicator_trend_turnover_change_1y,missing_trend,True,,0.0
missing__missingindicator_trend_turnover_change_2y,missing_trend,True,,0.0
missing__missingindicator_trend_turnover_change_3y,missing_trend,True,,0.0
missing__missingindicator_trend_turnover_growth_1y,missing_trend,True,,0.0
missing__missingindicator_trend_turnover_growth_2y,missing_trend,True,,0.0
missing__missingindicator_trend_turnover_slope_3y,missing_trend,True,,0.0
missing__missingindicator_trend_volume_change_1y,missing_trend,False,constant in training,0.0
missing__missingindicator_trend_volume_change_2y,missing_trend,True,,0.0
missing__missingindicator_trend_volume_change_3y,missing_trend,True,,0.0
missing__missingindicator_trend_volume_growth_1y,missing_trend,True,,0.0
missing__missingindicator_trend_volume_growth_2y,missing_trend,True,,0.0
missing__missingindicator_trend_volume_growth_3y,missing_trend,True,,0.0
missing__missingindicator_trend_volume_slope_3y,missing_trend,False,constant in training,0.0
missing__missingindicator_trend_working_capital_change_1y,missing_trend,True,,0.0
missing__missingindicator_trend_working_capital_change_2y,missing_trend,True,,0.0
missing__missingindicator_trend_working_capital_change_3y,missing_trend,True,,0.0
missing__missingindicator_trend_working_capital_growth_1y,missing_trend,True,,0.0
missing__missingindicator_trend_working_capital_growth_2y,missing_trend,True,,0.0
missing__missingindicator_trend_working_capital_growth_3y,missing_trend,True,,0.0
missing__missingindicator_trend_working_capital_to_assets_change_1y,missing_trend,True,,0.0
missing__missingindicator_trend_working_capital_to_assets_change_2y,missing_trend,True,,0.0
missing__missingindicator_trend_working_capital_to_assets_change_3y,missing_trend,True,,0.0
missing__missingindicator_trend_working_capital_to_assets_growth_1y,missing_trend,True,,0.0
missing__missingindicator_trend_working_capital_to_assets_growth_2y,missing_trend,True,,0.0
numeric__original_adjusted_price,original,True,,0.0
numeric__original_market_monthly_price_00,original,True,,0.0
numeric__original_market_monthly_price_01,original,True,,0.0
numeric__original_market_monthly_price_02,original,True,,0.0
numeric__original_market_monthly_price_03,original,True,,0.0
numeric__original_market_monthly_price_04,original,True,,0.0
numeric__original_market_monthly_price_05,original,True,,0.0
numeric__original_market_monthly_price_06,original,True,,0.0
numeric__original_market_monthly_price_07,original,True,,0.0
numeric__original_market_monthly_price_08,original,True,,0.0
numeric__original_market_monthly_price_09,original,True,,0.0
numeric__original_market_monthly_price_10,original,True,,0.0
numeric__original_market_monthly_price_11,original,True,,0.0
numeric__original_market_monthly_price_12,original,True,,0.0
numeric__trend_adjusted_price_change_1y,trend,True,,0.0
numeric__trend_adjusted_price_change_2y,trend,True,,0.0
numeric__trend_adjusted_price_change_3y,trend,True,,0.0
numeric__trend_adjusted_price_slope_3y,trend,True,,0.0
numeric__trend_debt_to_equity_growth_2y,trend,True,,0.0
