company_id,prediction_date,metadata_event_id,fold,target,prediction_probability,predicted_target,prediction_split,prediction_year,split,company_group_id,metadata_outcome_end_date
NB_1398,2008-08-08,NB_1398@2008-08-08,fold_1,0,0.47882382334332907,0,walk_forward_oof_validation,,,,
NB_1404,2008-08-08,NB_1404@2008-08-08,fold_1,0,0.5044229130524233,0,walk_forward_oof_validation,,,,
SA_153,2008-08-08,SA_153@2008-08-08,fold_1,1,0.5059487233514381,0,walk_forward_oof_validation,,,,
NB_390,2008-11-20,NB_390@2008-11-20,fold_1,0,0.4610886558513671,0,walk_forward_oof_validation,,,,
SA_211,2008-11-20,SA_211@2008-11-20,fold_1,1,0.5737148141776228,1,walk_forward_oof_validation,,,,
NB_2797,2008-11-23,NB_2797@2008-11-23,fold_1,0,0.5716846009178005,1,walk_forward_oof_validation,,,,
NB_2798,2008-11-23,NB_2798@2008-11-23,fold_1,0,0.5784467443091589,1,walk_forward_oof_validation,,,,
NB_283,2008-11-23,NB_283@2008-11-23,fold_1,0,0.4893861633835789,0,walk_forward_oof_validation,,,,
NB_607,2008-11-23,NB_607@2008-11-23,fold_1,0,0.627971677734726,1,walk_forward_oof_validation,,,,
SA_27,2008-11-23,SA_27@2008-11-23,fold_1,1,0.5656500095299589,1,walk_forward_oof_validation,,,,
NB_1385,2008-12-18,NB_1385@2008-12-18,fold_1,0,0.45709057709859563,0,walk_forward_oof_validation,,,,
NB_2105,2008-12-18,NB_2105@2008-12-18,fold_1,0,0.48236281867744585,0,walk_forward_oof_validation,,,,
NB_591,2008-12-18,NB_591@2008-12-18,fold_1,0,0.45254182593074604,0,walk_forward_oof_validation,,,,
SA_171,2008-12-18,SA_171@2008-12-18,fold_1,1,0.5738466292062824,1,walk_forward_oof_validation,,,,
NB_2458,2008-12-27,NB_2458@2008-12-27,fold_1,0,0.5769739661248239,1,walk_forward_oof_validation,,,,
SA_243,2008-12-27,SA_243@2008-12-27,fold_1,1,0.5126084018621639,0,walk_forward_oof_validation,,,,
NB_968,2008-12-31,NB_968@2008-12-31,fold_1,0,0.5649338966543239,1,walk_forward_oof_validation,,,,
SA_309,2008-12-31,SA_309@2008-12-31,fold_1,1,0.6212420448675623,1,walk_forward_oof_validation,,,,
NB_1455,2009-01-19,NB_1455@2009-01-19,fold_1,0,0.4497622990447505,0,walk_forward_oof_validation,,,,
SA_115,2009-01-19,SA_115@2009-01-19,fold_1,1,0.5622789852918656,1,walk_forward_oof_validation,,,,
NB_2212,2009-01-20,NB_2212@2009-01-20,fold_1,0,0.49357474704709625,0,walk_forward_oof_validation,,,,
SA_7,2009-01-20,SA_7@2009-01-20,fold_1,1,0.5255130948526276,0,walk_forward_oof_validation,,,,
NB_1775,2009-02-27,NB_1775@2009-02-27,fold_1,0,0.49604985300474114,0,walk_forward_oof_validation,,,,
NB_1830,2009-02-27,NB_1830@2009-02-27,fold_1,0,0.46321700679899735,0,walk_forward_oof_validation,,,,
NB_61,2009-02-27,NB_61@2009-02-27,fold_1,0,0.4616125750442809,0,walk_forward_oof_validation,,,,
NB_780,2009-02-27,NB_780@2009-02-27,fold_1,0,0.566102335511373,1,walk_forward_oof_validation,,,,
SA_129,2009-02-27,SA_129@2009-02-27,fold_1,1,0.6006725904441845,1,walk_forward_oof_validation,,,,
SA_202,2009-02-27,SA_202@2009-02-27,fold_1,1,0.628666730800077,1,walk_forward_oof_validation,,,,
NB_2587,2009-04-08,NB_2587@2009-04-08,fold_1,0,0.4606702779394892,0,walk_forward_oof_validation,,,,
NB_476,2009-04-08,NB_476@2009-04-08,fold_1,0,0.5722384856265357,1,walk_forward_oof_validation,,,,
NB_968,2009-04-08,NB_968@2009-04-08,fold_1,0,0.5653771996225507,1,walk_forward_oof_validation,,,,
SA_102,2009-04-08,SA_102@2009-04-08,fold_1,1,0.6022342634174082,1,walk_forward_oof_validation,,,,
NB_1197,2009-07-03,NB_1197@2009-07-03,fold_1,0,0.5149278899727421,0,walk_forward_oof_validation,,,,
NB_904,2009-07-03,NB_904@2009-07-03,fold_1,0,0.47675696890735425,0,walk_forward_oof_validation,,,,
SA_248,2009-07-03,SA_248@2009-07-03,fold_1,1,0.5351984942121919,1,walk_forward_oof_validation,,,,
NB_1398,2009-08-17,NB_1398@2009-08-17,fold_1,0,0.48107912092439215,0,walk_forward_oof_validation,,,,
NB_2477,2009-08-17,NB_2477@2009-08-17,fold_1,0,0.46230785860540385,0,walk_forward_oof_validation,,,,
NB_998,2009-08-17,NB_998@2009-08-17,fold_1,0,0.4665553824559614,0,walk_forward_oof_validation,,,,
SA_164,2009-08-17,SA_164@2009-08-17,fold_1,1,0.546649005104756,1,walk_forward_oof_validation,,,,
NB_2671,2010-06-25,NB_2671@2010-06-25,fold_2,0,0.42247879133806016,0,walk_forward_oof_validation,,,,
NB_446,2010-06-25,NB_446@2010-06-25,fold_2,0,0.49137040806667687,0,walk_forward_oof_validation,,,,
SA_40,2010-06-25,SA_40@2010-06-25,fold_2,1,0.5874086741525469,1,walk_forward_oof_validation,,,,
NB_2944,2011-02-23,NB_2944@2011-02-23,fold_2,0,0.4155274079906841,0,walk_forward_oof_validation,,,,
NB_335,2011-02-23,NB_335@2011-02-23,fold_2,0,0.48321037109142856,0,walk_forward_oof_validation,,,,
SA_209,2011-02-23,SA_209@2011-02-23,fold_2,1,0.5524819613765501,1,walk_forward_oof_validation,,,,
SA_307,2011-08-04,SA_307@2011-08-04,fold_2,1,0.44683826183244757,0,walk_forward_oof_validation,,,,
NB_206,2011-08-09,NB_206@2011-08-09,fold_2,0,0.46006526736019515,0,walk_forward_oof_validation,,,,
SA_186,2011-08-09,SA_186@2011-08-09,fold_2,1,0.5580633262571281,1,walk_forward_oof_validation,,,,
NB_1325,2011-10-06,NB_1325@2011-10-06,fold_2,0,0.4650136862017017,0,walk_forward_oof_validation,,,,
NB_1352,2011-10-06,NB_1352@2011-10-06,fold_2,0,0.49628022002383754,0,walk_forward_oof_validation,,,,
NB_2021,2011-10-06,NB_2021@2011-10-06,fold_2,0,0.4668866496119824,0,walk_forward_oof_validation,,,,
NB_249,2011-10-06,NB_249@2011-10-06,fold_2,0,0.5279714967898612,0,walk_forward_oof_validation,,,,
NB_2775,2011-10-06,NB_2775@2011-10-06,fold_2,0,0.49674984150068097,0,walk_forward_oof_validation,,,,
SA_274,2011-10-06,SA_274@2011-10-06,fold_2,1,0.49368252722097733,0,walk_forward_oof_validation,,,,
NB_2041,2011-11-16,NB_2041@2011-11-16,fold_2,0,0.4921999804357319,0,walk_forward_oof_validation,,,,
NB_252,2011-11-16,NB_252@2011-11-16,fold_2,0,0.470946257629849,0,walk_forward_oof_validation,,,,
SA_64,2011-11-16,SA_64@2011-11-16,fold_2,1,0.567709079115466,1,walk_forward_oof_validation,,,,
NB_2378,2012-01-13,NB_2378@2012-01-13,fold_2,0,0.4818425568863923,0,walk_forward_oof_validation,,,,
NB_2704,2012-01-13,NB_2704@2012-01-13,fold_2,0,0.4121862884846637,0,walk_forward_oof_validation,,,,
NB_2972,2012-01-13,NB_2972@2012-01-13,fold_2,0,0.40926420479799147,0,walk_forward_oof_validation,,,,
NB_594,2012-01-13,NB_594@2012-01-13,fold_2,0,0.4283713766912293,0,walk_forward_oof_validation,,,,
SA_113,2012-01-13,SA_113@2012-01-13,fold_2,1,0.5802477198786119,1,walk_forward_oof_validation,,,,
NB_1975,2012-05-19,NB_1975@2012-05-19,fold_2,0,0.4426458384886895,0,walk_forward_oof_validation,,,,
NB_390,2012-05-19,NB_390@2012-05-19,fold_2,0,0.4471261792977015,0,walk_forward_oof_validation,,,,
SA_29,2012-05-19,SA_29@2012-05-19,fold_2,1,0.5842793457503422,1,walk_forward_oof_validation,,,,
SA_65,2012-08-16,SA_65@2012-08-16,fold_2,1,0.5794617668941701,1,walk_forward_oof_validation,,,,
NB_212,2012-10-30,NB_212@2012-10-30,fold_2,0,0.4998426347560005,0,walk_forward_oof_validation,,,,
NB_40,2012-10-30,NB_40@2012-10-30,fold_2,0,0.4022110572838285,0,walk_forward_oof_validation,,,,
NB_544,2012-10-30,NB_544@2012-10-30,fold_2,0,0.4521862916066466,0,walk_forward_oof_validation,,,,
SA_72,2012-10-30,SA_72@2012-10-30,fold_2,1,0.5502742784919032,1,walk_forward_oof_validation,,,,
SA_74,2012-10-30,SA_74@2012-10-30,fold_2,1,0.5608140098893322,1,walk_forward_oof_validation,,,,
NB_160,2013-01-08,NB_160@2013-01-08,fold_3,0,0.4360345812999893,0,walk_forward_oof_validation,,,,
NB_2020,2013-01-08,NB_2020@2013-01-08,fold_3,0,0.4106288395109649,0,walk_forward_oof_validation,,,,
NB_248,2013-01-08,NB_248@2013-01-08,fold_3,0,0.384748924277838,0,walk_forward_oof_validation,,,,
NB_704,2013-01-08,NB_704@2013-01-08,fold_3,0,0.37854962048718116,0,walk_forward_oof_validation,,,,
SA_18,2013-01-08,SA_18@2013-01-08,fold_3,1,0.5836123077605582,1,walk_forward_oof_validation,,,,
NB_1728,2013-06-19,NB_1728@2013-06-19,fold_3,0,0.3858099889182318,0,walk_forward_oof_validation,,,,
SA_205,2013-06-19,SA_205@2013-06-19,fold_3,1,0.5853233716935744,1,walk_forward_oof_validation,,,,
NB_1596,2013-12-23,NB_1596@2013-12-23,fold_3,0,0.4472867068385032,0,walk_forward_oof_validation,,,,
SA_41,2013-12-23,SA_41@2013-12-23,fold_3,1,0.5391302967205638,1,walk_forward_oof_validation,,,,
NB_2105,2014-01-11,NB_2105@2014-01-11,fold_3,0,0.46406260178810566,0,walk_forward_oof_validation,,,,
NB_2944,2014-01-11,NB_2944@2014-01-11,fold_3,0,0.41704824029007526,0,walk_forward_oof_validation,,,,
SA_137,2014-01-11,SA_137@2014-01-11,fold_3,1,0.5491783392400466,1,walk_forward_oof_validation,,,,
NB_1455,2014-11-07,NB_1455@2014-11-07,fold_3,0,0.4141728294078186,0,walk_forward_oof_validation,,,,
NB_2477,2014-11-07,NB_2477@2014-11-07,fold_3,0,0.4375745008550508,0,walk_forward_oof_validation,,,,
NB_2671,2014-11-07,NB_2671@2014-11-07,fold_3,0,0.3800438841320334,0,walk_forward_oof_validation,,,,
SA_76,2014-11-07,SA_76@2014-11-07,fold_3,1,0.6022271758813049,1,walk_forward_oof_validation,,,,
NB_2240,2014-12-03,NB_2240@2014-12-03,fold_3,0,0.43688915356857283,0,walk_forward_oof_validation,,,,
NB_2434,2014-12-03,NB_2434@2014-12-03,fold_3,0,0.42703308414296803,0,walk_forward_oof_validation,,,,
NB_468,2014-12-03,NB_468@2014-12-03,fold_3,0,0.5320241160322534,0,walk_forward_oof_validation,,,,
NB_868,2014-12-03,NB_868@2014-12-03,fold_3,0,0.4664058034197185,0,walk_forward_oof_validation,,,,
SA_191,2014-12-03,SA_191@2014-12-03,fold_3,1,0.5499910895311237,1,walk_forward_oof_validation,,,,
SA_149,2014-12-12,SA_149@2014-12-12,fold_3,1,0.5181146431089148,0,walk_forward_oof_validation,,,,
NB_1487,2014-12-17,NB_1487@2014-12-17,fold_3,0,0.5365010181343155,1,walk_forward_oof_validation,,,,
SA_6,2014-12-17,SA_6@2014-12-17,fold_3,1,0.6001193137806073,1,walk_forward_oof_validation,,,,
NB_1796,2015-03-27,NB_1796@2015-03-27,fold_3,0,0.3662233469301523,0,walk_forward_oof_validation,,,,
NB_2278,2015-03-27,NB_2278@2015-03-27,fold_3,0,0.42461097426617067,0,walk_forward_oof_validation,,,,
SA_272,2015-03-27,SA_272@2015-03-27,fold_3,1,0.581665870858034,1,walk_forward_oof_validation,,,,
NB_1567,2015-04-16,NB_1567@2015-04-16,fold_3,0,0.5272130606685604,0,walk_forward_oof_validation,,,,
NB_1796,2015-04-16,NB_1796@2015-04-16,fold_3,0,0.3790699522751502,0,walk_forward_oof_validation,,,,
NB_2771,2015-04-16,NB_2771@2015-04-16,fold_3,0,0.44038924391965717,0,walk_forward_oof_validation,,,,
NB_712,2015-04-16,NB_712@2015-04-16,fold_3,0,0.4267766459434466,0,walk_forward_oof_validation,,,,
SA_44,2015-04-16,SA_44@2015-04-16,fold_3,1,0.5819478304534765,1,walk_forward_oof_validation,,,,
SA_82,2015-04-16,SA_82@2015-04-16,fold_3,1,0.6456362845368975,1,walk_forward_oof_validation,,,,
SA_221,2015-05-05,SA_221@2015-05-05,fold_3,1,0.6643609191551108,1,walk_forward_oof_validation,,,,
NB_273,2015-05-15,NB_273@2015-05-15,fold_3,0,0.5210153335512779,0,walk_forward_oof_validation,,,,
NB_868,2015-05-15,NB_868@2015-05-15,fold_3,0,0.47285111833848553,0,walk_forward_oof_validation,,,,
SA_154,2015-05-15,SA_154@2015-05-15,fold_3,1,0.6297543383310181,1,walk_forward_oof_validation,,,,
NB_1266,2015-11-10,NB_1266@2015-11-10,fold_3,0,0.4910399316188569,0,walk_forward_oof_validation,,,,
NB_1911,2015-11-10,NB_1911@2015-11-10,fold_3,0,0.5847417895808745,1,walk_forward_oof_validation,,,,
NB_424,2015-11-10,NB_424@2015-11-10,fold_3,0,0.4565450760236928,0,walk_forward_oof_validation,,,,
NB_438,2015-11-10,NB_438@2015-11-10,fold_3,0,0.4236599413340479,0,walk_forward_oof_validation,,,,
SA_276,2015-11-10,SA_276@2015-11-10,fold_3,1,0.5586176497317139,1,walk_forward_oof_validation,,,,
NB_2059,2015-11-27,NB_2059@2015-11-27,fold_3,0,0.45578510141770184,0,walk_forward_oof_validation,,,,
NB_737,2015-11-27,NB_737@2015-11-27,fold_3,0,0.4904936391105896,0,walk_forward_oof_validation,,,,
SA_174,2015-11-27,SA_174@2015-11-27,fold_3,1,0.5895914420857222,1,walk_forward_oof_validation,,,,
NB_1026,2016-01-22,NB_1026@2016-01-22,fold_4,0,0.37196233382882704,0,walk_forward_oof_validation,,,,
NB_1193,2016-01-22,NB_1193@2016-01-22,fold_4,0,0.5205937642088627,0,walk_forward_oof_validation,,,,
SA_55,2016-01-22,SA_55@2016-01-22,fold_4,1,0.7634060796000102,1,walk_forward_oof_validation,,,,
SA_180,2016-02-02,SA_180@2016-02-02,fold_4,1,0.5808477193209244,1,walk_forward_oof_validation,,,,
NB_1455,2016-02-04,NB_1455@2016-02-04,fold_4,0,0.36486103115753077,0,walk_forward_oof_validation,,,,
SA_224,2016-02-04,SA_224@2016-02-04,fold_4,1,0.5974916494146691,1,walk_forward_oof_validation,,,,
NB_2967,2016-02-15,NB_2967@2016-02-15,fold_4,0,0.6657753362511676,1,walk_forward_oof_validation,,,,
SA_256,2016-02-15,SA_256@2016-02-15,fold_4,1,0.6651911404136821,1,walk_forward_oof_validation,,,,
NB_1707,2016-02-16,NB_1707@2016-02-16,fold_4,0,0.37382357568377556,0,walk_forward_oof_validation,,,,
NB_1732,2016-02-16,NB_1732@2016-02-16,fold_4,0,0.4849793091910442,0,walk_forward_oof_validation,,,,
SA_282,2016-02-16,SA_282@2016-02-16,fold_4,1,0.6962967671255132,1,walk_forward_oof_validation,,,,
NB_3012,2016-03-09,NB_3012@2016-03-09,fold_4,0,0.5234251176424116,0,walk_forward_oof_validation,,,,
NB_424,2016-03-09,NB_424@2016-03-09,fold_4,0,0.4595527693076672,0,walk_forward_oof_validation,,,,
NB_468,2016-03-09,NB_468@2016-03-09,fold_4,0,0.570163678563281,1,walk_forward_oof_validation,,,,
NB_762,2016-03-09,NB_762@2016-03-09,fold_4,0,0.44210539141341554,0,walk_forward_oof_validation,,,,
NB_941,2016-03-09,NB_941@2016-03-09,fold_4,0,0.3888895799813274,0,walk_forward_oof_validation,,,,
SA_109,2016-03-09,SA_109@2016-03-09,fold_4,1,0.6649510837785902,1,walk_forward_oof_validation,,,,
NB_1814,2016-05-03,NB_1814@2016-05-03,fold_4,0,0.4525821070894139,0,walk_forward_oof_validation,,,,
NB_2477,2016-05-03,NB_2477@2016-05-03,fold_4,0,0.4762668560417751,0,walk_forward_oof_validation,,,,
NB_2860,2016-05-03,NB_2860@2016-05-03,fold_4,0,0.4106385346945519,0,walk_forward_oof_validation,,,,
SA_304,2016-05-03,SA_304@2016-05-03,fold_4,1,0.6110623362426993,1,walk_forward_oof_validation,,,,
NB_1167,2016-06-18,NB_1167@2016-06-18,fold_4,0,0.6310863329899205,1,walk_forward_oof_validation,,,,
NB_1875,2016-06-18,NB_1875@2016-06-18,fold_4,0,0.4527611569322074,0,walk_forward_oof_validation,,,,
SA_81,2016-06-18,SA_81@2016-06-18,fold_4,1,0.5486976010272642,1,walk_forward_oof_validation,,,,
NB_2240,2017-05-28,NB_2240@2017-05-28,fold_4,0,0.3839030279646664,0,walk_forward_oof_validation,,,,
SA_236,2017-05-28,SA_236@2017-05-28,fold_4,1,0.5357519496699888,1,walk_forward_oof_validation,,,,
SA_292,2017-09-15,SA_292@2017-09-15,fold_4,1,0.7190718724125349,1,walk_forward_oof_validation,,,,
NB_1664,2017-09-20,NB_1664@2017-09-20,fold_4,0,0.46906748704431367,0,walk_forward_oof_validation,,,,
NB_2997,2017-09-20,NB_2997@2017-09-20,fold_4,0,0.44154018344779683,0,walk_forward_oof_validation,,,,
NB_340,2017-09-20,NB_340@2017-09-20,fold_4,0,0.5000513936402523,0,walk_forward_oof_validation,,,,
NB_899,2017-09-20,NB_899@2017-09-20,fold_4,0,0.4711680656512059,0,walk_forward_oof_validation,,,,
SA_62,2017-09-20,SA_62@2017-09-20,fold_4,1,0.5441937860446053,1,walk_forward_oof_validation,,,,
NB_1048,2017-10-17,NB_1048@2017-10-17,fold_4,0,0.42064357333721003,0,walk_forward_oof_validation,,,,
NB_1487,2017-10-17,NB_1487@2017-10-17,fold_4,0,0.45108709856716506,0,walk_forward_oof_validation,,,,
NB_1814,2017-10-17,NB_1814@2017-10-17,fold_4,0,0.33443820759335596,0,walk_forward_oof_validation,,,,
NB_1898,2017-10-17,NB_1898@2017-10-17,fold_4,0,0.6499497138980385,1,walk_forward_oof_validation,,,,
NB_678,2017-10-17,NB_678@2017-10-17,fold_4,0,0.5009259186652465,0,walk_forward_oof_validation,,,,
SA_232,2017-10-17,SA_232@2017-10-17,fold_4,1,0.6740511071538086,1,walk_forward_oof_validation,,,,
NB_698,2017-11-04,NB_698@2017-11-04,fold_4,0,0.35940417615724235,0,walk_forward_oof_validation,,,,
SA_151,2017-11-04,SA_151@2017-11-04,fold_4,1,0.5342924787555884,1,walk_forward_oof_validation,,,,
SA_250,2017-12-12,SA_250@2017-12-12,fold_4,1,0.5386557594337376,1,walk_forward_oof_validation,,,,
NB_1538,2018-02-17,NB_1538@2018-02-17,fold_4,0,0.40801320610156344,0,walk_forward_oof_validation,,,,
SA_46,2018-02-17,SA_46@2018-02-17,fold_4,1,0.645894928076691,1,walk_forward_oof_validation,,,,
NB_1732,2018-07-17,NB_1732@2018-07-17,fold_4,0,0.41529628639897775,0,walk_forward_oof_validation,,,,
NB_2097,2018-07-17,NB_2097@2018-07-17,fold_4,0,0.5177396012943325,0,walk_forward_oof_validation,,,,
SA_288,2018-07-17,SA_288@2018-07-17,fold_4,1,0.7290694880461416,1,walk_forward_oof_validation,,,,
NB_2097,2018-08-02,NB_2097@2018-08-02,fold_4,0,0.5156838998719548,0,walk_forward_oof_validation,,,,
NB_416,2018-08-02,NB_416@2018-08-02,fold_4,0,0.5163445677890675,0,walk_forward_oof_validation,,,,
NB_447,2018-08-02,NB_447@2018-08-02,fold_4,0,0.3812946358687839,0,walk_forward_oof_validation,,,,
SA_112,2018-08-02,SA_112@2018-08-02,fold_4,1,0.6349130620150727,1,walk_forward_oof_validation,,,,
NB_1343,2018-11-27,NB_1343@2018-11-27,fold_4,0,0.496355181595523,0,walk_forward_oof_validation,,,,
SA_289,2018-11-27,SA_289@2018-11-27,fold_4,1,0.7691588489844561,1,walk_forward_oof_validation,,,,
NB_1089,2018-12-14,NB_1089@2018-12-14,fold_4,0,0.5300899299129246,0,walk_forward_oof_validation,,,,
NB_1912,2018-12-14,NB_1912@2018-12-14,fold_4,0,0.35263293299430926,0,walk_forward_oof_validation,,,,
NB_468,2018-12-14,NB_468@2018-12-14,fold_4,0,0.45441908043061313,0,walk_forward_oof_validation,,,,
SA_69,2018-12-14,SA_69@2018-12-14,fold_4,1,0.5780481300752633,1,walk_forward_oof_validation,,,,
NB_1025,2019-07-05,NB_1025@2019-07-05,,0,0.6123584304263509,1,final_test,2019.0,test,group:NB_1025,2020-07-05
NB_1025,2020-04-13,NB_1025@2020-04-13,,0,0.636373480983705,1,final_test,2020.0,test,group:NB_1025,2021-04-13
NB_1168,2020-05-04,NB_1168@2020-05-04,,0,0.4956062557270299,0,final_test,2020.0,test,group:NB_1168,2021-05-04
NB_1206,2020-04-13,NB_1206@2020-04-13,,0,0.3911470070516022,0,final_test,2020.0,test,group:NB_1206,2021-04-13
NB_1440,2020-05-04,NB_1440@2020-05-04,,0,0.3985879358671701,0,final_test,2020.0,test,group:NB_1440,2021-05-04
NB_1464,2021-06-02,NB_1464@2021-06-02,,0,0.4041027405485283,0,final_test,2021.0,test,group:NB_1464,2022-06-02
NB_1482,2020-03-03,NB_1482@2020-03-03,,0,0.4241259229577118,0,final_test,2020.0,test,group:NB_1482,2021-03-03
NB_1487,2019-10-23,NB_1487@2019-10-23,,0,0.46694332605849365,0,final_test,2019.0,test,group:NB_1487,2020-10-23
NB_1548,2020-02-18,NB_1548@2020-02-18,,0,0.3686038270199588,0,final_test,2020.0,test,group:NB_1548,2021-02-18
NB_1551,2020-01-08,NB_1551@2020-01-08,,0,0.5085774586267611,0,final_test,2020.0,test,group:NB_1551,2021-01-08
NB_156,2020-04-27,NB_156@2020-04-27,,0,0.6063377183444323,1,final_test,2020.0,test,group:NB_156,2021-04-27
NB_1567,2019-03-20,NB_1567@2019-03-20,,0,0.47060368919616574,0,final_test,2019.0,test,group:NB_1567,2020-03-20
NB_1570,2020-05-04,NB_1570@2020-05-04,,0,0.3972168883092677,0,final_test,2020.0,test,group:NB_1570,2021-05-04
NB_1630,2020-02-18,NB_1630@2020-02-18,,0,0.4293915741446985,0,final_test,2020.0,test,group:NB_1630,2021-02-18
NB_1814,2019-01-14,NB_1814@2019-01-14,,0,0.36326143459510934,0,final_test,2019.0,test,group:NB_1814,2020-01-14
NB_1841,2020-04-13,NB_1841@2020-04-13,,0,0.41856437035910266,0,final_test,2020.0,test,group:NB_1841,2021-04-13
NB_1850,2020-04-13,NB_1850@2020-04-13,,0,0.4320426956069441,0,final_test,2020.0,test,group:NB_1850,2021-04-13
NB_1912,2020-04-27,NB_1912@2020-04-27,,0,0.4331419478373868,0,final_test,2020.0,test,group:NB_1912,2021-04-27
NB_1989,2020-02-19,NB_1989@2020-02-19,,0,0.5829553730978748,1,final_test,2020.0,test,group:NB_1989,2021-02-19
NB_2097,2019-02-10,NB_2097@2019-02-10,,0,0.5151373485527235,0,final_test,2019.0,test,group:NB_2097,2020-02-10
NB_2180,2019-07-05,NB_2180@2019-07-05,,0,0.41739582783737,0,final_test,2019.0,test,group:NB_2180,2020-07-05
NB_2182,2020-05-04,NB_2182@2020-05-04,,0,0.4709299428615855,0,final_test,2020.0,test,group:NB_2182,2021-05-04
NB_2199,2020-04-13,NB_2199@2020-04-13,,0,0.4399729036296855,0,final_test,2020.0,test,group:NB_2199,2021-04-13
NB_2219,2021-06-02,NB_2219@2021-06-02,,0,0.41610859510110654,0,final_test,2021.0,test,group:NB_2219,2022-06-02
NB_2265,2019-12-11,NB_2265@2019-12-11,,0,0.5046603608152527,0,final_test,2019.0,test,group:NB_2265,2020-12-11
NB_2271,2019-12-11,NB_2271@2019-12-11,,0,0.48905185583591304,0,final_test,2019.0,test,group:NB_2271,2020-12-11
NB_2324,2019-05-13,NB_2324@2019-05-13,,0,0.5043380342537744,0,final_test,2019.0,test,group:NB_2324,2020-05-13
NB_2402,2020-02-20,NB_2402@2020-02-20,,0,0.3774431967017379,0,final_test,2020.0,test,group:NB_2402,2021-02-20
NB_2482,2019-11-19,NB_2482@2019-11-19,,0,0.4099408399189286,0,final_test,2019.0,test,group:NB_2482,2020-11-19
NB_2505,2019-10-23,NB_2505@2019-10-23,,0,0.4631643844813013,0,final_test,2019.0,test,group:NB_2505,2020-10-23
NB_2771,2019-12-11,NB_2771@2019-12-11,,0,0.38424130767830444,0,final_test,2019.0,test,group:NB_2771,2020-12-11
NB_2854,2020-04-13,NB_2854@2020-04-13,,0,0.4759522576253835,0,final_test,2020.0,test,group:NB_2854,2021-04-13
NB_2866,2021-06-02,NB_2866@2021-06-02,,0,0.5085604134933432,0,final_test,2021.0,test,group:NB_2866,2022-06-02
NB_2875,2020-04-13,NB_2875@2020-04-13,,0,0.4808862319920676,0,final_test,2020.0,test,group:NB_2875,2021-04-13
NB_2908,2021-06-02,NB_2908@2021-06-02,,0,0.43593506617542005,0,final_test,2021.0,test,group:NB_2908,2022-06-02
NB_3004,2019-01-14,NB_3004@2019-01-14,,0,0.46476532327274606,0,final_test,2019.0,test,group:NB_3004,2020-01-14
NB_3017,2020-03-17,NB_3017@2020-03-17,,0,0.525120921020931,0,final_test,2020.0,test,group:NB_3017,2021-03-17
NB_416,2020-05-04,NB_416@2020-05-04,,0,0.5495042975443922,1,final_test,2020.0,test,group:NB_416,2021-05-04
NB_438,2019-05-13,NB_438@2019-05-13,,0,0.38807250906211954,0,final_test,2019.0,test,group:NB_438,2020-05-13
NB_438,2019-11-19,NB_438@2019-11-19,,0,0.4440516991983728,0,final_test,2019.0,test,group:NB_438,2020-11-19
NB_446,2020-05-04,NB_446@2020-05-04,,0,0.4694265259669909,0,final_test,2020.0,test,group:NB_446,2021-05-04
NB_447,2019-03-20,NB_447@2019-03-20,,0,0.4070673068282655,0,final_test,2019.0,test,group:NB_447,2020-03-20
NB_553,2020-04-13,NB_553@2020-04-13,,0,0.5221960332079748,0,final_test,2020.0,test,group:NB_553,2021-04-13
NB_626,2020-05-04,NB_626@2020-05-04,,0,0.594736805723238,1,final_test,2020.0,test,group:NB_626,2021-05-04
NB_681,2019-02-10,NB_681@2019-02-10,,0,0.5133577757212753,0,final_test,2019.0,test,group:NB_681,2020-02-10
NB_728,2020-03-03,NB_728@2020-03-03,,0,0.43045765737888164,0,final_test,2020.0,test,group:NB_728,2021-03-03
NB_868,2020-04-13,NB_868@2020-04-13,,0,0.4790194717087617,0,final_test,2020.0,test,group:NB_868,2021-04-13
NB_87,2019-01-01,NB_87@2019-01-01,,0,0.38633661477243414,0,final_test,2019.0,test,group:NB_87,2020-01-01
NB_904,2019-08-20,NB_904@2019-08-20,,0,0.39587018219101616,0,final_test,2019.0,test,group:NB_904,2020-08-20
NB_936,2019-12-11,NB_936@2019-12-11,,0,0.40235868514539275,0,final_test,2019.0,test,group:NB_936,2020-12-11
NB_967,2019-05-13,NB_967@2019-05-13,,0,0.36466731278059294,0,final_test,2019.0,test,group:NB_967,2020-05-13
SA_100,2020-03-31,SA_100@2020-03-31,,1,0.6524869444362128,1,final_test,2020.0,test,group:SA_100,2021-03-31
SA_104,2019-07-05,SA_104@2019-07-05,,1,0.7207742838024246,1,final_test,2019.0,test,group:SA_104,2020-07-05
SA_119,2019-10-23,SA_119@2019-10-23,,1,0.6223797984998595,1,final_test,2019.0,test,group:SA_119,2020-10-23
SA_144,2020-02-20,SA_144@2020-02-20,,1,0.6374476560736149,1,final_test,2020.0,test,group:SA_144,2021-02-20
SA_188,2020-03-17,SA_188@2020-03-17,,1,0.65068625478732,1,final_test,2020.0,test,group:SA_188,2021-03-17
SA_193,2019-02-10,SA_193@2019-02-10,,1,0.648417367815213,1,final_test,2019.0,test,group:SA_193,2020-02-10
SA_194,2019-01-01,SA_194@2019-01-01,,1,0.5306875657846448,0,final_test,2019.0,test,group:SA_194,2020-01-01
SA_198,2020-02-18,SA_198@2020-02-18,,1,0.5736259266425026,1,final_test,2020.0,test,group:SA_198,2021-02-18
SA_2,2019-08-20,SA_2@2019-08-20,,1,0.6070318398175366,1,final_test,2019.0,test,group:SA_2,2020-08-20
SA_214,2019-12-11,SA_214@2019-12-11,,1,0.5958795156759551,1,final_test,2019.0,test,group:SA_214,2020-12-11
SA_218,2019-03-20,SA_218@2019-03-20,,1,0.641677713250087,1,final_test,2019.0,test,group:SA_218,2020-03-20
SA_226,2020-05-04,SA_226@2020-05-04,,1,0.6439720423090749,1,final_test,2020.0,test,group:SA_226,2021-05-04
SA_227,2019-01-14,SA_227@2019-01-14,,1,0.6547651295613013,1,final_test,2019.0,test,group:SA_227,2020-01-14
SA_231,2020-03-22,SA_231@2020-03-22,,1,0.6084776767816689,1,final_test,2020.0,test,group:SA_231,2021-03-22
SA_241,2019-05-13,SA_241@2019-05-13,,1,0.6359228406497756,1,final_test,2019.0,test,group:SA_241,2020-05-13
SA_252,2019-11-19,SA_252@2019-11-19,,1,0.6038169112296914,1,final_test,2019.0,test,group:SA_252,2020-11-19
SA_262,2020-01-08,SA_262@2020-01-08,,1,0.6549784624083587,1,final_test,2020.0,test,group:SA_262,2021-01-08
SA_286,2020-03-26,SA_286@2020-03-26,,1,0.6032688386428778,1,final_test,2020.0,test,group:SA_286,2021-03-26
SA_31,2020-03-03,SA_31@2020-03-03,,1,0.5727276420037944,1,final_test,2020.0,test,group:SA_31,2021-03-03
SA_38,2020-04-27,SA_38@2020-04-27,,1,0.5647146979526078,1,final_test,2020.0,test,group:SA_38,2021-04-27
SA_50,2019-02-09,SA_50@2019-02-09,,1,0.6122813922297933,1,final_test,2019.0,test,group:SA_50,2020-02-09
SA_54,2021-06-02,SA_54@2021-06-02,,1,0.5881648619007289,1,final_test,2021.0,test,group:SA_54,2022-06-02
SA_56,2020-02-19,SA_56@2020-02-19,,1,0.4813815332187311,0,final_test,2020.0,test,group:SA_56,2021-02-19
SA_8,2020-03-25,SA_8@2020-03-25,,1,0.5555369669786523,1,final_test,2020.0,test,group:SA_8,2021-03-25
SA_95,2020-04-13,SA_95@2020-04-13,,1,0.6478185008875691,1,final_test,2020.0,test,group:SA_95,2021-04-13
