candidate_id,C,l1_ratio,class_weight,eligible,iterations,nonzero_coefficients,elapsed_seconds,warnings,validation_n,validation_bankrupt_n,validation_prevalence,validation_threshold,validation_roc_auc,validation_pr_auc_average_precision,validation_pr_auc_trapezoidal,validation_balanced_accuracy,validation_sensitivity,validation_specificity,validation_f1,validation_brier_score,validation_tn,validation_fp,validation_fn,validation_tp,selected
unweighted_l1_0.1_C_0.001,0.001,0.1,unweighted,True,4,0,0.011101700001745485,,86,26,0.3023255813953488,0.5,0.5,0.3023255813953488,0.6511627906976745,0.5,0.0,1.0,0.0,0.2491515902177754,60,0,26,0,False
unweighted_l1_0.1_C_0.01,0.01,0.1,unweighted,True,211,97,0.23537639999995008,,86,26,0.3023255813953488,0.5,0.8865384615384615,0.7763666641604278,0.7708253024836563,0.8057692307692308,0.9615384615384616,0.65,0.6944444444444444,0.19170934200980194,39,21,1,25,False
unweighted_l1_0.1_C_0.1,0.1,0.1,unweighted,True,893,312,1.0436762999961502,,86,26,0.3023255813953488,0.5,0.8012820512820512,0.6821396812289802,0.674208495314454,0.7538461538461538,0.8076923076923077,0.7,0.6461538461538462,0.20410036858393082,42,18,5,21,False
unweighted_l1_0.1_C_1,1.0,0.1,unweighted,True,1984,630,3.0248004000022775,,86,26,0.3023255813953488,0.5,0.7858974358974358,0.645201034791269,0.6356736638645278,0.7621794871794871,0.8076923076923077,0.7166666666666667,0.65625,0.20687304656597474,43,17,5,21,False
unweighted_l1_0.1_C_10,10.0,0.1,unweighted,True,2711,767,5.789673100000073,,86,26,0.3023255813953488,0.5,0.7749999999999999,0.6388935436006722,0.6296306112353895,0.7512820512820513,0.7692307692307693,0.7333333333333333,0.6451612903225806,0.21765379945573884,44,16,6,20,False
unweighted_l1_0.5_C_0.001,0.001,0.5,unweighted,True,1,0,0.0052676999985123985,,86,26,0.3023255813953488,0.5,0.5,0.3023255813953488,0.6511627906976745,0.5,0.0,1.0,0.0,0.24937169058490288,60,0,26,0,False
unweighted_l1_0.5_C_0.01,0.01,0.5,unweighted,True,419,3,0.6900782000011532,,86,26,0.3023255813953488,0.5,0.9243589743589743,0.8151086952087102,0.807726404950187,0.775,1.0,0.55,0.6582278481012658,0.21966907140072298,33,27,0,26,False
unweighted_l1_0.5_C_0.1,0.1,0.5,unweighted,True,1248,117,1.7389887000026647,,86,26,0.3023255813953488,0.5,0.823076923076923,0.7423174693486261,0.7367827093776733,0.7756410256410255,0.8846153846153846,0.6666666666666666,0.6666666666666666,0.20614575890772596,40,20,3,23,False
unweighted_l1_0.5_C_1,1.0,0.5,unweighted,True,2531,293,4.076476200003526,,86,26,0.3023255813953488,0.5,0.8057692307692309,0.6869664235367788,0.6773018428105478,0.7621794871794871,0.8076923076923077,0.7166666666666667,0.65625,0.19571610370993092,43,17,5,21,False
unweighted_l1_0.5_C_10,10.0,0.5,unweighted,True,2748,716,5.628175600002578,,86,26,0.3023255813953488,0.5,0.782051282051282,0.6465815180922283,0.6373647399269791,0.7512820512820513,0.7692307692307693,0.7333333333333333,0.6451612903225806,0.21191567957493168,44,16,6,20,False
unweighted_l1_0.9_C_0.001,0.001,0.9,unweighted,True,1,0,0.0026952999978675507,,86,26,0.3023255813953488,0.5,0.5,0.3023255813953488,0.6511627906976745,0.5,0.0,1.0,0.0,0.24928314449999298,60,0,26,0,False
unweighted_l1_0.9_C_0.01,0.01,0.9,unweighted,True,6,0,0.008682899999257643,,86,26,0.3023255813953488,0.5,0.5,0.3023255813953488,0.6511627906976745,0.5,0.0,1.0,0.0,0.24883296656266551,60,0,26,0,False
unweighted_l1_0.9_C_0.1,0.1,0.9,unweighted,True,1951,58,3.068523699999787,,86,26,0.3023255813953488,0.5,0.8557692307692308,0.7559123719945923,0.7501328181096669,0.7756410256410255,0.8846153846153846,0.6666666666666666,0.6666666666666666,0.18502546542516296,40,20,3,23,False
unweighted_l1_0.9_C_1,1.0,0.9,unweighted,True,3660,171,5.63735390000511,,86,26,0.3023255813953488,0.5,0.8096153846153846,0.7026922330708836,0.6946226107266935,0.7647435897435897,0.8461538461538461,0.6833333333333333,0.6567164179104478,0.20749773058805715,41,19,4,22,False
unweighted_l1_0.9_C_10,10.0,0.9,unweighted,True,2804,620,5.504221900002449,,86,26,0.3023255813953488,0.5,0.7852564102564102,0.6445946591848934,0.6350652257560898,0.7512820512820513,0.7692307692307693,0.7333333333333333,0.6451612903225806,0.20776807111720982,44,16,6,20,False
balanced_l1_0.1_C_0.001,0.001,0.1,balanced,True,10,0,0.01364599999942584,,86,26,0.3023255813953488,0.5,0.5,0.3023255813953488,0.6511627906976745,0.5,1.0,0.0,0.4642857142857143,0.25000778912286664,0,60,0,26,False
balanced_l1_0.1_C_0.01,0.01,0.1,balanced,True,211,78,0.3145769000038854,,86,26,0.3023255813953488,0.5,0.8955128205128206,0.7964636222870418,0.790974733815476,0.7391025641025641,0.9615384615384616,0.5166666666666667,0.625,0.20825575628693277,31,29,1,25,False
balanced_l1_0.1_C_0.1,0.1,0.1,balanced,True,858,312,1.470031700002437,,86,26,0.3023255813953488,0.5,0.7935897435897435,0.6657124229958926,0.6567127706237305,0.7371794871794872,0.8076923076923077,0.6666666666666666,0.6268656716417911,0.2273253760478785,40,20,5,21,False
balanced_l1_0.1_C_1,1.0,0.1,balanced,True,1905,644,3.7572788999968907,,86,26,0.3023255813953488,0.5,0.783974358974359,0.6471096745145972,0.637652079493652,0.7621794871794871,0.8076923076923077,0.7166666666666667,0.65625,0.21968081121465616,43,17,5,21,False
balanced_l1_0.1_C_10,10.0,0.1,balanced,True,2692,767,5.511924600003113,,86,26,0.3023255813953488,0.5,0.7743589743589743,0.6404748118529338,0.6312673663238755,0.732051282051282,0.7307692307692307,0.7333333333333333,0.6229508196721312,0.23072145761150042,44,16,7,19,False
balanced_l1_0.5_C_0.001,0.001,0.5,balanced,True,1,0,0.0029587000026367605,,86,26,0.3023255813953488,0.5,0.5,0.3023255813953488,0.6511627906976745,0.5,1.0,0.0,0.4642857142857143,0.25000627995678837,0,60,0,26,False
balanced_l1_0.5_C_0.01,0.01,0.5,balanced,True,283,3,0.4497505000035744,,86,26,0.3023255813953488,0.5,0.925,0.8139183719416961,0.8064736659577686,0.7583333333333333,1.0,0.5166666666666667,0.6419753086419753,0.2146963344241846,31,29,0,26,False
balanced_l1_0.5_C_0.1,0.1,0.5,balanced,True,1230,104,1.900521600000502,,86,26,0.3023255813953488,0.5,0.826923076923077,0.749340007457431,0.7439775303748521,0.7506410256410256,0.8846153846153846,0.6166666666666667,0.6388888888888888,0.22240244395719216,37,23,3,23,False
balanced_l1_0.5_C_1,1.0,0.5,balanced,True,2475,295,4.2502250999968965,,86,26,0.3023255813953488,0.5,0.801923076923077,0.676876808006764,0.6668457663456945,0.7538461538461538,0.8076923076923077,0.7,0.6461538461538462,0.2117523552799565,42,18,5,21,False
balanced_l1_0.5_C_10,10.0,0.5,balanced,True,2720,715,5.564439999994647,,86,26,0.3023255813953488,0.5,0.7756410256410257,0.6418233471868802,0.6326168156016101,0.7705128205128204,0.8076923076923077,0.7333333333333333,0.6666666666666666,0.22377632918166093,44,16,5,21,False
balanced_l1_0.9_C_0.001,0.001,0.9,balanced,True,1,0,0.006447100000514183,,86,26,0.3023255813953488,0.5,0.5,0.3023255813953488,0.6511627906976745,0.5,1.0,0.0,0.4642857142857143,0.25000726526449163,0,60,0,26,False
balanced_l1_0.9_C_0.01,0.01,0.9,balanced,True,327,1,0.46143989999836776,,86,26,0.3023255813953488,0.5,0.9108974358974359,0.8214823715734391,0.8172191724895449,0.7474358974358974,0.9615384615384616,0.5333333333333333,0.6329113924050633,0.2447506595778698,32,28,1,25,True
balanced_l1_0.9_C_0.1,0.1,0.9,balanced,True,1624,40,2.5478312999985064,,86,26,0.3023255813953488,0.5,0.8993589743589743,0.8055667479720733,0.8006085215468091,0.7807692307692308,0.9615384615384616,0.6,0.6666666666666666,0.20608833138494284,36,24,1,25,False
balanced_l1_0.9_C_1,1.0,0.9,balanced,True,3815,173,5.620212500005437,,86,26,0.3023255813953488,0.5,0.8115384615384615,0.7109182096012439,0.7036208446801379,0.7564102564102564,0.8461538461538461,0.6666666666666666,0.6470588235294118,0.21781128850796588,40,20,4,22,False
balanced_l1_0.9_C_10,10.0,0.9,balanced,True,2776,622,5.377419700002065,,86,26,0.3023255813953488,0.5,0.7846153846153847,0.6549520721145199,0.6459204142394591,0.7705128205128204,0.8076923076923077,0.7333333333333333,0.6666666666666666,0.21838797722600284,44,16,5,21,False
