candidate_id,fold,C,l1_ratio,class_weight,eligible,iterations,validation_pr_auc,validation_roc_auc,validation_brier_score,elapsed_seconds,warnings
unweighted_l1_0.1_C_0.001,fold_1,0.001,0.1,unweighted,True,5,0.3333333333333333,0.5,0.2495087611900606,0.008893599995644763,
unweighted_l1_0.1_C_0.001,fold_2,0.001,0.1,unweighted,True,4,0.34375,0.5,0.24966383667117775,0.007688799989409745,
unweighted_l1_0.1_C_0.001,fold_3,0.001,0.1,unweighted,True,4,0.3333333333333333,0.5,0.24959392050855742,0.015165400007390417,
unweighted_l1_0.1_C_0.001,fold_4,0.001,0.1,unweighted,True,7,0.3392857142857143,0.5,0.24960696271615704,0.011327400003210641,
unweighted_l1_0.1_C_0.01,fold_1,0.01,0.1,unweighted,True,151,0.5825866385076911,0.8106508875739645,0.25013708412212526,0.09588110000186134,
unweighted_l1_0.1_C_0.01,fold_2,0.01,0.1,unweighted,True,230,0.9633264462809917,0.974025974025974,0.11693255912091646,0.1590050000086194,
unweighted_l1_0.1_C_0.01,fold_3,0.01,0.1,unweighted,True,225,0.7309767193590724,0.9088888888888889,0.14058274631304457,0.19191239999781828,
unweighted_l1_0.1_C_0.01,fold_4,0.01,0.1,unweighted,True,244,0.8784023036011863,0.9416785206258891,0.14389881765806697,0.2620433999982197,
unweighted_l1_0.1_C_0.1,fold_1,0.1,0.1,unweighted,True,720,0.519370675744217,0.7381656804733727,0.24217188200010392,0.46254700000281446,
unweighted_l1_0.1_C_0.1,fold_2,0.1,0.1,unweighted,True,1090,0.8768273840854486,0.8831168831168832,0.1049149496316466,0.8214790999918478,
unweighted_l1_0.1_C_0.1,fold_3,0.1,0.1,unweighted,True,1020,0.5872517350434971,0.768888888888889,0.1773352735150992,0.8985086000029696,
unweighted_l1_0.1_C_0.1,fold_4,0.1,0.1,unweighted,True,1063,0.8738131170440364,0.9032716927453769,0.12984230374142997,1.2431569000036689,
unweighted_l1_0.1_C_1,fold_1,1.0,0.1,unweighted,True,1510,0.5489700967910065,0.7573964497041422,0.22321848462269564,0.9509564000036335,
unweighted_l1_0.1_C_1,fold_2,1.0,0.1,unweighted,True,1823,0.8752168733840288,0.8831168831168832,0.10254168138262253,1.324871200005873,
unweighted_l1_0.1_C_1,fold_3,1.0,0.1,unweighted,True,1932,0.6035002407376104,0.76,0.17617955370985222,1.6537920999980997,
unweighted_l1_0.1_C_1,fold_4,1.0,0.1,unweighted,True,2063,0.9037927258538773,0.9160739687055476,0.10907879388210746,2.072678899989114,
unweighted_l1_0.1_C_10,fold_1,10.0,0.1,unweighted,True,2095,0.5133050652281421,0.7514792899408284,0.22722634428332775,1.3298060999950394,
unweighted_l1_0.1_C_10,fold_2,10.0,0.1,unweighted,True,2503,0.8752168733840288,0.8831168831168832,0.10230657392854352,1.8859355000022333,
unweighted_l1_0.1_C_10,fold_3,10.0,0.1,unweighted,True,2628,0.6448056594568222,0.768888888888889,0.17370151066717873,2.3941102999961004,
unweighted_l1_0.1_C_10,fold_4,10.0,0.1,unweighted,True,2755,0.9027302195116275,0.9160739687055477,0.10841797168787214,2.908148499991512,
unweighted_l1_0.5_C_0.001,fold_1,0.001,0.5,unweighted,True,1,0.3333333333333333,0.5,0.24956133127890653,0.004147700004978105,
unweighted_l1_0.5_C_0.001,fold_2,0.001,0.5,unweighted,True,1,0.34375,0.5,0.2497931757416164,0.003765899993595667,
unweighted_l1_0.5_C_0.001,fold_3,0.001,0.5,unweighted,True,1,0.3333333333333333,0.5,0.2497580746797297,0.00380619999486953,
unweighted_l1_0.5_C_0.001,fold_4,0.001,0.5,unweighted,True,3,0.3392857142857143,0.5,0.24960123799562242,0.005698900000425056,
unweighted_l1_0.5_C_0.01,fold_1,0.01,0.5,unweighted,True,193,0.6009771205746438,0.7869822485207101,0.23731886479116002,0.10207599999557715,
unweighted_l1_0.5_C_0.01,fold_2,0.01,0.5,unweighted,True,304,0.9071484071484072,0.9004329004329005,0.22340170433283535,0.19326889999501873,
unweighted_l1_0.5_C_0.01,fold_3,0.01,0.5,unweighted,True,366,0.9494586407744302,0.9755555555555556,0.20634629016148248,0.2740492000011727,
unweighted_l1_0.5_C_0.01,fold_4,0.01,0.5,unweighted,True,374,0.8826838798139922,0.945945945945946,0.19929379830583485,0.31941909999295603,
unweighted_l1_0.5_C_0.1,fold_1,0.1,0.5,unweighted,True,875,0.4113208024972731,0.621301775147929,0.31276980580020824,0.48168539999460336,
unweighted_l1_0.5_C_0.1,fold_2,0.1,0.5,unweighted,True,1207,0.9633264462809917,0.974025974025974,0.07192181892663181,0.8244377999944845,
unweighted_l1_0.5_C_0.1,fold_3,0.1,0.5,unweighted,True,1290,0.7324195557528891,0.8133333333333334,0.1577587622897485,1.0316343999875244,
unweighted_l1_0.5_C_0.1,fold_4,0.1,0.5,unweighted,True,1262,0.8573964104923857,0.9075391180654339,0.12377559824510727,1.1513800000102492,
unweighted_l1_0.5_C_1,fold_1,1.0,0.5,unweighted,True,2857,0.5016691230432597,0.7011834319526629,0.27695494463524195,1.5766348000033759,
unweighted_l1_0.5_C_1,fold_2,1.0,0.5,unweighted,True,3450,0.8538670111250757,0.8658008658008658,0.1176565381232306,2.3756855000101496,
unweighted_l1_0.5_C_1,fold_3,1.0,0.5,unweighted,True,3093,0.5851196334529668,0.7555555555555555,0.18455223237568114,2.1897664999996778,
unweighted_l1_0.5_C_1,fold_4,1.0,0.5,unweighted,True,2882,0.9056397219006935,0.918918918918919,0.12084007724760125,2.3739375000004657,
unweighted_l1_0.5_C_10,fold_1,10.0,0.5,unweighted,True,2351,0.5122377115292095,0.7514792899408285,0.22352760794840998,1.3547794000041904,
unweighted_l1_0.5_C_10,fold_2,10.0,0.5,unweighted,True,2537,0.8752168733840288,0.8831168831168832,0.10395552956154565,1.6568240999913542,
unweighted_l1_0.5_C_10,fold_3,10.0,0.5,unweighted,True,2703,0.6332977229488858,0.7666666666666666,0.17282159894170976,2.264073099999223,
unweighted_l1_0.5_C_10,fold_4,10.0,0.5,unweighted,True,2828,0.9031494063251088,0.9160739687055476,0.10733031386948429,2.6103887999925064,
unweighted_l1_0.9_C_0.001,fold_1,0.001,0.9,unweighted,True,1,0.3333333333333333,0.5,0.2494454732525329,0.003909299994120374,
unweighted_l1_0.9_C_0.001,fold_2,0.001,0.9,unweighted,True,1,0.34375,0.5,0.2497636315731974,0.004569000011542812,
unweighted_l1_0.9_C_0.001,fold_3,0.001,0.9,unweighted,True,1,0.3333333333333333,0.5,0.2497238999528414,0.0037964000075589865,
unweighted_l1_0.9_C_0.001,fold_4,0.001,0.9,unweighted,True,1,0.3392857142857143,0.5,0.24970985798166884,0.003922300005797297,
unweighted_l1_0.9_C_0.01,fold_1,0.01,0.9,unweighted,True,5,0.3333333333333333,0.5,0.24927096475908575,0.005896899994695559,
unweighted_l1_0.9_C_0.01,fold_2,0.01,0.9,unweighted,True,4,0.34375,0.5,0.2495542676597215,0.005755700010922737,
unweighted_l1_0.9_C_0.01,fold_3,0.01,0.9,unweighted,True,5,0.3333333333333333,0.5,0.24946572062552272,0.007030600012512878,
unweighted_l1_0.9_C_0.01,fold_4,0.01,0.9,unweighted,True,12,0.3392857142857143,0.5,0.24946859614841685,0.013450999991619028,
unweighted_l1_0.9_C_0.1,fold_1,0.1,0.9,unweighted,True,973,0.43188011943072674,0.665680473372781,0.30192437834689595,0.5109854999900563,
unweighted_l1_0.9_C_0.1,fold_2,0.1,0.9,unweighted,True,1834,0.9584022038567492,0.974025974025974,0.08083937165879372,1.116356900005485,
unweighted_l1_0.9_C_0.1,fold_3,0.1,0.9,unweighted,True,1281,0.8017902662639504,0.8555555555555556,0.1370661268154272,0.906633899998269,
unweighted_l1_0.9_C_0.1,fold_4,0.1,0.9,unweighted,True,1231,0.8869605187961063,0.9544807965860598,0.13445429674979148,0.9923644000082277,
unweighted_l1_0.9_C_1,fold_1,1.0,0.9,unweighted,True,2908,0.46479019010483535,0.6730769230769231,0.30098602117554246,1.5785572999884607,
unweighted_l1_0.9_C_1,fold_2,1.0,0.9,unweighted,True,3609,0.8945821854912764,0.9350649350649352,0.10533905732000076,2.1303807999938726,
unweighted_l1_0.9_C_1,fold_3,1.0,0.9,unweighted,True,3937,0.5839154806546111,0.7888888888888889,0.18592007455966236,2.7662646999961,
unweighted_l1_0.9_C_1,fold_4,1.0,0.9,unweighted,True,3451,0.8937404626602364,0.9317211948790896,0.12260851613903752,2.787780600003316,
unweighted_l1_0.9_C_10,fold_1,10.0,0.9,unweighted,True,2620,0.509409657230567,0.7485207100591718,0.22424635711223878,1.440509899999597,
unweighted_l1_0.9_C_10,fold_2,10.0,0.9,unweighted,True,2670,0.869389367556523,0.8787878787878788,0.10834894730448155,1.7033211000089068,
unweighted_l1_0.9_C_10,fold_3,10.0,0.9,unweighted,True,2826,0.6058374054885683,0.76,0.1726908989559367,2.1402347999974154,
unweighted_l1_0.9_C_10,fold_4,10.0,0.9,unweighted,True,2911,0.905729385685274,0.9174964438122332,0.10459115535697906,2.567750599991996,
balanced_l1_0.1_C_0.001,fold_1,0.001,0.1,balanced,True,5,0.3333333333333333,0.5,0.2500132576685416,0.010328699994715862,
balanced_l1_0.1_C_0.001,fold_2,0.001,0.1,balanced,True,4,0.34375,0.5,0.24998109323602785,0.00580870000703726,
balanced_l1_0.1_C_0.001,fold_3,0.001,0.1,balanced,True,5,0.3333333333333333,0.5,0.24998857254026052,0.007036599999992177,
balanced_l1_0.1_C_0.001,fold_4,0.001,0.1,balanced,True,8,0.3392857142857143,0.5,0.2500049861913303,0.010021000009146519,
balanced_l1_0.1_C_0.01,fold_1,0.01,0.1,balanced,True,150,0.5884016568227094,0.8165680473372781,0.25751460797691883,0.08433099999092519,
balanced_l1_0.1_C_0.01,fold_2,0.01,0.1,balanced,True,229,0.9596499756927565,0.9696969696969697,0.11595296512838629,0.14277079999737907,
balanced_l1_0.1_C_0.01,fold_3,0.01,0.1,balanced,True,220,0.8134634918458448,0.9400000000000001,0.12519445607393154,0.1592565999890212,
balanced_l1_0.1_C_0.01,fold_4,0.01,0.1,balanced,True,237,0.8825550299145775,0.9445234708392602,0.1442934589970111,0.19706379999115597,
balanced_l1_0.1_C_0.1,fold_1,0.1,0.1,balanced,True,702,0.519370675744217,0.7381656804733727,0.2424724598260476,0.3830264999996871,
balanced_l1_0.1_C_0.1,fold_2,0.1,0.1,balanced,True,996,0.8768273840854486,0.8831168831168832,0.10637830079702038,0.6211042000068119,
balanced_l1_0.1_C_0.1,fold_3,0.1,0.1,balanced,True,978,0.6076814858912046,0.7777777777777779,0.1783364285810579,0.72419059999811,
balanced_l1_0.1_C_0.1,fold_4,0.1,0.1,balanced,True,1028,0.8741389048379818,0.9004267425320057,0.1415293622415237,0.863038699986646,
balanced_l1_0.1_C_1,fold_1,1.0,0.1,balanced,True,1489,0.5335854814063912,0.7544378698224854,0.22479669362835367,0.8456670999876224,
balanced_l1_0.1_C_1,fold_2,1.0,0.1,balanced,True,1802,0.8826548899129544,0.8874458874458875,0.09729219970707073,1.2554386999981944,
balanced_l1_0.1_C_1,fold_3,1.0,0.1,balanced,True,1923,0.6088532785044413,0.76,0.18240005401437237,1.5369281000021147,
balanced_l1_0.1_C_1,fold_4,1.0,0.1,balanced,True,2057,0.9018968861782941,0.9132290184921764,0.11569594303310274,1.8937116000015521,
balanced_l1_0.1_C_10,fold_1,10.0,0.1,balanced,True,2074,0.5111072630303399,0.7485207100591715,0.22923871953953118,1.2533064000017475,
balanced_l1_0.1_C_10,fold_2,10.0,0.1,balanced,True,2407,0.8752168733840288,0.8831168831168832,0.09520558967911574,1.6328334999998333,
balanced_l1_0.1_C_10,fold_3,10.0,0.1,balanced,True,2582,0.6088532785044413,0.76,0.17940022031560704,2.254974099996616,
balanced_l1_0.1_C_10,fold_4,10.0,0.1,balanced,True,2755,0.9015089415267492,0.9132290184921764,0.1098326547839058,2.589010199997574,
balanced_l1_0.5_C_0.001,fold_1,0.001,0.5,balanced,True,1,0.3333333333333333,0.5,0.24990444144158902,0.004468699989956804,
balanced_l1_0.5_C_0.001,fold_2,0.001,0.5,balanced,True,1,0.34375,0.5,0.25000019540485285,0.004299200008972548,
balanced_l1_0.5_C_0.001,fold_3,0.001,0.5,balanced,True,1,0.3333333333333333,0.5,0.2500471059175095,0.004613899989635684,
balanced_l1_0.5_C_0.001,fold_4,0.001,0.5,balanced,True,1,0.3392857142857143,0.5,0.25000128797190146,0.004513500010943972,
balanced_l1_0.5_C_0.01,fold_1,0.01,0.5,balanced,True,238,0.6440805556011557,0.8076923076923077,0.23630000409944374,0.1250214000028791,
balanced_l1_0.5_C_0.01,fold_2,0.01,0.5,balanced,True,354,0.923116883116883,0.922077922077922,0.20965257321289105,0.2105991999997059,
balanced_l1_0.5_C_0.01,fold_3,0.01,0.5,balanced,True,351,0.9433085433085433,0.9733333333333334,0.1930221823388814,0.24475600000005215,
balanced_l1_0.5_C_0.01,fold_4,0.01,0.5,balanced,True,359,0.8779165266484698,0.9459459459459459,0.1939347413954979,0.2860591999924509,
balanced_l1_0.5_C_0.1,fold_1,0.1,0.5,balanced,True,852,0.41239725187093607,0.6301775147928994,0.3158826037963133,0.4557557999942219,
balanced_l1_0.5_C_0.1,fold_2,0.1,0.5,balanced,True,1159,0.9633264462809917,0.974025974025974,0.07684777255130572,0.6989371999952709,
balanced_l1_0.5_C_0.1,fold_3,0.1,0.5,balanced,True,1344,0.7870668220668221,0.8600000000000001,0.15036072974296522,0.9450458999926923,
balanced_l1_0.5_C_0.1,fold_4,0.1,0.5,balanced,True,1305,0.8686108324653216,0.9089615931721194,0.1295609133785058,1.0519349000096554,
balanced_l1_0.5_C_1,fold_1,1.0,0.5,balanced,True,2551,0.4789866772838909,0.7011834319526628,0.2750195346789643,1.3683809999929508,
balanced_l1_0.5_C_1,fold_2,1.0,0.5,balanced,True,3066,0.8538670111250757,0.8658008658008658,0.12031100004225935,1.887774000002537,
balanced_l1_0.5_C_1,fold_3,1.0,0.5,balanced,True,2946,0.5895640778974113,0.76,0.18364443818727294,2.131810899998527,
balanced_l1_0.5_C_1,fold_4,1.0,0.5,balanced,True,2865,0.9045507926810928,0.9174964438122334,0.12945289843389524,2.389479499994195,
balanced_l1_0.5_C_10,fold_1,10.0,0.5,balanced,True,2317,0.5122377115292095,0.7514792899408285,0.22555170190635798,1.3269358000106877,
balanced_l1_0.5_C_10,fold_2,10.0,0.5,balanced,True,2509,0.8752168733840288,0.8831168831168832,0.09761238835238933,1.6828412000031676,
balanced_l1_0.5_C_10,fold_3,10.0,0.5,balanced,True,2658,0.6121866118377747,0.7622222222222222,0.1783325834422907,2.0647908999962965,
balanced_l1_0.5_C_10,fold_4,10.0,0.5,balanced,True,2833,0.9007570618275011,0.9118065433854907,0.11020728805334071,2.642198900008225,
balanced_l1_0.9_C_0.001,fold_1,0.001,0.9,balanced,True,1,0.3333333333333333,0.5,0.24987910868386926,0.004681300008087419,
balanced_l1_0.9_C_0.001,fold_2,0.001,0.9,balanced,True,1,0.34375,0.5,0.25000020520520716,0.004311999990022741,
balanced_l1_0.9_C_0.001,fold_3,0.001,0.9,balanced,True,1,0.3333333333333333,0.5,0.2500537873317662,0.004402500009746291,
balanced_l1_0.9_C_0.001,fold_4,0.001,0.9,balanced,True,1,0.3392857142857143,0.5,0.2500014536105549,0.004602000000886619,
balanced_l1_0.9_C_0.01,fold_1,0.01,0.9,balanced,True,5,0.3333333333333333,0.5,0.2500191928671531,0.00641610000457149,
balanced_l1_0.9_C_0.01,fold_2,0.01,0.9,balanced,True,5,0.34375,0.5,0.2499638568575093,0.0069343000068329275,
balanced_l1_0.9_C_0.01,fold_3,0.01,0.9,balanced,True,8,0.3333333333333333,0.5,0.24999533086932268,0.010267800011206418,
balanced_l1_0.9_C_0.01,fold_4,0.01,0.9,balanced,True,474,0.7863852521747257,0.8648648648648648,0.24973261267351257,0.3725382999982685,
balanced_l1_0.9_C_0.1,fold_1,0.1,0.9,balanced,True,889,0.4658981987423283,0.7071005917159764,0.2787842256163983,0.46846699999878183,
balanced_l1_0.9_C_0.1,fold_2,0.1,0.9,balanced,True,2064,0.9505590666018473,0.9653679653679654,0.08603764202930093,1.268159100000048,
balanced_l1_0.9_C_0.1,fold_3,0.1,0.9,balanced,True,1650,0.8115707561359736,0.8688888888888888,0.13291043312998557,1.1560873999987962,
balanced_l1_0.9_C_0.1,fold_4,0.1,0.9,balanced,True,1604,0.8939750470954642,0.9530583214793742,0.13780499250767966,1.276033300004201,
balanced_l1_0.9_C_1,fold_1,1.0,0.9,balanced,True,2846,0.4603182731329184,0.6730769230769231,0.29944522900760173,1.507144999995944,
balanced_l1_0.9_C_1,fold_2,1.0,0.9,balanced,True,3229,0.8945821854912764,0.9350649350649352,0.10602139186999537,1.9434561999951256,
balanced_l1_0.9_C_1,fold_3,1.0,0.9,balanced,True,3679,0.5797869414536081,0.7866666666666666,0.1861405518449678,2.5489341999928,
balanced_l1_0.9_C_1,fold_4,1.0,0.9,balanced,True,3646,0.9003695061313852,0.9260312944523471,0.12818247030337745,2.926500199988368,
balanced_l1_0.9_C_10,fold_1,10.0,0.9,balanced,True,2593,0.5122377115292095,0.7514792899408285,0.22458921419092306,1.4866578999935882,
balanced_l1_0.9_C_10,fold_2,10.0,0.9,balanced,True,2631,0.8826548899129544,0.8874458874458875,0.10282602708213405,1.7511072000052081,
balanced_l1_0.9_C_10,fold_3,10.0,0.9,balanced,True,2782,0.6121866118377747,0.7622222222222222,0.17817490928040547,2.224969000002602,
balanced_l1_0.9_C_10,fold_4,10.0,0.9,balanced,True,2910,0.9033370411876662,0.9132290184921764,0.10938922396413615,2.611175500001991,
