bin,events,mean_score,observed_bankruptcy_fraction,score,evaluation_split
0,29,0.001179670192740113,0.0,raw_relative_risk_score,walk_forward_oof_validation
1,29,0.015421422275829814,0.034482758620689655,raw_relative_risk_score,walk_forward_oof_validation
2,28,0.09157965247124773,0.03571428571428571,raw_relative_risk_score,walk_forward_oof_validation
3,29,0.463318129522299,0.41379310344827586,raw_relative_risk_score,walk_forward_oof_validation
4,28,0.8917818028532227,0.75,raw_relative_risk_score,walk_forward_oof_validation
5,29,0.9881483115113346,0.7931034482758621,raw_relative_risk_score,walk_forward_oof_validation
0,29,0.012849787712379409,0.0,platt_relative_risk_score,walk_forward_oof_validation
1,29,0.05281016702480792,0.034482758620689655,platt_relative_risk_score,walk_forward_oof_validation
2,28,0.13213549718317213,0.03571428571428571,platt_relative_risk_score,walk_forward_oof_validation
3,29,0.3307824570739384,0.41379310344827586,platt_relative_risk_score,walk_forward_oof_validation
4,28,0.6248987363763996,0.75,platt_relative_risk_score,walk_forward_oof_validation
5,29,0.8726476448921325,0.7931034482758621,platt_relative_risk_score,walk_forward_oof_validation
0,13,0.0011350928448350872,0.0,raw_relative_risk_score,final_test
1,13,0.02063767554857867,0.0,raw_relative_risk_score,final_test
2,12,0.1688278573928511,0.08333333333333333,raw_relative_risk_score,final_test
3,13,0.5768954829038532,0.23076923076923078,raw_relative_risk_score,final_test
4,12,0.9502163856951954,0.8333333333333334,raw_relative_risk_score,final_test
5,13,0.98589562963991,0.8461538461538461,raw_relative_risk_score,final_test
0,13,0.012056832287122786,0.0,platt_relative_risk_score,final_test
1,13,0.060150482498446164,0.0,platt_relative_risk_score,final_test
2,12,0.18104117917519402,0.08333333333333333,platt_relative_risk_score,final_test
3,13,0.3914613272883311,0.23076923076923078,platt_relative_risk_score,final_test
4,12,0.7141216160977724,0.8333333333333334,platt_relative_risk_score,final_test
5,13,0.8478529006023353,0.8461538461538461,platt_relative_risk_score,final_test
