evaluation_split,group_type,group,score,events,bankrupt_events,matched_sample_prevalence,brier_score,log_loss,roc_auc,pr_auc_average_precision,calibration_intercept,calibration_slope,calibration_stable,calibration_interpretation,capture_top_1pct,precision_top_1pct,capture_top_5pct,precision_top_5pct,capture_top_10pct,precision_top_10pct
walk_forward_oof_validation,overall,walk_forward_oof_validation,raw_relative_risk_score,172,58,0.3372093023255814,0.11952959542857129,0.47357963462508523,0.9053236539624925,0.7798276127791564,-0.6491745995606542,0.5262213513780967,True,matched-cohort diagnostic only,0.034482758620689655,1.0,0.1206896551724138,0.7777777777777778,0.2413793103448276,0.7777777777777778
walk_forward_oof_validation,overall,walk_forward_oof_validation,platt_relative_risk_score,172,58,0.3372093023255814,0.11814844354703853,0.3750689426698997,0.9053236539624925,0.7798276127791564,0.002288513786502827,1.0065282364454013,True,matched-cohort diagnostic only,0.034482758620689655,1.0,0.1206896551724138,0.7777777777777778,0.2413793103448276,0.7777777777777778
final_test,overall,final_test,raw_relative_risk_score,76,25,0.32894736842105265,0.11350815654708266,0.40638041320336415,0.9364705882352942,0.8496259864585546,-1.298509485886099,0.7663030987362045,True,matched-cohort diagnostic only,0.04,1.0,0.12,0.75,0.28,0.875
final_test,overall,final_test,platt_relative_risk_score,76,25,0.32894736842105265,0.09503000203577595,0.317323699582974,0.9364705882352942,0.8496259864585546,-0.3498246764178368,1.465743844360671,True,matched-cohort diagnostic only,0.04,1.0,0.12,0.75,0.28,0.875
final_test,time_period,test_2019,raw_relative_risk_score,32,11,0.34375,0.0877333844144757,0.26943709222773066,0.9956709956709956,0.9924242424242424,-18.610123589700898,6.9048729387283725,False,matched-cohort diagnostic only,0.09090909090909091,1.0,0.18181818181818182,1.0,0.36363636363636365,1.0
final_test,time_period,test_2019,platt_relative_risk_score,32,11,0.34375,0.05867255150745461,0.22400656913707984,0.9956709956709956,0.9924242424242424,-10.061876715737563,13.20727401823752,False,matched-cohort diagnostic only,0.09090909090909091,1.0,0.18181818181818182,1.0,0.36363636363636365,1.0
final_test,time_period,test_2020,raw_relative_risk_score,39,13,0.3333333333333333,0.14538048104178986,0.5567961596744977,0.8698224852071006,0.6762225519578461,-0.786976439592503,0.5201216135266759,False,matched-cohort diagnostic only,0.0,0.0,0.07692307692307693,0.5,0.23076923076923078,0.75
final_test,time_period,test_2020,platt_relative_risk_score,39,13,0.3333333333333333,0.13351219802006634,0.4163953095686091,0.8698224852071006,0.6762225519578461,-0.14306481422826767,0.9948609820356532,False,matched-cohort diagnostic only,0.0,0.0,0.07692307692307693,0.5,0.23076923076923078,0.75
final_test,time_period,test_2021,raw_relative_risk_score,5,1,0.2,0.02986256713705135,0.10957484497257645,1.0,1.0,-16.114425859707314,10.064390965019527,False,matched-cohort diagnostic only,1.0,1.0,1.0,1.0,1.0,1.0
final_test,time_period,test_2021,platt_relative_risk_score,5,1,0.2,0.027556556739567556,0.14179477654874292,1.0,1.0,-3.654689182653249,19.25063219572696,False,matched-cohort diagnostic only,1.0,1.0,1.0,1.0,1.0,1.0
walk_forward_oof_validation,time_period,fold_1,raw_relative_risk_score,39,13,0.3333333333333333,0.2582215016508875,1.1602459736803452,0.8964497041420119,0.8215659340659338,-2.470253213186604,0.5277974389660609,False,matched-cohort diagnostic only,0.07692307692307693,1.0,0.15384615384615385,1.0,0.3076923076923077,1.0
walk_forward_oof_validation,time_period,fold_1,platt_relative_risk_score,39,13,0.3333333333333333,0.18508982180344077,0.5816318587482512,0.8964497041420119,0.8215659340659338,-1.8168389001698115,1.0095428930271655,False,matched-cohort diagnostic only,0.07692307692307693,1.0,0.15384615384615385,1.0,0.3076923076923077,1.0
walk_forward_oof_validation,time_period,fold_2,raw_relative_risk_score,32,11,0.34375,0.10909885903668261,0.388402737202893,0.948051948051948,0.9462809917355373,2.2819675514775537,1.1465940534344086,False,matched-cohort diagnostic only,0.09090909090909091,1.0,0.18181818181818182,1.0,0.36363636363636365,1.0
walk_forward_oof_validation,time_period,fold_2,platt_relative_risk_score,32,11,0.34375,0.14838876785653357,0.4439688969928255,0.948051948051948,0.9462809917355373,3.701453343605768,2.19314417307423,False,matched-cohort diagnostic only,0.09090909090909091,1.0,0.18181818181818182,1.0,0.36363636363636365,1.0
walk_forward_oof_validation,time_period,fold_3,raw_relative_risk_score,45,15,0.3333333333333333,0.04567581278705062,0.15976222188045824,0.9822222222222222,0.9654108309990662,-0.3466726070084228,1.798524206013716,False,matched-cohort diagnostic only,0.06666666666666667,1.0,0.2,1.0,0.3333333333333333,1.0
walk_forward_oof_validation,time_period,fold_3,platt_relative_risk_score,45,15,0.3333333333333333,0.07836882718335338,0.26072169650448207,0.9822222222222222,0.9654108309990662,1.8799040524362782,3.440121524036475,False,matched-cohort diagnostic only,0.06666666666666667,1.0,0.2,1.0,0.3333333333333333,1.0
walk_forward_oof_validation,time_period,fold_4,raw_relative_risk_score,56,19,0.3392857142857143,0.08824779972747374,0.2962127965512141,0.9559032716927454,0.9143810300014472,-0.9768616773460248,0.8894863817273566,True,matched-cohort diagnostic only,0.05263157894736842,1.0,0.15789473684210525,1.0,0.3157894736842105,1.0
walk_forward_oof_validation,time_period,fold_4,platt_relative_risk_score,56,19,0.3392857142857143,0.08621413294815114,0.28372740359944365,0.9559032716927454,0.9143810300014472,0.12432428936258688,1.701362281856477,True,matched-cohort diagnostic only,0.05263157894736842,1.0,0.15789473684210525,1.0,0.3157894736842105,1.0
final_test,sector,Consumer Discretionary,raw_relative_risk_score,18,6,0.3333333333333333,0.09832831824651339,0.3329684605602852,0.9444444444444444,0.8734126984126983,-2.420657321974046,1.5078411734700135,False,matched-cohort diagnostic only,0.16666666666666666,1.0,0.16666666666666666,1.0,0.3333333333333333,1.0
final_test,sector,Consumer Discretionary,platt_relative_risk_score,18,6,0.3333333333333333,0.08901535536774385,0.30962099808027727,0.9444444444444444,0.8734126984126983,-0.5539468535954869,2.8841184668731974,False,matched-cohort diagnostic only,0.16666666666666666,1.0,0.16666666666666666,1.0,0.3333333333333333,1.0
final_test,sector,Consumer Staples,raw_relative_risk_score,6,2,0.3333333333333333,0.1681508380227291,1.0007250430647043,0.75,0.5833333333333333,-1.1616096349125722,0.35265575592324305,False,matched-cohort diagnostic only,0.0,0.0,0.0,0.0,0.0,0.0
final_test,sector,Consumer Staples,platt_relative_risk_score,6,2,0.3333333333333333,0.15969073811189793,0.5312330278263803,0.75,0.5833333333333333,-0.7250210850715406,0.6745411890873657,False,matched-cohort diagnostic only,0.0,0.0,0.0,0.0,0.0,0.0
final_test,sector,Energy,raw_relative_risk_score,29,10,0.3448275862068966,0.1536015074832235,0.5034792585139299,0.9157894736842105,0.9036616161616161,-1.7266560206841306,0.7484087723018791,False,matched-cohort diagnostic only,0.1,1.0,0.2,1.0,0.3,1.0
final_test,sector,Energy,platt_relative_risk_score,29,10,0.3448275862068966,0.10680260259046563,0.35000796902596126,0.9157894736842105,0.9036616161616161,-0.8001244240789073,1.431516527697917,False,matched-cohort diagnostic only,0.1,1.0,0.2,1.0,0.3,1.0
final_test,sector,Health Care,raw_relative_risk_score,11,3,0.2727272727272727,0.01870913696787555,0.07169160351754535,1.0,1.0,18.147494580493557,13.650402090885537,False,matched-cohort diagnostic only,0.3333333333333333,1.0,0.3333333333333333,1.0,0.6666666666666666,1.0
final_test,sector,Health Care,platt_relative_risk_score,11,3,0.2727272727272727,0.0528840284273748,0.17866464788880823,1.0,1.0,,,False,matched-cohort diagnostic only,0.3333333333333333,1.0,0.3333333333333333,1.0,0.6666666666666666,1.0
final_test,sector,Industrials,raw_relative_risk_score,3,1,0.3333333333333333,0.04347911529423573,0.1567949635752924,1.0,1.0,-14.820959398493594,9.439286603838486,False,matched-cohort diagnostic only,1.0,1.0,1.0,1.0,1.0,1.0
final_test,sector,Industrials,platt_relative_risk_score,3,1,0.3333333333333333,0.04110794639071166,0.1894121873717148,1.0,1.0,-3.1351032039311564,18.05496579297433,False,matched-cohort diagnostic only,1.0,1.0,1.0,1.0,1.0,1.0
final_test,sector,Materials,raw_relative_risk_score,9,3,0.3333333333333333,0.11745817460687194,0.3363597587399412,0.9444444444444444,0.9166666666666665,-1.2477898207319347,0.9890559626650884,False,matched-cohort diagnostic only,0.3333333333333333,1.0,0.3333333333333333,1.0,0.3333333333333333,1.0
final_test,sector,Materials,platt_relative_risk_score,9,3,0.3333333333333333,0.095503966936826,0.29691624947309314,0.9444444444444444,0.9166666666666665,-0.023336508404426064,1.891813684944553,False,matched-cohort diagnostic only,0.3333333333333333,1.0,0.3333333333333333,1.0,0.3333333333333333,1.0
walk_forward_oof_validation,sector,Communications,raw_relative_risk_score,18,6,0.3333333333333333,0.34238423147688984,1.4473648691624124,0.8611111111111112,0.8477564102564102,-2.1036104605297004,0.38513542542343476,False,matched-cohort diagnostic only,0.16666666666666666,1.0,0.16666666666666666,1.0,0.3333333333333333,1.0
walk_forward_oof_validation,sector,Communications,platt_relative_risk_score,18,6,0.3333333333333333,0.24441018103285245,0.6930847236916269,0.8611111111111112,0.8477564102564102,-1.6268120131661374,0.7366665748717753,False,matched-cohort diagnostic only,0.16666666666666666,1.0,0.16666666666666666,1.0,0.3333333333333333,1.0
walk_forward_oof_validation,sector,Consumer Discretionary,raw_relative_risk_score,41,14,0.34146341463414637,0.1451747242325326,0.6688955823982556,0.8650793650793651,0.7321868141195873,-0.604471226148201,0.35762180179292963,False,matched-cohort diagnostic only,0.07142857142857142,1.0,0.14285714285714285,0.6666666666666666,0.21428571428571427,0.6
walk_forward_oof_validation,sector,Consumer Discretionary,platt_relative_risk_score,41,14,0.34146341463414637,0.14551717255575317,0.4697289703523932,0.8650793650793651,0.7321868141195873,-0.16173470132512383,0.6840399777211462,False,matched-cohort diagnostic only,0.07142857142857142,1.0,0.14285714285714285,0.6666666666666666,0.21428571428571427,0.6
walk_forward_oof_validation,sector,Consumer Staples,raw_relative_risk_score,6,2,0.3333333333333333,0.0024792560291251246,0.04166492013274147,1.0,1.0,-0.036748851535442384,8.036827581660148,False,matched-cohort diagnostic only,0.5,1.0,0.5,1.0,0.5,1.0
walk_forward_oof_validation,sector,Consumer Staples,platt_relative_risk_score,6,2,0.3333333333333333,0.03730179968433064,0.17029676139992525,1.0,1.0,9.912860194298831,15.372416704870464,False,matched-cohort diagnostic only,0.5,1.0,0.5,1.0,0.5,1.0
walk_forward_oof_validation,sector,Energy,raw_relative_risk_score,47,16,0.3404255319148936,0.05960850375690152,0.21736660229893812,0.9778225806451613,0.9566167787965388,-1.2412728167565414,1.110892230055036,False,matched-cohort diagnostic only,0.0625,1.0,0.1875,1.0,0.3125,1.0
walk_forward_oof_validation,sector,Energy,platt_relative_risk_score,47,16,0.3404255319148936,0.06533559566246004,0.23903546625673058,0.9778225806451613,0.9566167787965388,0.13401404473157877,2.124855622581521,False,matched-cohort diagnostic only,0.0625,1.0,0.1875,1.0,0.3125,1.0
walk_forward_oof_validation,sector,Health Care,raw_relative_risk_score,6,2,0.3333333333333333,0.09991867427505578,0.2751419647969178,1.0,1.0,,,False,matched-cohort diagnostic only,0.5,1.0,0.5,1.0,0.5,1.0
walk_forward_oof_validation,sector,Health Care,platt_relative_risk_score,6,2,0.3333333333333333,0.15014085439859867,0.39737338247324167,1.0,1.0,,,False,matched-cohort diagnostic only,0.5,1.0,0.5,1.0,0.5,1.0
walk_forward_oof_validation,sector,Industrials,raw_relative_risk_score,18,6,0.3333333333333333,0.1002472109514459,0.34743404718372134,0.9305555555555555,0.8178571428571427,-0.3134651552498168,0.8209493632583673,False,matched-cohort diagnostic only,0.16666666666666666,1.0,0.16666666666666666,1.0,0.16666666666666666,0.5
walk_forward_oof_validation,sector,Industrials,platt_relative_risk_score,18,6,0.3333333333333333,0.11958082147751233,0.36557578155770226,0.9305555555555555,0.8178571428571427,0.7028718418865614,1.5702683151252563,False,matched-cohort diagnostic only,0.16666666666666666,1.0,0.16666666666666666,1.0,0.16666666666666666,0.5
walk_forward_oof_validation,sector,Materials,raw_relative_risk_score,18,6,0.3333333333333333,0.06898512486714603,0.212380354154537,0.9722222222222223,0.9583333333333333,-2.0573964826452906,2.1237140687135847,False,matched-cohort diagnostic only,0.16666666666666666,1.0,0.16666666666666666,1.0,0.3333333333333333,1.0
walk_forward_oof_validation,sector,Materials,platt_relative_risk_score,18,6,0.3333333333333333,0.07899214432836757,0.2712772920763139,0.9722222222222223,0.9583333333333333,0.5717658944419749,4.062127412159481,False,matched-cohort diagnostic only,0.16666666666666666,1.0,0.16666666666666666,1.0,0.3333333333333333,1.0
walk_forward_oof_validation,sector,Technology,raw_relative_risk_score,15,5,0.3333333333333333,0.10032867027014465,0.3041046654120408,0.94,0.925,0.05306040383409033,0.8157962839435795,False,matched-cohort diagnostic only,0.2,1.0,0.2,1.0,0.4,1.0
walk_forward_oof_validation,sector,Technology,platt_relative_risk_score,15,5,0.3333333333333333,0.10817843850594445,0.34452715311183935,0.94,0.925,1.0630178781994053,1.5604117788570242,False,matched-cohort diagnostic only,0.2,1.0,0.2,1.0,0.4,1.0
walk_forward_oof_validation,sector,Utilities,raw_relative_risk_score,3,1,0.3333333333333333,0.1589703988033748,0.40770326978847987,1.0,1.0,,,False,matched-cohort diagnostic only,1.0,1.0,1.0,1.0,1.0,1.0
walk_forward_oof_validation,sector,Utilities,platt_relative_risk_score,3,1,0.3333333333333333,0.18784202466173275,0.5018316429767044,1.0,1.0,,,False,matched-cohort diagnostic only,1.0,1.0,1.0,1.0,1.0,1.0
